,Attendance,Hours_Studied,Previous_Scores,Tutoring_Sessions,Physical_Activity,Movie_Hours,Sleep_Hours,Social_Media_Addiction_Level,Movie_Addiction,mental_health_rating,age,Social_Media_Hours,Access_to_Resources,Distance_from_Home,Extracurricular_Activities,Family_Income,Gender,Gym_Discipline,Internet_Access,Learning_Disabilities,Motivation_Level,Parental_Education_Level,Parental_Involvement,Peer_Influence,Relationship_Status,School_Type,Teacher_Quality,Exam_Score
0,84,23,73,0,3,0.47000000000000003,7,7,7,6,20,4.7,High,Near,No,Low,Male,Medium,Yes,No,Low,High School,Low,Positive,In Relationship,Public,Medium,67
1,64,19,59,2,4,1.7600000000000002,8,7,7,6,22,4.4,Medium,Moderate,No,Medium,Female,High,Yes,No,Low,College,Low,Negative,Single,Public,Medium,61
2,98,24,91,2,4,1.8,7,5,5,7,20,4.5,Medium,Near,Yes,Medium,Male,High,Yes,No,Medium,Postgraduate,Medium,Neutral,Single,Public,Medium,74
3,89,29,98,1,4,1.52,8,6,6,7,21,3.8,Medium,Moderate,Yes,Medium,Male,High,Yes,No,Medium,High School,Low,Negative,Single,Public,Medium,71
4,92,19,65,3,4,0.32000000000000006,6,5,5,7,21,3.2,Medium,Near,Yes,Medium,Female,High,Yes,No,Medium,College,Medium,Neutral,In Relationship,Public,High,70
5,88,19,89,3,3,1.8800000000000001,8,5,5,7,20,4.7,Medium,Near,Yes,Medium,Male,Medium,Yes,No,Medium,Postgraduate,Medium,Positive,In Relationship,Public,Medium,71
6,84,29,68,1,2,2.12,7,8,8,5,18,5.3,Low,Moderate,Yes,Low,Male,Medium,Yes,No,Low,High School,Medium,Neutral,Single,Private,Medium,67
7,78,25,50,1,2,2.44,6,8,8,5,23,6.1,High,Far,Yes,High,Male,Medium,Yes,No,Medium,High School,Low,Negative,Single,Public,High,66
8,94,17,80,0,1,1.8399999999999999,6,5,5,8,21,4.6,High,Near,No,Medium,Male,Low,Yes,No,High,College,Medium,Neutral,In Relationship,Private,Low,69
9,98,23,71,0,5,3.28,8,9,9,5,20,8.2,Medium,Moderate,Yes,High,Male,High,Yes,No,Medium,High School,Medium,Positive,In Relationship,Public,High,72
10,80,17,88,4,4,1.64,8,7,7,5,20,4.1,High,Moderate,No,Medium,Male,High,No,No,Medium,College,Low,Neutral,Single,Private,High,68
11,97,17,87,2,2,2.04,6,7,7,6,20,5.1,High,Near,Yes,Low,Male,Medium,Yes,No,Low,High School,Medium,Neutral,Single,Private,High,71
12,83,21,97,2,4,1.2800000000000002,8,5,5,7,20,3.2,Medium,Near,Yes,Medium,Male,High,Yes,No,Low,High School,Medium,Positive,In Relationship,Public,Medium,70
13,82,9,72,2,3,0.26,8,4,4,8,23,2.6,Medium,Near,Yes,Medium,Male,Medium,Yes,No,Medium,Postgraduate,Medium,Positive,Single,Private,Medium,66
14,78,10,74,1,4,1.7600000000000002,8,6,6,7,19,4.4,High,Near,Yes,Low,Male,High,Yes,No,Medium,Postgraduate,Medium,Neutral,Single,Private,Medium,65
15,68,17,70,2,4,2.16,8,8,8,5,21,5.4,Medium,Near,No,Medium,Female,High,Yes,No,Medium,High School,Medium,Positive,In Relationship,Private,Medium,64
16,60,14,65,0,3,0.47000000000000003,10,5,5,7,22,4.7,Low,Near,Yes,High,Male,Medium,Yes,No,Low,College,Medium,Positive,In Relationship,Private,Medium,60
17,70,22,82,1,3,1.72,6,5,5,7,19,4.3,Medium,Near,Yes,Low,Female,Medium,Yes,No,Medium,High School,Low,Neutral,Single,Public,High,65
18,80,15,91,3,2,0.54,9,7,7,6,24,5.4,Medium,Moderate,Yes,Low,Female,Medium,Yes,No,Low,College,Medium,Positive,In Relationship,Public,Medium,67
19,75,12,58,3,4,2.8000000000000003,7,9,9,4,19,7,High,Near,Yes,Medium,Male,High,Yes,No,Medium,College,Medium,Positive,In Relationship,Private,Medium,66
20,78,29,99,0,1,0.6000000000000001,5,8,8,5,22,6,Medium,Moderate,No,High,Female,Low,Yes,No,High,High School,Medium,Negative,In Relationship,Public,Medium,69
21,99,19,84,1,3,0.22999999999999998,6,4,4,8,22,2.3,High,Near,No,Medium,Male,Medium,Yes,No,Medium,High School,Medium,Neutral,In Relationship,Public,High,72
22,74,20,89,1,2,0.67,8,8,8,5,21,6.7,High,Moderate,No,Medium,Female,Medium,Yes,No,Low,College,Medium,Negative,In Relationship,Public,Medium,66
23,78,11,100,1,3,1.9600000000000002,8,7,7,6,21,4.9,Medium,Moderate,Yes,Low,Male,Medium,Yes,No,High,High School,High,Neutral,Single,Public,Medium,66
24,65,17,75,2,3,0.48,5,6,6,7,22,4.8,High,Near,Yes,Low,Female,Medium,Yes,No,Medium,High School,Low,Positive,In Relationship,Public,Medium,63
25,62,21,54,0,3,2.64,6,9,9,4,19,6.6,Low,Far,Yes,High,Male,Medium,Yes,No,High,Postgraduate,High,Positive,In Relationship,Public,High,64
26,91,13,90,1,2,2.12,6,7,7,5,19,5.3,Medium,Moderate,No,High,Female,Medium,Yes,Yes,Medium,High School,Low,Negative,Single,Public,Medium,65
27,83,22,94,0,2,1.6,6,7,7,6,22,4,High,Moderate,Yes,High,Male,Medium,Yes,No,Medium,College,High,Neutral,Single,Public,Medium,71
28,90,16,58,1,3,1.9600000000000002,4,8,8,5,21,4.9,Medium,Moderate,No,Low,Female,Medium,Yes,No,Medium,High School,Medium,Neutral,In Relationship,Public,Medium,66
29,66,18,51,2,2,0.25,4,4,4,8,23,2.5,High,Near,No,Low,Male,Medium,Yes,No,Low,College,High,Neutral,In Relationship,Private,Medium,64
30,83,16,57,0,4,2.68,6,9,9,4,19,6.7,Medium,Near,No,High,Female,High,Yes,Yes,Medium,High School,Low,Positive,Single,Public,Low,63
31,70,31,66,1,3,0.5599999999999999,7,7,7,6,19,5.6,High,Near,Yes,High,Male,Medium,Yes,No,Medium,College,Medium,Negative,Single,Public,Medium,69
32,69,20,96,2,3,0.96,8,4,4,8,20,2.4,Medium,Near,Yes,Medium,Male,Medium,Yes,No,Medium,High School,Medium,Positive,Single,Public,High,67
33,60,14,50,2,3,1.8399999999999999,5,7,7,6,19,4.6,Medium,Near,No,Medium,Female,Medium,Yes,No,Medium,College,High,Neutral,Complicated,Public,Medium,61
34,65,25,90,2,3,2.44,5,7,7,6,20,6.1,Medium,Moderate,No,Medium,Female,Medium,Yes,No,Medium,College,High,Positive,Single,Public,Medium,68
35,72,13,93,1,3,2.32,6,7,7,6,22,5.8,Medium,Near,No,Low,Male,Medium,Yes,No,Low,High School,Low,Negative,Single,Public,Medium,61
36,65,21,91,2,3,1.6,7,7,7,6,22,4,Low,Far,Yes,Medium,Female,Medium,Yes,No,Low,High School,Medium,Positive,Single,Public,High,64
37,99,8,54,2,5,0.6200000000000001,9,8,8,5,22,6.2,Medium,Near,No,Low,Female,High,Yes,No,Low,Postgraduate,Medium,Neutral,Single,Public,Medium,67
38,72,12,84,1,5,2,8,8,8,6,21,5,Medium,Near,Yes,Low,Female,High,Yes,No,Medium,High School,Low,Positive,In Relationship,Public,Medium,63
39,65,21,98,1,4,0.42000000000000004,6,4,4,8,19,4.2,Medium,Near,Yes,Medium,Male,High,Yes,No,Low,High School,Low,Negative,Single,Public,High,64
40,68,24,56,3,1,1.2800000000000002,8,4,4,8,20,3.2,Medium,Near,No,High,Male,Low,Yes,No,Low,College,High,Neutral,Single,Public,High,67
41,84,21,52,1,2,2.84,6,8,8,5,20,7.1,Medium,Far,Yes,Medium,Female,Medium,Yes,Yes,Low,College,Medium,Neutral,In Relationship,Public,High,65
42,63,19,94,1,3,0.47000000000000003,7,5,5,7,22,4.7,High,Moderate,No,Medium,Male,Medium,Yes,No,Medium,High School,Low,Positive,Single,Private,Medium,64
43,94,18,82,3,2,2.04,7,7,7,6,19,5.1,High,Near,Yes,Medium,Male,Medium,Yes,Yes,Medium,College,Medium,Negative,Single,Private,Medium,70
44,98,11,82,1,3,1.72,9,5,5,7,19,4.3,Medium,Far,Yes,Medium,Male,Medium,Yes,No,Low,Postgraduate,Medium,Positive,Single,Private,Medium,68
45,70,16,98,2,3,0.9199999999999999,8,4,4,8,19,2.3,Medium,Moderate,Yes,Medium,Male,Medium,Yes,No,Medium,High School,Medium,Positive,Single,Public,Medium,65
46,78,17,88,1,3,1.92,6,5,5,7,20,4.8,Medium,Near,Yes,Medium,Female,Medium,Yes,No,Medium,College,Medium,Positive,In Relationship,Private,High,68
47,61,26,70,2,3,2.12,6,8,8,5,18,5.3,Low,Moderate,Yes,Low,Female,Medium,Yes,No,Medium,High School,Medium,Positive,Single,Public,Medium,64
48,86,22,72,3,2,1.9600000000000002,7,7,7,5,20,4.9,Medium,Moderate,Yes,Low,Male,Medium,Yes,No,Low,High School,Low,Positive,Single,Public,High,68
49,77,9,57,2,3,2.16,5,7,7,5,21,5.4,Medium,Near,No,Medium,Male,Medium,Yes,No,Medium,High School,Medium,Neutral,Single,Public,High,63
50,71,22,65,1,4,0.6200000000000001,7,7,7,6,22,6.2,Medium,Moderate,Yes,Medium,Male,High,Yes,No,Low,College,Low,Positive,Single,Public,Low,64
51,68,18,72,0,3,0.55,7,7,7,6,24,5.5,Medium,Near,No,Medium,Male,Medium,Yes,No,Medium,College,High,Neutral,In Relationship,Public,Medium,64
52,86,16,63,2,4,0.37000000000000005,8,5,5,7,22,3.7,Medium,Near,Yes,Medium,Male,High,Yes,No,Medium,High School,Low,Positive,In Relationship,Public,Medium,67
53,77,24,96,0,3,2.6,8,9,9,5,18,6.5,Low,Near,No,Medium,Female,Medium,Yes,No,Medium,High School,High,Neutral,Single,Public,Medium,67
54,67,26,51,2,4,2.16,7,7,7,5,21,5.4,High,Far,Yes,High,Female,High,Yes,Yes,Low,Postgraduate,Medium,Neutral,Single,Private,High,66
55,88,26,79,1,4,2.12,5,7,7,6,21,5.3,High,Moderate,Yes,Low,Male,High,Yes,No,Medium,College,Medium,Positive,Single,Private,High,72
56,83,15,89,1,2,2.2800000000000002,5,7,7,6,19,5.7,High,Near,No,Medium,Female,Medium,No,Yes,Low,High School,Medium,Neutral,Single,Public,High,65
57,94,18,87,1,4,2.08,6,7,7,6,22,5.2,Medium,Near,Yes,Medium,Male,High,Yes,No,High,High School,Medium,Positive,Single,Public,Medium,71
58,65,22,82,2,1,1.8800000000000001,8,7,7,6,19,4.7,Low,Near,No,Medium,Female,Low,Yes,No,Medium,Postgraduate,High,Positive,Complicated,Public,High,66
59,91,26,71,0,3,2.8800000000000003,8,9,9,5,20,7.2,Low,Moderate,Yes,Low,Male,Medium,Yes,No,Medium,High School,Medium,Neutral,In Relationship,Private,Medium,68
60,87,17,96,1,5,1.04,7,4,4,8,20,2.6,Medium,Near,No,High,Female,High,Yes,No,Medium,Postgraduate,Medium,Negative,Single,Public,Medium,70
61,65,19,66,0,3,0.66,10,7,7,6,22,6.6,Medium,Moderate,Yes,Low,Male,Medium,Yes,No,Low,High School,Medium,Positive,Single,Public,Medium,62
62,88,13,88,2,4,0.68,9,8,8,5,19,6.8,High,Far,Yes,Low,Male,High,Yes,No,High,Postgraduate,Low,Negative,In Relationship,Private,High,68
63,78,13,96,2,3,1.8800000000000001,9,7,7,6,19,4.7,High,Moderate,Yes,Low,Male,Medium,Yes,No,High,College,Medium,Neutral,In Relationship,Public,Medium,67
64,98,25,56,0,3,1.6,8,7,7,5,21,4,High,Near,Yes,Medium,Male,Medium,No,No,Medium,Postgraduate,Low,Neutral,In Relationship,Private,High,71
65,66,28,97,0,2,0.30000000000000004,8,4,4,8,21,3,High,Near,Yes,Medium,Male,Medium,Yes,No,Medium,High School,Medium,Neutral,In Relationship,Public,Medium,68
66,86,20,89,1,3,0.39,8,5,5,7,21,3.9,Medium,Near,Yes,Low,Male,Medium,Yes,No,Medium,Postgraduate,Medium,Negative,In Relationship,Public,Medium,69
67,75,26,81,3,2,0.6200000000000001,4,7,7,6,22,6.2,High,Moderate,Yes,Medium,Male,Medium,Yes,No,High,High School,Low,Positive,Single,Private,High,70
68,98,22,69,1,4,0.21000000000000002,5,3,3,8,22,2.1,High,Moderate,No,Low,Female,High,No,No,Low,High School,Medium,Negative,Single,Public,High,69
69,73,16,95,1,4,1.8800000000000001,7,7,7,6,21,4.7,Medium,Near,No,Low,Male,High,Yes,No,Medium,College,Medium,Negative,Single,Public,Medium,65
70,98,22,52,3,3,0.61,7,7,7,6,21,6.1,Low,Near,Yes,Medium,Female,Medium,No,No,Medium,College,Medium,Positive,Single,Public,Medium,70
71,96,29,72,1,3,1.92,7,7,7,6,19,4.8,Low,Moderate,Yes,Low,Male,Medium,Yes,No,Medium,High School,Medium,Positive,In Relationship,Public,Medium,71
72,71,20,88,1,4,3.3200000000000003,7,9,9,5,19,8.3,Medium,Near,Yes,Low,Female,High,Yes,No,Medium,College,Medium,Neutral,In Relationship,Public,Low,65
73,92,29,91,2,1,0.5599999999999999,4,7,7,6,21,5.6,Medium,Near,No,Medium,Female,Low,Yes,No,Medium,Postgraduate,Low,Negative,In Relationship,Public,Medium,72
74,100,4,60,0,4,0.32000000000000006,8,4,4,8,21,3.2,High,Moderate,Yes,Medium,Male,High,Yes,No,High,College,High,Positive,In Relationship,Private,High,69
75,70,25,52,1,3,0.6000000000000001,7,7,7,6,22,6,Medium,Near,No,Medium,Female,Medium,Yes,No,Medium,Postgraduate,Medium,Positive,Single,Public,Medium,66
76,77,21,90,4,3,0.48,7,6,6,7,21,4.8,Medium,Moderate,Yes,Medium,Male,Medium,Yes,No,Medium,Postgraduate,Low,Neutral,In Relationship,Private,Medium,68
77,81,18,71,0,3,1.92,8,8,8,6,21,4.8,Low,Moderate,Yes,Medium,Female,Medium,Yes,No,Medium,High School,High,Neutral,In Relationship,Public,Medium,65
78,72,21,57,1,5,0.52,5,7,7,6,21,5.2,Medium,Moderate,Yes,High,Male,High,Yes,Yes,Medium,College,Medium,Neutral,In Relationship,Public,Medium,64
79,61,8,54,1,3,1.8,7,5,5,7,20,4.5,Medium,Near,Yes,High,Male,Medium,Yes,No,Medium,College,Medium,Positive,Single,Public,Medium,60
80,69,19,82,1,2,1.6800000000000002,7,7,7,6,22,4.2,High,Near,Yes,Low,Male,Medium,Yes,No,High,High School,Medium,Negative,Single,Public,Medium,65
81,71,22,79,1,3,0.26,6,4,4,8,21,2.6,Medium,Near,No,Low,Male,Medium,Yes,No,High,High School,High,Positive,In Relationship,Public,Low,66
82,78,29,93,5,3,0.45999999999999996,4,5,5,7,22,4.6,High,Near,Yes,Medium,Male,Medium,Yes,No,Low,College,High,Neutral,In Relationship,Public,High,74
83,67,17,52,2,3,2.72,5,9,9,4,23,6.8,Medium,Far,Yes,Medium,Female,Medium,Yes,No,High,High School,Medium,Negative,Single,Private,Medium,62
84,95,15,93,2,4,1.36,7,4,4,8,22,3.4,Medium,Moderate,No,Low,Male,High,Yes,No,Medium,College,Medium,Positive,Single,Public,Medium,70
85,88,17,94,0,3,0.5700000000000001,7,7,7,6,21,5.7,High,Near,Yes,Medium,Male,Medium,Yes,No,Low,High School,Medium,Neutral,Single,Public,Medium,69
86,63,25,72,3,4,0.24,7,4,4,8,24,2.4,High,Far,Yes,Medium,Male,High,Yes,No,Medium,College,Medium,Negative,Complicated,Private,High,67
87,86,22,54,2,0,2.5600000000000005,6,8,8,6,19,6.4,Low,Moderate,No,Medium,Male,Low,Yes,No,Medium,High School,Low,Neutral,Single,Public,Medium,64
88,86,17,97,3,3,1.72,5,7,7,5,22,4.3,High,Near,No,High,Male,Medium,Yes,No,High,College,Medium,Neutral,In Relationship,Public,Medium,71
89,98,23,54,0,3,1.92,7,7,7,6,22,4.8,Low,Near,Yes,Medium,Female,Medium,Yes,No,Low,College,Medium,Negative,Single,Public,Medium,68
90,60,21,80,0,4,1.2800000000000002,7,6,6,7,19,3.2,Medium,Near,No,Medium,Male,High,Yes,Yes,Medium,College,High,Neutral,Single,Public,High,64
91,70,26,75,1,4,0.22999999999999998,8,4,4,8,24,2.3,Low,Far,Yes,Medium,Female,High,Yes,Yes,Medium,High School,Medium,Neutral,In Relationship,Private,Low,63
92,97,16,92,0,4,0.47000000000000003,6,7,7,6,22,4.7,Medium,Near,Yes,High,Male,High,Yes,No,Low,College,Medium,Positive,Single,Private,Medium,71
93,97,18,75,0,3,1.4800000000000002,4,5,5,7,21,3.7,Medium,Moderate,Yes,Low,Male,Medium,Yes,No,Low,High School,High,Positive,In Relationship,Public,Medium,69
94,89,18,73,3,2,0.22999999999999998,4,3,3,8,23,2.3,Medium,Near,Yes,High,Female,Medium,Yes,No,Medium,College,High,Positive,In Relationship,Private,Medium,100
95,91,11,94,3,3,0.6000000000000001,6,7,7,6,19,6,Medium,Moderate,No,Medium,Male,Medium,Yes,No,Medium,College,Medium,Neutral,Single,Public,Medium,68
96,64,22,98,1,3,0.6000000000000001,7,8,8,5,22,6,Medium,Near,No,Medium,Male,Medium,No,No,Low,High School,Low,Negative,In Relationship,Public,Medium,62
97,81,22,77,2,3,0.51,7,8,8,5,22,5.1,Medium,Far,Yes,Medium,Female,Medium,Yes,No,Low,Postgraduate,Medium,Positive,Single,Public,Medium,68
98,69,20,73,2,3,2.2800000000000002,6,7,7,6,23,5.7,High,Far,Yes,Low,Male,Medium,Yes,No,Medium,High School,High,Positive,Single,Private,Medium,66
99,67,19,92,0,3,0.25,5,4,4,8,22,2.5,Medium,Near,No,Medium,Male,Medium,Yes,No,High,College,Low,Positive,In Relationship,Public,Medium,64
100,92,12,92,2,3,1.6800000000000002,4,7,7,6,20,4.2,Medium,Moderate,No,Medium,Male,Medium,Yes,Yes,High,High School,Medium,Neutral,Complicated,Public,High,67
101,65,17,66,1,4,2.12,8,7,7,6,19,5.3,High,Moderate,Yes,High,Female,High,Yes,Yes,Medium,Postgraduate,Medium,Neutral,Single,Public,High,65
102,79,18,79,0,3,1.1199999999999999,7,5,5,7,20,2.8,Medium,Far,Yes,Low,Male,Medium,Yes,No,Medium,College,Medium,Neutral,In Relationship,Private,High,65
103,98,15,58,0,3,2.7600000000000002,6,8,8,5,21,6.9,Medium,Near,No,Low,Male,Medium,Yes,No,High,College,High,Positive,Single,Public,High,69
104,67,19,82,1,3,0.33,5,4,4,8,22,3.3,Medium,Near,No,Low,Male,Medium,Yes,No,High,High School,Medium,Negative,In Relationship,Private,Low,63
105,99,22,92,3,4,2.3600000000000003,6,7,7,6,19,5.9,Low,Moderate,Yes,Medium,Male,High,Yes,No,Low,Postgraduate,Medium,Negative,Single,Public,Medium,72
106,100,31,59,2,5,1.4400000000000002,7,5,5,7,20,3.6,Medium,Moderate,No,High,Male,High,Yes,No,Medium,Postgraduate,Medium,Positive,In Relationship,Public,High,76
107,82,21,66,3,3,0.30000000000000004,7,3,3,8,19,3,High,Near,Yes,Low,Female,Medium,Yes,Yes,High,College,Medium,Positive,Single,Public,Medium,69
108,67,22,72,3,2,1.6,7,5,5,7,20,4,Medium,Moderate,Yes,Low,Female,Medium,Yes,No,High,Postgraduate,Medium,Positive,In Relationship,Public,High,67
109,73,20,92,2,3,1.4800000000000002,9,7,7,6,21,3.7,Medium,Near,Yes,Medium,Male,Medium,Yes,No,Medium,College,High,Positive,Single,Public,High,69
110,77,8,87,0,2,0.47000000000000003,6,5,5,7,20,4.7,Medium,Moderate,Yes,Low,Male,Medium,Yes,No,Medium,High School,High,Neutral,In Relationship,Public,Medium,63
111,72,20,66,3,3,0.22999999999999998,9,4,4,8,24,2.3,Medium,Near,No,Low,Male,Medium,Yes,No,Medium,Postgraduate,Medium,Positive,In Relationship,Private,High,67
112,71,20,62,2,5,1.7600000000000002,7,7,7,6,20,4.4,High,Near,Yes,Medium,Male,High,Yes,No,High,College,Low,Negative,In Relationship,Public,Medium,66
113,99,35,85,2,2,1.9600000000000002,7,8,8,5,19,4.9,High,Near,Yes,Medium,Female,Medium,Yes,No,Low,Postgraduate,High,Neutral,Single,Private,High,79
114,66,19,74,1,3,0.45,8,5,5,7,19,4.5,Medium,Near,No,High,Female,Medium,Yes,No,Medium,High School,Medium,Neutral,Single,Public,Medium,64
115,89,22,80,1,3,2.16,6,8,8,5,18,5.4,High,Near,Yes,High,Female,Medium,Yes,No,Medium,High School,High,Positive,Complicated,Public,High,73
116,60,20,82,2,4,2.2,7,8,8,5,20,5.5,High,Near,No,Low,Male,High,Yes,Yes,High,High School,Low,Positive,Single,Public,High,63
117,84,13,78,1,2,1.52,5,4,4,8,20,3.8,Medium,Near,No,Low,Male,Medium,Yes,No,Medium,High School,Medium,Positive,Single,Public,High,65
118,97,27,81,0,5,3.04,8,9,9,5,20,7.6,High,Near,Yes,High,Female,High,Yes,No,Medium,High School,Low,Positive,In Relationship,Public,Medium,73
119,72,25,94,2,4,0.7200000000000001,8,9,9,4,22,7.2,High,Moderate,Yes,Low,Female,High,Yes,No,Low,College,High,Positive,Single,Private,Medium,70
120,67,25,93,2,3,1.8399999999999999,9,7,7,6,20,4.6,Medium,Near,No,Low,Female,Medium,Yes,Yes,High,High School,High,Positive,Single,Public,High,68
121,86,15,57,1,3,0.48,7,5,5,7,23,4.8,Medium,Near,Yes,Medium,Male,Medium,Yes,No,Medium,College,Medium,Negative,In Relationship,Public,Medium,65
122,89,28,79,0,1,2.7600000000000002,9,8,8,5,20,6.9,High,Moderate,Yes,Low,Female,Low,Yes,No,High,College,Low,Positive,In Relationship,Private,Medium,71
123,88,12,72,2,2,0.48,6,5,5,7,24,4.8,Medium,Far,No,Medium,Male,Medium,Yes,No,Low,College,Low,Positive,In Relationship,Public,Medium,64
124,73,24,64,4,3,0.26,8,4,4,8,21,2.6,High,Moderate,Yes,High,Male,Medium,Yes,Yes,Medium,College,Medium,Neutral,In Relationship,Private,Medium,68
125,70,33,82,1,4,0.45999999999999996,6,5,5,7,24,4.6,Medium,Near,Yes,Low,Male,High,Yes,No,Low,College,Medium,Neutral,In Relationship,Public,High,69
126,98,14,76,0,4,0.45,7,7,7,6,21,4.5,Medium,Moderate,No,Medium,Female,High,Yes,No,Medium,College,Medium,Positive,In Relationship,Private,High,69
127,97,17,89,1,4,1.52,8,7,7,5,21,3.8,Medium,Far,No,Low,Male,High,Yes,No,Medium,High School,Medium,Neutral,In Relationship,Public,Medium,69
128,78,21,55,1,2,1.52,10,4,4,8,20,3.8,Medium,Near,Yes,High,Male,Medium,Yes,No,Medium,College,Medium,Positive,Single,Private,Low,67
129,94,17,65,4,6,0.63,8,7,7,6,21,6.3,Medium,Far,Yes,Medium,Female,High,Yes,No,Low,High School,Low,Neutral,Single,Public,Medium,68
130,78,11,51,2,3,1.6800000000000002,8,6,6,7,19,4.2,High,Near,Yes,Low,Male,Medium,Yes,No,Medium,Postgraduate,Medium,Neutral,Single,Public,Medium,64
131,77,20,87,0,4,0.44000000000000006,6,5,5,7,20,4.4,Medium,Near,No,Low,Female,High,Yes,No,Low,High School,Medium,Positive,Single,Public,High,66
132,66,14,96,3,3,1.4800000000000002,7,5,5,7,21,3.7,Low,Near,No,Low,Male,Medium,Yes,No,Medium,High School,High,Negative,In Relationship,Public,High,63
133,77,23,79,0,2,0.42000000000000004,7,6,6,7,21,4.2,Medium,Moderate,Yes,Low,Male,Medium,Yes,No,Medium,High School,Medium,Neutral,In Relationship,Public,High,66
134,81,14,81,1,3,1.52,9,7,7,6,19,3.8,Medium,Near,No,Low,Female,Medium,Yes,No,Medium,Postgraduate,Medium,Negative,Single,Private,High,66
135,61,29,52,3,3,0.45999999999999996,7,5,5,7,21,4.6,High,Near,Yes,Low,Female,Medium,Yes,No,Low,College,Medium,Positive,In Relationship,Private,Medium,67
136,78,15,75,1,1,1.6800000000000002,9,5,5,7,21,4.2,High,Near,No,Low,Male,Low,Yes,No,Low,High School,High,Negative,In Relationship,Public,Medium,65
137,91,18,76,1,3,0.37000000000000005,5,3,3,8,19,3.7,Medium,Near,Yes,Medium,Female,Medium,Yes,No,Medium,High School,Low,Neutral,Single,Public,Medium,68
138,87,25,52,1,2,1.64,9,6,6,7,22,4.1,Low,Near,No,Low,Male,Medium,Yes,No,High,High School,Medium,Positive,In Relationship,Private,High,68
139,85,13,89,0,1,1.9600000000000002,6,7,7,6,19,4.9,Medium,Near,No,High,Male,Low,Yes,Yes,Medium,High School,High,Neutral,Single,Private,Medium,65
140,96,21,64,2,0,0.9199999999999999,8,4,4,8,19,2.3,Medium,Near,No,Medium,Male,Low,Yes,No,High,College,Medium,Neutral,Single,Public,High,71
141,61,28,86,1,3,3.04,6,9,9,5,20,7.6,High,Far,No,Low,Male,Medium,Yes,Yes,High,Postgraduate,Medium,Negative,In Relationship,Private,Medium,65
142,82,10,70,3,1,0.47000000000000003,8,5,5,7,20,4.7,Low,Near,No,Low,Female,Low,Yes,Yes,Medium,Postgraduate,Medium,Positive,In Relationship,Public,High,64
143,91,21,100,0,2,1.7600000000000002,6,5,5,7,21,4.4,Medium,Near,No,High,Female,Medium,Yes,No,Medium,Postgraduate,High,Neutral,In Relationship,Private,Medium,72
144,82,22,61,2,2,0.5,9,5,5,7,20,5,Medium,Near,No,Low,Female,Medium,Yes,Yes,Medium,High School,Medium,Negative,Single,Public,Medium,65
145,73,25,53,0,5,0.58,8,7,7,6,19,5.8,High,Near,No,Low,Female,High,No,No,High,Postgraduate,Medium,Negative,Single,Private,High,66
146,65,13,99,0,4,2.2399999999999998,6,8,8,5,20,5.6,High,Near,No,Low,Male,High,Yes,No,Medium,High School,Low,Negative,Complicated,Private,Medium,61
147,96,12,62,2,3,2.12,8,7,7,6,19,5.3,High,Near,Yes,Medium,Female,Medium,Yes,No,Medium,College,Low,Negative,Single,Public,High,68
148,79,23,82,3,3,1.8399999999999999,8,7,7,6,20,4.6,High,Moderate,Yes,Medium,Female,Medium,Yes,Yes,Low,Postgraduate,High,Negative,In Relationship,Public,Medium,69
149,95,22,69,1,3,2.2800000000000002,6,7,7,6,19,5.7,High,Near,Yes,Low,Female,Medium,Yes,No,Medium,College,Medium,Positive,Single,Public,Medium,72
150,83,22,82,2,3,0.51,5,6,6,6,20,5.1,High,Near,Yes,Low,Female,Medium,Yes,No,Medium,Postgraduate,Medium,Positive,In Relationship,Public,High,71
151,87,22,80,2,3,1.8,5,7,7,6,21,4.5,High,Near,No,Low,Female,Medium,Yes,No,Low,High School,High,Negative,Complicated,Public,High,70
152,92,16,85,1,2,0.65,5,8,8,5,22,6.5,High,Moderate,Yes,Low,Male,Medium,Yes,No,Low,High School,Medium,Neutral,Single,Public,Medium,68
153,86,21,51,2,2,2.32,5,7,7,6,22,5.8,Medium,Moderate,Yes,Low,Female,Medium,Yes,No,Medium,High School,Low,Positive,Single,Public,High,67
154,76,22,92,1,4,2.8000000000000003,8,8,8,5,19,7,Medium,Near,Yes,Low,Female,High,Yes,No,Medium,High School,Medium,Neutral,In Relationship,Public,High,68
155,81,16,74,3,2,0.7200000000000001,8,9,9,4,22,7.2,Medium,Near,Yes,Medium,Female,Medium,Yes,No,Medium,Postgraduate,Medium,Positive,Single,Public,Medium,68
156,92,31,76,2,4,0.63,4,8,8,5,22,6.3,Medium,Far,Yes,Medium,Male,High,Yes,Yes,Medium,High School,Medium,Positive,Single,Public,High,72
157,75,23,71,0,2,1.7600000000000002,6,7,7,6,20,4.4,High,Near,No,Medium,Male,Medium,Yes,No,Low,College,Low,Neutral,In Relationship,Public,Medium,65
158,76,13,99,2,4,2.52,5,8,8,5,21,6.3,High,Near,No,Medium,Female,High,Yes,No,Low,High School,Medium,Positive,Single,Private,Medium,66
159,64,24,90,0,3,0.6000000000000001,8,7,7,6,22,6,Medium,Near,Yes,Low,Male,Medium,Yes,No,High,High School,Medium,Negative,Single,Public,High,65
160,97,14,66,2,3,2.08,6,7,7,6,22,5.2,Medium,Near,Yes,Medium,Female,Medium,Yes,Yes,Medium,College,Medium,Negative,Single,Public,Medium,67
161,64,25,89,2,4,2.04,5,7,7,6,20,5.1,High,Far,No,Medium,Male,High,Yes,No,Low,College,Medium,Neutral,Single,Public,Medium,66
162,86,27,72,1,4,0.45,7,5,5,7,20,4.5,Medium,Far,No,Medium,Male,High,Yes,No,Low,High School,Medium,Positive,In Relationship,Public,High,69
163,77,15,94,0,3,0.55,8,7,7,6,21,5.5,Medium,Moderate,Yes,High,Male,Medium,Yes,No,Low,College,Medium,Positive,Single,Public,High,66
164,76,26,52,4,3,0.58,6,7,7,6,22,5.8,High,Near,Yes,High,Male,Medium,Yes,No,Medium,High School,Medium,Neutral,Single,Public,Low,69
165,87,22,68,0,2,1.36,7,6,6,7,19,3.4,Low,Near,Yes,Low,Male,Medium,No,No,Medium,High School,High,Neutral,Single,Public,Medium,67
166,63,25,71,1,3,0.47000000000000003,6,5,5,7,20,4.7,Medium,Near,Yes,Medium,Male,Medium,Yes,No,Medium,High School,High,Positive,In Relationship,Private,Low,66
167,84,31,87,2,3,2,9,8,8,6,21,5,Medium,Far,Yes,Low,Male,Medium,Yes,No,Medium,College,Medium,Neutral,In Relationship,Private,Medium,71
168,91,19,59,5,4,0.38,6,3,3,8,19,3.8,Low,Moderate,No,Medium,Male,High,Yes,No,Medium,College,High,Neutral,Single,Public,High,70
169,93,15,64,2,4,1.32,6,4,4,8,19,3.3,Medium,Near,No,Medium,Male,High,Yes,No,Medium,Postgraduate,High,Positive,Single,Public,High,71
170,67,15,86,1,3,2.92,7,9,9,5,19,7.3,Medium,Near,Yes,High,Male,Medium,Yes,No,High,Postgraduate,Medium,Positive,In Relationship,Private,Medium,66
171,96,15,54,3,2,0.45999999999999996,7,6,6,6,20,4.6,Medium,Near,No,Medium,Male,Medium,No,No,High,High School,Medium,Negative,Single,Public,High,67
172,86,20,60,1,4,0.48,8,5,5,7,23,4.8,Low,Far,No,Medium,Female,High,Yes,Yes,Medium,College,High,Neutral,In Relationship,Public,Medium,66
173,95,22,88,0,2,0.55,9,7,7,6,20,5.5,High,Near,No,Low,Male,Medium,Yes,No,Low,Postgraduate,Medium,Positive,In Relationship,Public,High,72
174,79,22,94,1,3,0.5,9,6,6,6,20,5,Medium,Near,No,Medium,Male,Medium,Yes,No,Medium,High School,Medium,Positive,In Relationship,Public,Medium,68
175,82,25,86,3,3,1.6800000000000002,6,5,5,7,20,4.2,Medium,Near,No,Low,Female,Medium,No,No,Medium,High School,Medium,Positive,In Relationship,Public,High,69
176,97,20,76,2,3,1.6800000000000002,7,7,7,6,22,4.2,Medium,Near,Yes,Low,Male,Medium,Yes,No,Low,Postgraduate,Medium,Positive,Single,Private,Low,71
177,96,29,55,0,2,1.72,9,7,7,6,20,4.3,Medium,Far,Yes,Medium,Female,Medium,No,No,Low,Postgraduate,Medium,Neutral,Single,Public,Medium,70
178,78,18,91,2,4,0.6200000000000001,9,8,8,5,21,6.2,Medium,Far,No,High,Female,High,Yes,No,High,College,Medium,Neutral,Single,Public,Low,67
179,71,36,56,2,2,0.45999999999999996,6,7,7,6,21,4.6,Medium,Far,Yes,High,Male,Medium,Yes,No,Medium,High School,Medium,Positive,In Relationship,Public,Medium,69
180,76,24,69,2,1,1.8399999999999999,8,5,5,7,20,4.6,High,Moderate,No,Medium,Male,Low,Yes,No,Low,High School,Low,Neutral,In Relationship,Public,Medium,65
181,76,15,53,1,4,0.38,8,3,3,8,19,3.8,High,Near,No,Low,Male,High,Yes,No,Medium,College,High,Neutral,Single,Public,Medium,65
182,71,14,85,2,4,2.2800000000000002,8,8,8,5,21,5.7,Medium,Near,Yes,Medium,Male,High,Yes,No,Low,High School,Medium,Neutral,In Relationship,Public,High,64
183,71,23,75,1,2,0.48,9,5,5,7,23,4.8,Low,Near,Yes,Low,Male,Medium,Yes,No,Low,College,Low,Negative,In Relationship,Public,Medium,63
184,94,19,95,3,2,0.47000000000000003,5,5,5,7,22,4.7,Medium,Moderate,Yes,Low,Male,Medium,Yes,No,Medium,High School,Low,Positive,In Relationship,Public,Low,69
185,63,24,57,1,5,0.63,6,8,8,5,21,6.3,Low,Near,Yes,Low,Female,High,Yes,No,Medium,College,Medium,Neutral,In Relationship,Private,High,64
186,87,23,91,0,3,1.72,8,5,5,7,23,4.3,High,Moderate,Yes,High,Male,Medium,Yes,No,High,High School,High,Positive,In Relationship,Private,Medium,72
187,67,20,76,0,4,0.71,7,9,9,4,21,7.1,Medium,Near,Yes,Medium,Male,High,Yes,No,Medium,High School,Low,Neutral,Single,Public,Medium,63
188,74,15,68,3,3,0.25,4,4,4,8,22,2.5,High,Near,Yes,Low,Female,Medium,Yes,No,Low,High School,Low,Positive,In Relationship,Public,Medium,64
189,62,11,82,3,4,0.35000000000000003,5,3,3,8,19,3.5,High,Moderate,Yes,High,Male,High,Yes,No,Medium,College,Medium,Neutral,Single,Private,Medium,64
190,71,17,90,5,1,2.3600000000000003,8,7,7,6,24,5.9,Medium,Far,Yes,Medium,Male,Low,Yes,No,Medium,Postgraduate,Medium,Positive,Single,Public,Medium,67
191,91,25,72,2,0,0.49000000000000005,8,5,5,7,19,4.9,Medium,Near,No,Medium,Male,Low,Yes,No,Low,Postgraduate,Medium,Positive,Single,Public,High,71
192,95,21,62,1,4,3.4000000000000004,5,9,9,5,19,8.5,Medium,Near,No,Medium,Male,High,Yes,No,High,High School,Medium,Positive,In Relationship,Public,Low,70
193,69,13,96,0,4,0.27999999999999997,9,4,4,8,21,2.8,Low,Far,Yes,High,Female,High,Yes,No,Low,High School,Medium,Neutral,In Relationship,Private,Medium,61
194,79,21,66,2,4,1.64,7,6,6,7,22,4.1,High,Moderate,Yes,Low,Male,High,Yes,No,Low,College,Medium,Negative,In Relationship,Public,Medium,67
195,79,22,100,4,3,0.43,5,5,5,7,22,4.3,Medium,Near,No,High,Male,Medium,Yes,No,Medium,College,High,Negative,In Relationship,Public,High,72
196,95,15,88,1,5,1.92,6,6,6,7,21,4.8,Low,Near,Yes,Low,Male,High,Yes,No,Low,High School,Low,Negative,Single,Public,Medium,66
197,91,21,84,1,2,1.9600000000000002,5,7,7,6,21,4.9,High,Near,Yes,High,Male,Medium,Yes,No,Medium,High School,Medium,Neutral,Single,Public,Low,70
198,81,20,51,3,4,2.9600000000000004,6,9,9,5,20,7.4,Medium,Near,Yes,Medium,Male,High,No,Yes,High,High School,High,Neutral,In Relationship,Public,Medium,67
199,87,13,72,2,3,0.49000000000000005,4,5,5,7,19,4.9,Low,Moderate,Yes,Medium,Female,Medium,Yes,No,Medium,High School,High,Neutral,Single,Public,High,67
200,94,22,75,2,2,0.48,7,5,5,7,24,4.8,Medium,Near,Yes,High,Female,Medium,Yes,No,High,College,Low,Neutral,In Relationship,Public,Medium,71
201,60,23,69,1,4,2.8000000000000003,8,9,9,4,24,7,Medium,Near,Yes,Low,Male,High,Yes,No,Medium,College,High,Positive,Single,Private,Medium,66
202,76,26,57,1,4,0.30000000000000004,5,4,4,8,21,3,Medium,Near,Yes,Medium,Male,High,Yes,No,Medium,High School,Medium,Positive,In Relationship,Public,Medium,68
203,96,26,68,3,3,2.2800000000000002,7,7,7,6,19,5.7,Medium,Near,Yes,High,Female,Medium,Yes,No,Medium,College,Medium,Positive,Single,Private,Medium,74
204,90,12,54,1,3,0.49000000000000005,6,5,5,7,19,4.9,Low,Near,Yes,High,Male,Medium,No,No,Medium,High School,Medium,Neutral,Single,Public,Medium,64
205,82,14,65,1,3,0.21000000000000002,8,3,3,8,22,2.1,Medium,Near,No,Low,Male,Medium,Yes,No,Medium,College,Medium,Positive,Single,Private,Medium,65
206,81,23,54,1,3,2.8800000000000003,4,9,9,4,19,7.2,Medium,Near,Yes,Low,Male,Medium,Yes,No,Medium,College,Low,Neutral,Single,Public,Medium,66
207,74,23,88,0,3,1.8,8,8,8,6,22,4.5,High,Near,Yes,Medium,Male,Medium,Yes,Yes,Low,High School,Medium,Negative,In Relationship,Public,High,66
208,81,23,84,2,5,0.61,4,7,7,6,21,6.1,Low,Near,No,Medium,Male,High,Yes,No,Medium,High School,Medium,Positive,Single,Public,Medium,68
209,86,43,97,2,1,0.38,7,3,3,8,19,3.8,Medium,Near,Yes,Medium,Female,Low,Yes,No,Medium,High School,High,Positive,Single,Public,High,78
210,77,23,69,1,2,1.32,6,4,4,8,19,3.3,High,Moderate,Yes,Medium,Female,Medium,Yes,No,Low,High School,Medium,Positive,Single,Private,Medium,67
211,89,27,89,3,3,1.64,6,6,6,7,20,4.1,High,Near,Yes,Medium,Male,Medium,Yes,No,Medium,High School,Medium,Positive,Single,Private,Medium,74
212,94,26,79,1,2,1.72,5,5,5,7,21,4.3,High,Near,No,Low,Male,Medium,Yes,No,High,Postgraduate,Medium,Positive,In Relationship,Public,High,74
213,66,24,82,1,2,2.2399999999999998,9,7,7,6,21,5.6,Low,Near,No,Medium,Female,Medium,Yes,Yes,Low,High School,Medium,Neutral,In Relationship,Public,Medium,62
214,78,18,77,2,4,0.24,5,4,4,8,24,2.4,Medium,Far,Yes,Medium,Male,High,No,No,Medium,High School,High,Neutral,Complicated,Public,Medium,66
215,76,25,89,3,3,0.48,5,5,5,7,23,4.8,Medium,Far,Yes,Medium,Female,Medium,Yes,No,High,High School,Medium,Neutral,In Relationship,Public,High,69
216,87,15,52,2,3,1.72,10,5,5,7,23,4.3,High,Near,Yes,Low,Male,Medium,Yes,No,Medium,College,Medium,Positive,In Relationship,Private,High,68
217,70,19,54,0,2,1.8399999999999999,7,7,7,6,22,4.6,Low,Moderate,No,Medium,Male,Medium,Yes,Yes,High,High School,Medium,Positive,Single,Public,Medium,89
218,86,17,55,2,4,0.48,5,5,5,7,20,4.8,Low,Near,No,High,Male,High,No,No,Low,College,High,Neutral,In Relationship,Private,Medium,66
219,95,20,64,2,3,1.36,7,5,5,7,20,3.4,Medium,Near,Yes,Medium,Female,Medium,No,No,Low,High School,Low,Neutral,In Relationship,Public,High,68
220,77,34,80,0,3,1.72,7,7,7,5,20,4.3,Low,Near,Yes,Medium,Male,Medium,Yes,No,Low,High School,Medium,Positive,Single,Public,Medium,69
221,96,9,82,0,4,2.04,4,8,8,6,22,5.1,Medium,Near,Yes,Low,Male,High,No,No,High,College,Medium,Positive,In Relationship,Public,Medium,67
222,100,24,86,2,5,2.12,6,8,8,5,19,5.3,High,Near,Yes,Medium,Male,High,Yes,No,Low,High School,High,Positive,Single,Private,Medium,75
223,64,10,64,0,4,1.7600000000000002,7,7,7,6,19,4.4,High,Moderate,No,Medium,Female,High,Yes,Yes,High,High School,Medium,Positive,Single,Public,Medium,60
224,69,17,83,2,4,1.9600000000000002,9,7,7,6,21,4.9,Medium,Moderate,Yes,Medium,Female,High,Yes,Yes,Medium,College,High,Positive,Single,Private,High,66
225,98,27,56,1,3,1.4400000000000002,7,4,4,8,22,3.6,High,Near,Yes,High,Female,Medium,Yes,No,Low,College,Low,Positive,Single,Private,Medium,73
226,98,20,50,1,2,2.64,7,8,8,5,20,6.6,Low,Near,No,Medium,Female,Medium,Yes,No,Low,High School,Medium,Neutral,Single,Private,High,68
227,64,14,85,0,3,0.47000000000000003,6,6,6,7,21,4.7,Medium,Near,Yes,Medium,Male,Medium,Yes,No,Medium,High School,Medium,Neutral,In Relationship,Public,Medium,62
228,61,16,86,2,2,2.44,9,7,7,6,20,6.1,Medium,Near,No,Low,Male,Medium,Yes,No,Low,High School,Medium,Positive,Single,Public,High,62
229,66,24,81,1,4,1.8399999999999999,8,8,8,5,20,4.6,Low,Far,Yes,Medium,Male,High,Yes,No,High,High School,High,Neutral,In Relationship,Public,Medium,65
230,100,16,63,2,3,1.7600000000000002,8,5,5,7,23,4.4,Low,Moderate,Yes,Low,Male,Medium,Yes,No,High,High School,High,Negative,In Relationship,Public,Medium,69
231,67,21,96,3,2,0.45,7,5,5,7,19,4.5,Medium,Far,No,Low,Female,Medium,Yes,No,Low,High School,Medium,Neutral,Single,Public,Medium,64
232,80,20,94,0,4,2.32,5,7,7,6,22,5.8,High,Moderate,No,Low,Female,High,Yes,Yes,Medium,Postgraduate,Medium,Positive,In Relationship,Private,Low,67
233,94,16,76,0,2,2.3600000000000003,9,8,8,6,20,5.9,High,Near,Yes,Low,Male,Medium,Yes,No,Medium,High School,High,Neutral,Single,Public,High,70
234,61,33,99,2,3,2.2,7,7,7,6,21,5.5,Medium,Near,No,Medium,Female,Medium,Yes,No,High,College,Medium,Neutral,Single,Public,High,70
235,84,24,65,3,3,0.7200000000000001,7,8,8,5,22,7.2,Low,Near,No,Medium,Female,Medium,Yes,No,Low,High School,High,Positive,In Relationship,Public,High,69
236,71,8,75,0,3,1.72,8,5,5,7,19,4.3,Low,Near,No,Medium,Male,Medium,Yes,No,Medium,High School,High,Positive,In Relationship,Public,High,61
237,94,21,96,0,2,0.45,7,5,5,7,23,4.5,Medium,Moderate,No,Medium,Male,Medium,Yes,Yes,Low,Postgraduate,Medium,Neutral,In Relationship,Private,Medium,69
238,71,16,73,1,0,1.64,5,6,6,7,20,4.1,Medium,Near,Yes,Medium,Male,Low,Yes,Yes,Medium,High School,High,Neutral,Single,Public,Medium,63
239,87,25,74,0,4,2.12,7,7,7,6,21,5.3,Low,Near,Yes,Medium,Male,High,Yes,Yes,Low,High School,Medium,Neutral,Single,Public,High,67
240,87,15,54,1,6,2.44,4,7,7,6,20,6.1,Medium,Moderate,No,Medium,Male,High,Yes,No,Medium,High School,Low,Neutral,Single,Public,Medium,65
241,69,19,61,3,4,1.8,7,8,8,5,19,4.5,Medium,Moderate,Yes,High,Male,High,Yes,No,High,High School,Medium,Neutral,Single,Public,High,66
242,61,23,58,4,2,2,9,7,7,6,20,5,Medium,Near,No,Medium,Male,Medium,Yes,No,Medium,High School,Low,Neutral,In Relationship,Public,Medium,63
243,76,25,78,2,3,1.16,4,5,5,7,19,2.9,High,Moderate,Yes,Medium,Female,Medium,Yes,No,Medium,High School,Medium,Negative,In Relationship,Private,Medium,68
244,72,13,66,0,4,0.45,7,5,5,7,20,4.5,High,Near,No,Low,Male,High,Yes,No,Medium,Postgraduate,High,Neutral,In Relationship,Public,High,65
245,92,18,54,1,3,2.2800000000000002,8,7,7,6,20,5.7,Medium,Near,Yes,Medium,Male,Medium,Yes,No,Medium,High School,Low,Positive,Single,Public,Medium,67
246,92,17,75,2,3,0.5700000000000001,8,7,7,6,21,5.7,Low,Near,Yes,Medium,Female,Medium,Yes,No,Medium,Postgraduate,Low,Neutral,Single,Public,High,68
247,78,16,83,0,3,2.3600000000000003,6,7,7,6,22,5.9,High,Near,No,Low,Male,Medium,Yes,Yes,Medium,College,Medium,Neutral,Single,Public,Low,64
248,84,31,87,0,3,1.36,5,6,6,7,19,3.4,Medium,Moderate,No,Medium,Male,Medium,Yes,No,High,College,Medium,Positive,Single,Private,Medium,71
249,84,22,92,0,5,1.9600000000000002,6,7,7,6,19,4.9,Medium,Near,Yes,Medium,Female,High,Yes,No,Low,High School,Medium,Neutral,Single,Public,Medium,69
250,93,12,74,1,3,1.2000000000000002,9,4,4,8,20,3,Medium,Moderate,Yes,Medium,Male,Medium,Yes,No,Low,Postgraduate,Medium,Neutral,Single,Public,Medium,67
251,77,26,70,2,3,2.04,4,8,8,5,21,5.1,Medium,Moderate,No,High,Female,Medium,Yes,Yes,Low,College,Low,Neutral,In Relationship,Public,Low,65
252,71,33,84,1,2,2.16,5,7,7,6,22,5.4,Medium,Near,No,Medium,Male,Medium,Yes,No,Medium,High School,Low,Positive,In Relationship,Public,Medium,68
253,71,26,51,1,3,0.43,6,5,5,7,20,4.3,Medium,Moderate,Yes,High,Male,Medium,No,No,Low,Postgraduate,High,Positive,In Relationship,Private,Medium,67
254,81,11,82,3,4,1.8399999999999999,6,8,8,5,20,4.6,Medium,Near,Yes,Medium,Male,High,Yes,No,High,High School,Medium,Neutral,In Relationship,Public,High,67
255,78,17,70,2,3,2.12,7,7,7,6,21,5.3,High,Near,Yes,Low,Male,Medium,No,No,Medium,High School,Medium,Positive,Single,Public,High,66
256,78,28,73,2,4,2.32,9,7,7,6,19,5.8,Medium,Moderate,No,Medium,Female,High,Yes,No,High,College,High,Neutral,Single,Public,Medium,70
257,64,16,65,3,4,0.38,5,4,4,8,23,3.8,Low,Moderate,Yes,Medium,Female,High,Yes,No,Medium,Postgraduate,High,Positive,In Relationship,Private,High,65
258,89,23,56,4,4,0.21000000000000002,7,3,3,8,22,2.1,Low,Near,Yes,Medium,Female,High,Yes,No,Low,Postgraduate,Low,Positive,Single,Private,Low,69
259,69,25,70,1,4,0.33,7,4,4,8,22,3.3,Medium,Far,Yes,High,Female,High,No,No,Low,High School,Medium,Positive,In Relationship,Public,High,65
260,68,14,65,1,3,0.54,6,7,7,6,21,5.4,Medium,Near,No,High,Male,Medium,Yes,Yes,Medium,College,High,Neutral,In Relationship,Public,Medium,63
261,77,20,98,2,2,0.5599999999999999,5,7,7,6,22,5.6,Medium,Far,No,Low,Female,Medium,Yes,No,Low,Postgraduate,Medium,Neutral,In Relationship,Private,High,67
262,69,1,97,1,3,1.4400000000000002,6,6,6,7,19,3.6,Medium,Near,Yes,Low,Female,Medium,Yes,No,Medium,High School,High,Positive,Single,Public,Medium,61
263,83,14,82,0,2,0.31000000000000005,6,5,5,7,22,3.1,Low,Near,Yes,Medium,Female,Medium,Yes,No,Medium,High School,Medium,Positive,Single,Public,Medium,65
264,75,18,95,1,2,1.8399999999999999,8,7,7,6,20,4.6,High,Near,Yes,Low,Female,Medium,Yes,No,Medium,College,Low,Neutral,In Relationship,Public,Low,66
265,78,13,88,0,3,1.6,8,5,5,7,18,4,High,Near,Yes,High,Male,Medium,Yes,No,High,College,Medium,Neutral,Single,Public,Low,66
266,81,30,67,1,1,0.35000000000000003,5,3,3,8,19,3.5,Low,Near,Yes,High,Male,Low,Yes,No,Medium,High School,Medium,Negative,Single,Public,High,69
267,68,11,80,2,3,1.8399999999999999,6,7,7,6,20,4.6,Medium,Moderate,No,Medium,Female,Medium,Yes,No,Medium,College,Medium,Positive,Single,Public,Medium,63
268,66,17,61,1,6,2.84,6,9,9,4,20,7.1,High,Near,No,High,Male,High,Yes,No,Medium,Postgraduate,Low,Positive,Single,Public,Medium,65
269,95,21,84,0,4,1.8800000000000001,10,8,8,6,22,4.7,Low,Near,No,High,Male,High,Yes,Yes,Low,High School,Low,Neutral,In Relationship,Public,Medium,67
270,77,29,52,2,3,1.72,7,5,5,7,19,4.3,High,Near,Yes,High,Female,Medium,Yes,Yes,Medium,High School,High,Negative,Single,Public,Medium,69
271,76,11,92,4,2,0.66,5,8,8,5,22,6.6,Medium,Near,Yes,Medium,Male,Medium,Yes,No,Medium,Postgraduate,Low,Negative,In Relationship,Public,Low,65
272,61,27,79,1,3,1.4400000000000002,6,5,5,8,20,3.6,Medium,Moderate,No,Low,Male,Medium,Yes,No,Medium,High School,Medium,Positive,In Relationship,Public,Medium,65
273,80,20,53,0,2,2.2800000000000002,6,8,8,5,19,5.7,Low,Moderate,Yes,Low,Male,Medium,Yes,No,Medium,College,High,Neutral,Single,Public,Medium,65
274,82,14,94,2,5,2.16,8,8,8,5,19,5.4,High,Far,Yes,Low,Female,High,Yes,No,Low,College,Medium,Negative,In Relationship,Public,High,67
275,82,23,94,1,2,2.5600000000000005,8,8,8,5,21,6.4,Medium,Near,Yes,Medium,Male,Medium,Yes,Yes,Medium,High School,Low,Negative,Single,Public,Medium,66
276,88,21,93,4,3,0.55,7,7,7,6,20,5.5,High,Near,No,Low,Female,Medium,Yes,No,Medium,High School,Medium,Positive,In Relationship,Public,Medium,72
277,67,16,89,3,3,1.64,7,5,5,7,21,4.1,High,Near,No,Low,Male,Medium,Yes,No,High,College,Medium,Positive,In Relationship,Public,Medium,66
278,70,20,84,2,4,2.8000000000000003,7,9,9,4,24,7,Medium,Far,Yes,Medium,Male,High,No,No,Low,College,Medium,Neutral,Single,Private,High,65
279,92,18,70,1,3,1.7600000000000002,7,7,7,6,22,4.4,Medium,Moderate,Yes,Low,Male,Medium,Yes,No,Medium,High School,High,Neutral,Single,Public,Medium,69
280,98,21,57,2,2,0.30000000000000004,4,4,4,8,21,3,Low,Near,No,High,Female,Medium,Yes,No,Medium,High School,Medium,Neutral,In Relationship,Public,Low,68
281,65,24,64,1,1,2.2399999999999998,7,8,8,5,18,5.6,Low,Near,No,High,Male,Low,Yes,No,Low,Postgraduate,Medium,Neutral,Single,Public,Medium,64
282,80,30,67,3,4,0.54,6,7,7,6,21,5.4,High,Moderate,No,Medium,Female,High,Yes,No,Medium,College,Low,Negative,In Relationship,Public,Medium,69
283,69,13,68,0,1,0.52,5,6,6,6,20,5.2,Low,Moderate,Yes,High,Female,Low,Yes,Yes,Low,High School,Medium,Positive,In Relationship,Public,Medium,59
284,62,33,78,0,3,2.32,10,7,7,6,21,5.8,Medium,Moderate,Yes,Medium,Female,Medium,Yes,No,Medium,High School,High,Positive,In Relationship,Private,Medium,68
285,73,8,60,0,3,1.92,7,6,6,7,21,4.8,Medium,Near,No,High,Female,Medium,No,No,Medium,High School,Medium,Neutral,Single,Private,Medium,60
286,66,19,59,1,3,1.36,7,6,6,7,19,3.4,High,Far,No,High,Male,Medium,Yes,No,Medium,High School,Medium,Negative,Single,Public,Medium,62
287,88,24,86,0,3,1.8399999999999999,6,7,7,6,20,4.6,Medium,Near,Yes,Low,Male,Medium,Yes,No,Low,College,Low,Negative,Single,Public,Low,67
288,81,22,50,4,5,0.43,8,8,8,5,22,4.3,High,Far,Yes,Medium,Female,High,Yes,No,High,High School,Low,Positive,Single,Private,Medium,68
289,66,16,57,3,3,0.5700000000000001,5,7,7,6,21,5.7,High,Moderate,Yes,Medium,Female,Medium,Yes,No,High,High School,Medium,Positive,Single,Public,Medium,64
290,60,19,72,3,3,2.2,7,8,8,6,20,5.5,High,Moderate,Yes,Low,Female,Medium,Yes,No,High,High School,Medium,Positive,Single,Public,High,65
291,92,17,57,2,2,1.8800000000000001,6,5,5,7,19,4.7,Low,Moderate,Yes,Medium,Female,Medium,Yes,Yes,Medium,High School,Low,Positive,In Relationship,Private,Medium,65
292,67,16,98,0,3,2.12,8,7,7,5,19,5.3,Medium,Near,No,Low,Female,Medium,Yes,No,Medium,High School,High,Neutral,Single,Public,Low,63
293,84,25,84,2,3,2.08,6,6,6,6,23,5.2,Low,Near,Yes,Medium,Male,Medium,Yes,No,Low,High School,Medium,Positive,In Relationship,Public,High,70
294,73,22,72,3,3,0.63,9,7,7,6,21,6.3,Medium,Near,Yes,Medium,Female,Medium,Yes,No,Low,High School,Low,Positive,Single,Public,Medium,66
295,83,16,56,4,3,2.64,7,9,9,4,19,6.6,High,Near,Yes,High,Female,Medium,Yes,No,Low,High School,Medium,Positive,In Relationship,Public,Medium,68
296,73,25,69,3,3,1.8800000000000001,8,6,6,7,22,4.7,Low,Near,No,Medium,Female,Medium,Yes,No,Medium,High School,Low,Positive,In Relationship,Private,Medium,66
297,63,22,83,3,1,0.33,8,4,4,8,22,3.3,Low,Near,No,Medium,Male,Low,Yes,No,Medium,College,Low,Negative,In Relationship,Private,Medium,63
298,69,25,98,1,3,1.9600000000000002,9,8,8,5,19,4.9,Medium,Moderate,Yes,Low,Female,Medium,Yes,Yes,Medium,College,High,Negative,Single,Public,Medium,66
299,68,24,74,1,3,0.45999999999999996,6,5,5,7,20,4.6,Medium,Near,Yes,Medium,Female,Medium,Yes,No,Medium,High School,Medium,Neutral,Single,Public,Medium,65
300,77,15,85,1,2,1.7600000000000002,8,7,7,6,19,4.4,Medium,Moderate,Yes,Low,Male,Medium,Yes,No,High,Postgraduate,Medium,Positive,Single,Public,Medium,66
301,86,17,60,2,3,0.45,4,5,5,7,20,4.5,Low,Moderate,Yes,High,Female,Medium,Yes,Yes,High,College,High,Positive,In Relationship,Private,Low,67
302,71,24,81,0,3,2.16,7,8,8,5,18,5.4,Medium,Near,Yes,Low,Male,Medium,Yes,No,Medium,High School,Medium,Positive,Complicated,Private,Medium,66
303,60,24,62,4,3,2.52,6,8,8,5,22,6.3,Medium,Near,No,Low,Female,Medium,Yes,No,High,High School,Low,Negative,Single,Public,High,63
304,81,20,60,3,4,1.6,5,7,7,6,22,4,Medium,Near,Yes,Medium,Male,High,Yes,Yes,Low,High School,Medium,Positive,Single,Public,Medium,66
305,84,21,75,1,3,1.56,6,7,7,6,21,3.9,Medium,Moderate,No,High,Male,Medium,No,No,Low,College,Medium,Positive,Single,Public,Medium,67
306,99,28,61,1,3,1.36,6,4,4,8,20,3.4,Medium,Near,Yes,Low,Male,Medium,No,No,Medium,High School,Medium,Positive,Single,Public,Medium,71
307,84,16,86,1,2,0.25,7,4,4,8,23,2.5,High,Near,Yes,Low,Female,Medium,Yes,No,Medium,High School,Medium,Neutral,In Relationship,Private,Medium,67
308,79,23,97,1,4,0.44000000000000006,6,4,4,8,22,4.4,High,Moderate,Yes,High,Male,High,Yes,No,Medium,High School,Medium,Neutral,Single,Public,Low,69
309,83,19,70,2,4,2.4800000000000004,7,9,9,5,19,6.2,Medium,Near,Yes,Low,Female,High,Yes,Yes,Medium,Postgraduate,Medium,Negative,In Relationship,Public,Medium,67
310,97,19,66,2,2,2.2,6,7,7,6,21,5.5,Medium,Moderate,Yes,Medium,Female,Medium,Yes,No,High,College,High,Positive,Single,Private,Medium,72
311,93,27,59,2,4,1.4000000000000001,6,4,4,8,19,3.5,Low,Near,No,Low,Female,High,Yes,No,High,High School,High,Negative,Single,Private,Medium,70
312,73,25,70,0,4,1.2800000000000002,7,4,4,8,20,3.2,High,Moderate,Yes,Low,Male,High,Yes,No,Low,Postgraduate,Medium,Neutral,Single,Private,Medium,67
313,69,25,78,0,3,0.67,7,7,7,6,21,6.7,High,Far,Yes,Low,Female,Medium,Yes,No,Medium,High School,Low,Negative,Single,Public,High,64
314,71,28,69,1,1,0.45999999999999996,8,6,6,6,20,4.6,Medium,Moderate,No,Medium,Female,Low,Yes,No,High,College,Medium,Neutral,Single,Private,High,67
315,80,20,81,3,4,1.52,8,5,5,7,21,3.8,High,Near,No,Medium,Male,High,Yes,No,Medium,Postgraduate,Low,Negative,Single,Private,Medium,69
316,90,24,83,0,3,2.2,7,7,7,6,21,5.5,Low,Near,No,Low,Male,Medium,Yes,No,Medium,College,Low,Positive,Single,Private,Medium,68
317,80,18,55,2,3,2.64,8,9,9,4,19,6.6,Medium,Moderate,No,Low,Male,Medium,Yes,No,Low,High School,Medium,Neutral,In Relationship,Public,Low,63
318,63,22,85,4,3,1.7600000000000002,7,5,5,7,23,4.4,High,Near,Yes,High,Female,Medium,Yes,No,Medium,College,Medium,Negative,In Relationship,Public,High,68
319,89,19,95,0,3,0.41,7,5,5,7,22,4.1,Medium,Near,Yes,Medium,Male,Medium,Yes,No,Medium,High School,High,Positive,In Relationship,Public,Medium,70
320,92,21,51,0,2,1.4400000000000002,8,7,7,6,19,3.6,Low,Moderate,Yes,Medium,Male,Medium,Yes,No,Low,College,Medium,Neutral,Single,Public,Medium,66
321,72,24,78,0,6,1.4400000000000002,6,6,6,7,19,3.6,High,Near,No,Low,Female,High,Yes,No,High,High School,High,Negative,Single,Public,High,68
322,87,15,80,0,3,2.84,4,9,9,4,20,7.1,Low,Near,Yes,Low,Male,Medium,Yes,No,High,College,High,Positive,Single,Private,Medium,67
323,77,33,85,0,5,0.5599999999999999,5,7,7,6,22,5.6,High,Far,Yes,Low,Female,High,Yes,No,Medium,High School,Low,Neutral,Single,Private,Medium,69
324,96,14,69,0,3,2.7600000000000002,9,8,8,5,20,6.9,Low,Near,Yes,Medium,Female,Medium,Yes,Yes,High,College,Medium,Negative,In Relationship,Private,Medium,66
325,94,13,91,3,3,0.48,7,6,6,7,22,4.8,Medium,Near,Yes,Low,Male,Medium,Yes,No,Low,High School,Medium,Neutral,In Relationship,Public,Medium,68
326,81,27,77,2,2,0.33,7,5,5,7,22,3.3,Medium,Moderate,Yes,Medium,Female,Medium,Yes,Yes,Medium,Postgraduate,Medium,Neutral,In Relationship,Public,Low,69
327,88,25,70,1,3,0.44000000000000006,7,5,5,7,22,4.4,Medium,Moderate,Yes,Medium,Male,Medium,Yes,No,Low,Postgraduate,Medium,Positive,In Relationship,Private,Medium,70
328,95,24,86,1,3,0.2,8,3,3,8,24,2,High,Near,Yes,Medium,Male,Medium,Yes,No,High,College,Medium,Neutral,Single,Private,High,74
329,80,24,96,0,0,2.12,7,8,8,6,22,5.3,High,Moderate,Yes,Low,Female,Low,Yes,No,High,College,Medium,Positive,In Relationship,Public,High,70
330,73,20,91,1,2,1.8,7,8,8,6,22,4.5,Medium,Moderate,Yes,Medium,Male,Medium,Yes,No,Low,Postgraduate,Medium,Neutral,In Relationship,Public,High,66
331,90,15,97,1,3,1.36,8,5,5,8,21,3.4,Medium,Near,Yes,Low,Female,Medium,Yes,No,Medium,College,High,Negative,In Relationship,Private,High,69
332,69,20,63,0,3,3.3200000000000003,6,9,9,5,19,8.3,High,Near,No,Low,Male,Medium,Yes,No,Low,Postgraduate,Medium,Negative,In Relationship,Public,Medium,64
333,76,16,56,1,1,0.27,8,4,4,8,23,2.7,High,Near,Yes,Low,Male,Low,No,No,Medium,High School,Low,Positive,Complicated,Public,Medium,62
334,95,26,77,0,3,1.7600000000000002,7,6,6,7,19,4.4,High,Moderate,No,Medium,Female,Medium,Yes,No,Medium,High School,Low,Neutral,Single,Public,Medium,70
335,89,19,52,2,4,0.41,7,5,5,7,21,4.1,Medium,Moderate,Yes,Medium,Male,High,Yes,No,Medium,High School,High,Negative,Single,Public,Medium,68
336,76,15,84,0,3,1.8399999999999999,6,7,7,6,20,4.6,Medium,Near,Yes,Medium,Female,Medium,Yes,No,Low,College,Medium,Neutral,Single,Public,High,65
337,69,18,62,3,3,0.31000000000000005,7,5,5,7,22,3.1,High,Moderate,No,Medium,Male,Medium,Yes,No,Low,High School,High,Positive,Single,Public,Medium,65
338,74,22,73,3,4,1.4400000000000002,6,4,4,8,22,3.6,High,Moderate,Yes,High,Female,High,Yes,No,Low,Postgraduate,High,Positive,Single,Public,High,71
339,71,17,83,2,5,1.72,9,5,5,7,19,4.3,Medium,Near,Yes,Medium,Male,High,Yes,No,Low,High School,High,Neutral,In Relationship,Public,Medium,66
340,67,15,74,0,3,3.4000000000000004,4,9,9,5,19,8.5,Medium,Moderate,No,Low,Male,Medium,Yes,No,Medium,College,Medium,Negative,In Relationship,Public,Medium,61
341,90,21,62,2,5,0.48,8,7,7,6,21,4.8,Medium,Near,Yes,Medium,Male,High,Yes,Yes,Low,High School,Low,Negative,In Relationship,Public,High,67
342,70,21,94,0,2,2.32,4,8,8,6,19,5.8,High,Far,Yes,Low,Male,Medium,Yes,No,Medium,College,Low,Neutral,Single,Private,High,65
343,78,17,88,0,3,0.5900000000000001,8,7,7,6,24,5.9,High,Near,No,Low,Female,Medium,Yes,No,Medium,High School,Medium,Negative,Single,Public,Medium,65
344,75,17,80,1,5,1.8399999999999999,6,7,7,6,20,4.6,High,Moderate,Yes,Low,Male,High,No,No,Medium,High School,Medium,Positive,Single,Private,Medium,65
345,99,21,85,4,4,0.6200000000000001,8,8,8,5,22,6.2,Medium,Moderate,No,Medium,Male,High,Yes,No,High,High School,Medium,Positive,Single,Public,Medium,73
346,76,11,71,1,2,1.92,7,5,5,8,19,4.8,Medium,Near,Yes,Medium,Male,Medium,No,No,Medium,College,Medium,Neutral,Single,Public,Low,62
347,63,12,69,0,2,1.8,5,7,7,5,20,4.5,High,Moderate,Yes,Medium,Female,Medium,Yes,No,Low,College,Medium,Negative,Single,Public,High,60
348,64,16,58,1,3,2.68,9,9,9,4,19,6.7,Medium,Moderate,Yes,Medium,Female,Medium,Yes,No,Low,College,Low,Positive,Single,Public,Medium,61
349,84,19,90,2,3,2.12,8,7,7,5,19,5.3,Medium,Far,Yes,Low,Male,Medium,Yes,No,High,Postgraduate,Low,Neutral,Single,Private,Medium,67
350,84,22,69,3,4,0.4,8,4,4,8,22,4,Medium,Near,No,Medium,Male,High,No,No,Medium,College,High,Neutral,In Relationship,Private,High,70
351,77,29,85,1,1,2,6,6,6,7,20,5,High,Near,No,Medium,Male,Low,Yes,No,Medium,College,Low,Positive,Single,Public,Medium,69
352,77,25,65,0,5,1.7600000000000002,8,5,5,8,20,4.4,Low,Far,Yes,Medium,Female,High,No,No,High,College,Medium,Positive,In Relationship,Public,Medium,66
353,62,19,90,2,3,2,5,8,8,5,19,5,Medium,Moderate,No,Low,Male,Medium,Yes,No,Low,College,Medium,Positive,In Relationship,Public,High,64
354,81,20,55,1,2,0.61,4,7,7,6,21,6.1,Medium,Moderate,Yes,High,Male,Medium,Yes,No,Medium,Postgraduate,High,Positive,Single,Private,Medium,68
355,80,14,81,1,4,1.6800000000000002,5,6,6,7,21,4.2,Medium,Far,Yes,Low,Female,High,Yes,No,Medium,Postgraduate,High,Positive,Single,Public,Medium,67
356,66,20,90,0,1,2,6,6,6,7,20,5,Medium,Near,No,Medium,Female,Low,Yes,No,High,College,Medium,Neutral,Single,Public,Medium,64
357,64,18,83,2,2,0.55,6,7,7,6,24,5.5,Medium,Near,Yes,Low,Male,Medium,Yes,No,High,College,Medium,Positive,In Relationship,Public,Medium,65
358,65,22,85,2,3,0.45,6,5,5,7,21,4.5,High,Near,Yes,High,Female,Medium,Yes,Yes,Medium,Postgraduate,Low,Positive,In Relationship,Public,Medium,66
359,64,15,76,2,4,0.35000000000000003,6,4,4,8,22,3.5,Medium,Near,Yes,Medium,Female,High,Yes,Yes,High,High School,Medium,Positive,In Relationship,Private,Medium,63
360,84,23,78,2,2,2.5600000000000005,6,8,8,5,19,6.4,Medium,Moderate,Yes,Low,Female,Medium,Yes,No,Low,High School,High,Negative,Single,Public,Low,68
361,68,29,53,1,4,0.6400000000000001,4,8,8,5,23,6.4,High,Far,Yes,Medium,Male,High,Yes,No,Medium,High School,Medium,Negative,Single,Private,Medium,66
362,70,19,63,3,5,1.4000000000000001,7,5,5,7,19,3.5,Medium,Near,No,Low,Male,High,No,No,Low,High School,Medium,Neutral,Single,Public,Low,63
363,67,22,86,1,3,1.4800000000000002,7,7,7,6,21,3.7,Medium,Moderate,No,Low,Female,Medium,Yes,No,Low,High School,Low,Positive,Single,Public,Medium,63
364,98,24,97,1,4,1.9600000000000002,6,7,7,6,21,4.9,Medium,Far,Yes,Medium,Male,High,Yes,No,Medium,College,High,Positive,Single,Public,Medium,74
365,94,18,77,1,2,2.2399999999999998,9,8,8,5,18,5.6,High,Moderate,Yes,Medium,Male,Medium,Yes,No,Low,College,Medium,Positive,Single,Public,High,70
366,69,21,86,2,3,1.6800000000000002,7,6,6,7,19,4.2,High,Near,Yes,Low,Male,Medium,Yes,No,Medium,High School,High,Neutral,Single,Private,Medium,68
367,73,20,84,0,4,2.2800000000000002,7,7,7,6,21,5.7,Medium,Moderate,Yes,Medium,Female,High,Yes,No,Medium,Postgraduate,Medium,Neutral,Single,Public,Medium,66
368,68,21,100,0,4,1.8,8,7,7,5,22,4.5,Low,Far,No,Medium,Male,High,Yes,No,Low,High School,Medium,Positive,In Relationship,Public,Medium,63
369,80,15,90,4,3,1.56,5,6,6,7,21,3.9,High,Far,No,Low,Female,Medium,Yes,No,Medium,College,Low,Positive,Complicated,Public,Medium,67
370,61,20,81,1,3,3.3200000000000003,7,9,9,5,19,8.3,Medium,Moderate,No,Medium,Male,Medium,Yes,No,Medium,High School,Medium,Neutral,In Relationship,Public,Low,62
371,87,23,56,1,3,2.32,8,7,7,6,22,5.8,High,Moderate,No,Medium,Male,Medium,Yes,No,Medium,Postgraduate,High,Positive,Single,Public,High,71
372,81,29,68,2,4,0.39,7,5,5,7,21,3.9,Medium,Near,No,Medium,Male,High,Yes,No,Medium,Postgraduate,High,Neutral,Single,Public,Medium,72
373,96,26,63,1,2,0.6400000000000001,5,7,7,6,22,6.4,Medium,Near,Yes,High,Male,Medium,No,No,Medium,Postgraduate,Medium,Positive,Single,Private,Medium,72
374,67,33,93,0,3,2.12,6,7,7,6,19,5.3,Medium,Far,Yes,Low,Female,Medium,Yes,No,High,High School,Medium,Neutral,Single,Public,High,68
375,92,15,72,1,5,0.55,7,7,7,6,21,5.5,Low,Near,Yes,Medium,Female,High,Yes,No,Low,High School,Medium,Negative,Single,Public,Medium,66
376,92,25,77,0,3,2.2399999999999998,4,8,8,5,20,5.6,Medium,Near,No,Low,Male,Medium,Yes,No,Medium,High School,Medium,Positive,Complicated,Public,Medium,70
377,65,21,98,2,4,2.68,5,9,9,4,21,6.7,Low,Near,Yes,Low,Male,High,No,No,High,Postgraduate,Medium,Positive,Single,Private,Medium,66
378,76,33,92,1,3,0.47000000000000003,10,7,7,6,20,4.7,Medium,Near,Yes,High,Female,Medium,Yes,No,Low,Postgraduate,Medium,Positive,Complicated,Private,Medium,72
379,67,15,89,0,4,2.08,8,7,7,6,19,5.2,Medium,Moderate,Yes,High,Female,High,Yes,No,Low,High School,High,Neutral,Single,Public,High,64
380,70,15,57,1,3,0.44000000000000006,9,5,5,7,22,4.4,Medium,Near,No,Medium,Female,Medium,Yes,No,Medium,High School,High,Negative,In Relationship,Private,Medium,63
381,71,16,51,0,2,1.8399999999999999,8,7,7,6,22,4.6,Medium,Far,No,Low,Female,Medium,Yes,No,Medium,Postgraduate,Medium,Negative,Single,Public,Medium,61
382,82,7,56,0,2,2.4800000000000004,8,8,8,5,23,6.2,High,Far,Yes,Low,Male,Medium,Yes,No,Medium,High School,High,Negative,Single,Private,Medium,62
383,76,17,87,1,4,1.4800000000000002,7,7,7,6,20,3.7,High,Near,No,Medium,Female,High,Yes,No,High,High School,Medium,Positive,Single,Public,High,68
384,98,15,71,1,3,1.56,8,5,5,7,19,3.9,Medium,Near,Yes,Medium,Male,Medium,Yes,No,Low,High School,Low,Positive,Single,Public,Medium,68
385,65,21,56,1,5,1.8800000000000001,9,7,7,6,19,4.7,Medium,Moderate,No,Medium,Male,High,Yes,No,High,High School,Low,Positive,Complicated,Public,Medium,63
386,99,22,87,1,4,0.61,8,8,8,5,21,6.1,Low,Moderate,Yes,Medium,Female,High,Yes,No,Low,High School,Medium,Neutral,In Relationship,Private,Medium,70
387,69,31,60,1,3,1.52,7,6,6,7,21,3.8,Low,Near,Yes,Low,Female,Medium,Yes,No,Medium,Postgraduate,High,Neutral,Single,Public,Medium,68
388,91,26,79,1,5,2.2399999999999998,7,7,7,6,20,5.6,Medium,Near,Yes,Low,Female,High,Yes,No,Medium,High School,High,Neutral,Single,Private,Medium,72
389,74,17,87,4,3,0.48,8,5,5,7,24,4.8,Medium,Near,Yes,Low,Male,Medium,Yes,No,Medium,College,Medium,Positive,In Relationship,Public,Low,67
390,66,15,80,1,1,1.6800000000000002,6,5,5,7,21,4.2,High,Near,No,Low,Male,Low,No,No,Medium,College,Low,Neutral,In Relationship,Private,Medium,61
391,94,23,100,0,3,2,8,8,8,6,21,5,Medium,Near,No,Low,Male,Medium,No,No,Medium,Postgraduate,Low,Neutral,In Relationship,Public,Medium,69
392,72,12,72,2,2,0.45,6,5,5,7,20,4.5,Low,Moderate,Yes,Low,Female,Medium,Yes,No,High,High School,Medium,Negative,Single,Private,High,61
393,86,31,66,3,3,1.7600000000000002,6,8,8,5,21,4.4,High,Moderate,Yes,Medium,Male,Medium,Yes,No,Medium,College,High,Positive,In Relationship,Public,Medium,75
394,83,27,60,0,2,1.9600000000000002,5,8,8,5,21,4.9,Low,Moderate,No,High,Female,Medium,Yes,No,Medium,College,High,Neutral,In Relationship,Public,Low,68
395,79,17,75,1,4,1.6800000000000002,6,6,6,7,21,4.2,Low,Near,Yes,Medium,Male,High,Yes,No,Low,High School,Medium,Neutral,Single,Public,High,65
396,80,10,93,4,3,0.38,6,4,4,8,21,3.8,Medium,Moderate,Yes,Medium,Female,Medium,Yes,No,High,College,High,Negative,In Relationship,Public,Medium,67
397,89,28,97,3,6,0.27999999999999997,10,3,3,8,19,2.8,High,Near,Yes,Medium,Female,High,Yes,No,High,High School,Medium,Negative,Single,Public,Low,75
398,64,19,99,1,3,2.3600000000000003,6,7,7,6,24,5.9,Medium,Near,No,Medium,Male,Medium,Yes,No,Medium,College,Low,Positive,Single,Public,Medium,64
399,87,27,77,1,4,2.32,8,7,7,6,22,5.8,Medium,Moderate,No,Low,Male,High,Yes,No,Medium,High School,Medium,Neutral,Single,Public,High,70
400,96,10,80,0,4,2.2800000000000002,6,8,8,5,19,5.7,High,Moderate,No,Medium,Female,High,No,No,Medium,High School,High,Neutral,Single,Public,Medium,67
401,62,16,79,2,3,0.7000000000000001,7,8,8,5,22,7,Medium,Near,Yes,Medium,Male,Medium,Yes,No,Low,High School,Medium,Neutral,In Relationship,Public,Medium,63
402,66,20,73,1,4,0.48,7,5,5,7,24,4.8,High,Near,No,Medium,Female,High,Yes,No,Medium,College,High,Negative,In Relationship,Public,Medium,65
403,89,20,58,1,3,1.52,4,4,4,8,22,3.8,Medium,Far,Yes,Medium,Female,Medium,Yes,No,Medium,High School,Medium,Positive,Single,Public,Medium,67
404,77,17,53,2,3,0.24,5,4,4,8,24,2.4,High,Near,Yes,High,Male,Medium,Yes,No,Medium,College,Low,Neutral,Complicated,Public,Medium,86
405,76,24,72,3,3,0.38,6,4,4,8,23,3.8,High,Moderate,No,Medium,Female,Medium,Yes,Yes,High,High School,Low,Neutral,In Relationship,Public,High,67
406,65,14,59,1,4,2.52,5,8,8,5,21,6.3,Medium,Far,No,High,Male,High,Yes,No,Low,Postgraduate,High,Positive,Single,Public,Medium,63
407,80,19,94,0,3,0.45,7,7,7,6,21,4.5,Medium,Moderate,No,Medium,Female,Medium,Yes,No,Medium,College,Medium,Neutral,In Relationship,Public,Low,66
408,65,21,88,2,1,0.47000000000000003,7,7,7,6,20,4.7,High,Near,No,Low,Male,Low,Yes,No,Low,High School,High,Neutral,In Relationship,Private,Medium,65
409,79,23,81,1,3,1.9600000000000002,5,8,8,6,22,4.9,Medium,Near,No,Medium,Female,Medium,Yes,No,Medium,High School,Medium,Neutral,In Relationship,Private,Medium,67
410,91,24,52,0,4,2.04,7,7,7,6,21,5.1,Medium,Near,No,High,Male,High,Yes,No,Low,College,Medium,Neutral,Single,Public,High,69
411,70,13,81,2,2,1.92,6,7,7,6,19,4.8,High,Near,No,Medium,Male,Medium,Yes,No,Medium,Postgraduate,High,Positive,In Relationship,Public,Low,66
412,79,11,81,1,2,0.65,7,8,8,5,24,6.5,Medium,Moderate,Yes,High,Male,Medium,Yes,No,Medium,High School,Medium,Neutral,Single,Public,Medium,64
413,100,28,72,1,2,2.5600000000000005,6,9,9,4,19,6.4,Low,Near,Yes,Low,Female,Medium,Yes,No,Medium,Postgraduate,High,Negative,Single,Public,Medium,73
414,87,22,83,1,1,1.9600000000000002,8,7,7,6,21,4.9,Medium,Far,No,Low,Male,Low,Yes,No,Low,College,Low,Neutral,Single,Public,Medium,66
415,94,16,93,1,4,0.44000000000000006,9,4,4,8,19,4.4,Medium,Near,No,Low,Female,High,Yes,No,Low,Postgraduate,Medium,Negative,Single,Public,Medium,68
416,77,29,88,0,4,1.92,8,7,7,6,19,4.8,Low,Moderate,Yes,Medium,Male,High,Yes,No,Low,College,High,Positive,In Relationship,Public,High,70
417,91,21,74,2,2,0.44000000000000006,9,4,4,8,22,4.4,Medium,Near,No,Low,Female,Medium,Yes,No,Medium,High School,High,Negative,Single,Private,Low,69
418,62,27,63,4,4,2.84,5,9,9,4,20,7.1,High,Near,Yes,High,Female,High,Yes,No,Low,High School,Medium,Negative,Single,Public,Medium,67
419,65,20,74,0,3,0.45999999999999996,6,5,5,7,19,4.6,Low,Moderate,No,Medium,Male,Medium,Yes,No,Low,College,Medium,Positive,In Relationship,Private,Medium,62
420,68,32,97,1,2,2.16,8,8,8,5,19,5.4,Low,Near,No,Low,Male,Medium,Yes,No,High,High School,Medium,Positive,In Relationship,Public,Medium,68
421,76,31,91,1,4,0.45,9,5,5,7,20,4.5,High,Near,Yes,Low,Male,High,Yes,No,Medium,Postgraduate,Medium,Neutral,In Relationship,Private,Medium,72
422,94,19,51,3,5,0.27999999999999997,8,4,4,8,23,2.8,Medium,Near,No,Medium,Male,High,Yes,No,Medium,Postgraduate,Low,Positive,In Relationship,Private,Low,69
423,74,26,89,3,2,2.12,5,7,7,6,21,5.3,Low,Near,No,High,Male,Medium,Yes,No,Low,High School,Low,Negative,Single,Private,High,66
424,86,24,59,1,3,0.73,6,8,8,5,21,7.3,High,Moderate,No,Low,Female,Medium,Yes,No,Medium,High School,High,Positive,In Relationship,Public,Medium,70
425,88,28,79,0,3,0.6000000000000001,8,8,8,5,21,6,Medium,Far,No,Medium,Male,Medium,Yes,No,Medium,High School,High,Positive,In Relationship,Public,Medium,71
426,83,14,90,0,3,2.2800000000000002,7,7,7,6,19,5.7,Medium,Near,Yes,Low,Female,Medium,Yes,No,Medium,College,Medium,Negative,Single,Public,Low,65
427,74,24,78,3,3,1.6800000000000002,6,6,6,7,19,4.2,Medium,Near,Yes,Low,Female,Medium,Yes,No,Medium,College,High,Positive,Single,Public,High,70
428,83,26,70,2,4,2.3600000000000003,7,7,7,6,22,5.9,Low,Moderate,No,Medium,Male,High,No,Yes,High,High School,Low,Negative,Single,Public,High,65
429,74,9,66,1,3,0.27999999999999997,7,4,4,8,23,2.8,High,Far,No,High,Female,Medium,Yes,No,Low,High School,Medium,Neutral,In Relationship,Private,High,62
430,63,13,65,2,2,2.7600000000000002,5,9,9,4,20,6.9,Medium,Far,Yes,High,Male,Medium,Yes,No,Medium,High School,High,Neutral,Single,Private,Medium,62
431,100,8,92,1,3,1.4800000000000002,8,4,4,8,19,3.7,Medium,Moderate,Yes,Medium,Female,Medium,Yes,No,Medium,Postgraduate,High,Neutral,Single,Public,High,70
432,65,18,91,5,3,1.9600000000000002,6,7,7,6,19,4.9,High,Near,Yes,Low,Male,Medium,No,No,Medium,College,Medium,Neutral,Single,Private,Medium,66
433,63,24,91,4,4,1.72,7,5,5,7,21,4.3,Low,Near,Yes,Low,Female,High,Yes,No,Low,High School,High,Positive,In Relationship,Private,Medium,67
434,95,29,64,1,3,2.2800000000000002,9,7,7,6,20,5.7,Low,Near,No,Medium,Female,Medium,Yes,No,Medium,High School,Medium,Positive,Single,Public,High,72
435,72,20,90,0,3,1.72,7,6,6,7,22,4.3,Low,Near,Yes,Low,Female,Medium,Yes,No,Low,Postgraduate,High,Negative,Single,Private,High,66
436,86,30,52,2,2,0.55,8,7,7,6,24,5.5,Low,Moderate,Yes,Medium,Female,Medium,Yes,Yes,Medium,College,Medium,Negative,In Relationship,Public,Medium,68
437,73,12,60,1,4,0.7200000000000001,5,7,7,6,22,7.2,Medium,Moderate,No,Low,Male,High,Yes,No,Medium,High School,High,Negative,Single,Public,Medium,62
438,76,10,76,2,3,2.72,8,9,9,4,19,6.8,Medium,Moderate,Yes,High,Male,Medium,Yes,Yes,Medium,Postgraduate,Low,Positive,Single,Private,High,64
439,70,20,70,0,5,0.37000000000000005,8,4,4,8,22,3.7,Medium,Near,No,Low,Female,High,Yes,No,Medium,Postgraduate,Medium,Neutral,In Relationship,Public,Medium,65
440,74,22,56,4,3,0.47000000000000003,6,5,5,7,19,4.7,Low,Moderate,Yes,Medium,Male,Medium,Yes,No,Low,Postgraduate,Medium,Negative,Single,Public,High,66
441,76,20,52,2,3,0.43,7,4,4,8,24,4.3,Low,Near,No,Low,Female,Medium,Yes,No,Medium,High School,Medium,Neutral,Single,Private,High,64
442,89,8,81,4,3,3.2,7,9,9,5,20,8,High,Near,Yes,Low,Male,Medium,Yes,No,Low,College,Medium,Neutral,In Relationship,Public,Medium,67
443,80,19,66,4,4,2.52,7,8,8,5,21,6.3,Medium,Near,Yes,Medium,Female,High,Yes,No,Low,College,High,Negative,Single,Public,Medium,69
444,98,12,51,0,5,0.48,8,5,5,7,20,4.8,Medium,Moderate,Yes,Medium,Male,High,Yes,No,Medium,Postgraduate,High,Positive,In Relationship,Public,Low,68
445,62,24,72,2,4,0.45999999999999996,6,7,7,6,21,4.6,Medium,Near,No,Low,Male,High,Yes,No,High,High School,Medium,Neutral,Single,Public,Low,64
446,80,22,65,2,2,1.92,7,7,7,6,21,4.8,Medium,Moderate,Yes,High,Female,Medium,Yes,No,Medium,High School,High,Neutral,In Relationship,Private,Medium,68
447,83,14,79,1,3,0.65,9,8,8,5,24,6.5,Low,Near,Yes,Medium,Male,Medium,Yes,No,Medium,High School,Low,Positive,Single,Public,Low,64
448,97,17,96,0,1,1.1199999999999999,9,4,4,8,20,2.8,High,Near,No,High,Male,Low,Yes,No,High,Postgraduate,Medium,Negative,Single,Public,Medium,71
449,62,14,65,3,2,1.8,8,7,7,6,21,4.5,High,Far,Yes,Low,Male,Medium,Yes,No,Low,High School,High,Negative,Complicated,Public,Medium,61
450,83,20,100,4,3,2.52,7,8,8,5,21,6.3,Medium,Near,No,Low,Male,Medium,Yes,No,Medium,College,Low,Negative,Single,Public,Medium,68
451,94,26,54,2,5,2.68,10,9,9,4,19,6.7,Medium,Near,Yes,High,Male,High,Yes,No,Low,High School,High,Neutral,Single,Public,Medium,73
452,70,14,54,3,1,1.8,9,8,8,6,22,4.5,Medium,Near,Yes,Medium,Male,Low,No,No,Medium,College,High,Positive,In Relationship,Public,Medium,64
453,95,23,86,3,4,0.27999999999999997,7,4,4,8,22,2.8,Medium,Far,Yes,Low,Male,High,Yes,Yes,Medium,Postgraduate,Medium,Positive,Single,Public,Medium,72
454,61,17,87,5,3,1.92,7,7,7,6,19,4.8,Medium,Near,Yes,Medium,Male,Medium,Yes,No,High,High School,Medium,Neutral,In Relationship,Public,Medium,65
455,89,15,71,1,4,2.2,6,8,8,5,20,5.5,Medium,Near,Yes,Medium,Female,High,Yes,No,Medium,High School,Medium,Positive,In Relationship,Public,High,68
456,97,19,64,2,3,1.4400000000000002,8,6,6,7,19,3.6,Low,Near,Yes,Low,Male,Medium,Yes,No,Medium,High School,High,Positive,Single,Public,High,71
457,86,14,90,3,3,0.45999999999999996,8,6,6,7,22,4.6,Low,Near,Yes,Medium,Male,Medium,No,Yes,Medium,Postgraduate,Medium,Negative,In Relationship,Public,Medium,65
458,78,17,98,2,2,1.52,8,7,7,5,21,3.8,Medium,Near,No,Medium,Male,Medium,Yes,No,Low,High School,Medium,Positive,In Relationship,Private,Medium,66
459,62,13,99,4,1,0.73,7,8,8,5,21,7.3,High,Moderate,No,Medium,Female,Low,Yes,No,Medium,Postgraduate,Low,Positive,In Relationship,Public,Low,63
460,97,32,82,1,3,0.29,5,4,4,8,22,2.9,High,Moderate,No,Medium,Male,Medium,Yes,No,Medium,High School,Medium,Neutral,In Relationship,Public,Medium,74
461,79,20,87,2,4,2,7,7,7,6,19,5,Low,Near,Yes,Medium,Female,High,No,Yes,Low,High School,High,Neutral,Single,Private,High,66
462,61,16,91,2,3,2.2800000000000002,8,7,7,6,20,5.7,Low,Moderate,No,Medium,Male,Medium,Yes,No,High,College,Medium,Neutral,Single,Public,High,63
463,88,21,90,2,4,0.65,6,8,8,5,19,6.5,Medium,Moderate,Yes,High,Male,High,Yes,No,High,High School,High,Neutral,Single,Private,Medium,72
464,79,19,100,1,2,0.30000000000000004,7,3,3,8,19,3,High,Far,No,High,Female,Medium,Yes,No,Low,College,Medium,Positive,Single,Public,High,69
465,65,19,91,1,4,0.54,9,7,7,6,21,5.4,High,Near,Yes,Medium,Male,High,Yes,No,Medium,College,Medium,Positive,In Relationship,Public,High,67
466,69,24,83,3,3,2.84,5,9,9,5,19,7.1,High,Near,No,Low,Male,Medium,Yes,No,Low,High School,Low,Neutral,In Relationship,Private,Medium,66
467,63,25,69,0,5,1.9600000000000002,7,7,7,6,19,4.9,Medium,Moderate,No,Low,Female,High,Yes,No,Medium,High School,High,Negative,Complicated,Private,High,64
468,83,17,80,4,2,0.43,9,5,5,7,21,4.3,Medium,Near,No,Medium,Female,Medium,Yes,No,Medium,College,Low,Negative,In Relationship,Public,High,67
469,85,17,94,4,3,2.16,7,8,8,5,21,5.4,Low,Near,No,Low,Female,Medium,Yes,No,High,College,Medium,Positive,In Relationship,Public,Medium,69
470,80,18,65,2,2,0.5,6,6,6,7,22,5,Low,Near,Yes,Low,Female,Medium,Yes,No,Medium,College,Medium,Negative,In Relationship,Public,High,65
471,93,6,52,0,2,1.8,7,5,5,8,20,4.5,Medium,Near,No,Medium,Female,Medium,Yes,No,High,College,Medium,Neutral,Single,Public,Medium,64
472,94,11,66,1,4,2.84,8,9,9,4,20,7.1,Low,Near,Yes,High,Female,High,No,No,High,High School,Medium,Neutral,Single,Public,Low,65
473,85,28,98,2,1,0.27999999999999997,7,4,4,8,21,2.8,High,Near,Yes,Low,Male,Low,Yes,Yes,Medium,High School,Medium,Positive,In Relationship,Private,High,72
474,61,30,90,2,2,0.71,8,9,9,4,21,7.1,High,Moderate,Yes,Low,Female,Medium,Yes,No,Medium,High School,Low,Negative,Single,Public,High,66
475,88,19,59,2,3,1.6,7,4,4,8,19,4,Low,Near,No,Low,Female,Medium,Yes,No,Medium,College,Medium,Neutral,Single,Public,Medium,66
476,77,23,51,1,3,0.5599999999999999,7,7,7,6,22,5.6,High,Moderate,Yes,Low,Male,Medium,Yes,No,Medium,College,High,Positive,Single,Private,Low,67
477,83,22,83,1,3,1.6800000000000002,8,7,7,6,20,4.2,Medium,Moderate,Yes,High,Male,Medium,Yes,Yes,High,Postgraduate,Medium,Negative,Complicated,Private,Medium,69
478,86,38,79,3,3,2.16,7,7,7,6,22,5.4,High,Near,Yes,Low,Male,Medium,Yes,No,Low,High School,Low,Negative,Single,Public,Medium,73
479,74,27,54,3,3,2.12,6,7,7,5,21,5.3,High,Near,No,Medium,Female,Medium,Yes,No,Medium,College,Medium,Neutral,Single,Public,Medium,69
480,97,19,98,1,4,3.4000000000000004,8,9,9,5,19,8.5,Low,Near,No,Low,Male,High,Yes,Yes,Medium,High School,Medium,Neutral,In Relationship,Private,Medium,68
481,65,14,81,1,3,1.8399999999999999,7,7,7,6,20,4.6,Medium,Moderate,Yes,Low,Female,Medium,Yes,No,Medium,High School,Low,Positive,In Relationship,Public,Medium,61
482,87,10,83,0,4,0.96,6,4,4,8,20,2.4,Low,Near,Yes,Low,Male,High,No,No,Medium,High School,Medium,Positive,Single,Public,Medium,63
483,60,21,93,0,2,0.47000000000000003,8,5,5,7,22,4.7,High,Far,Yes,Low,Female,Medium,Yes,No,Low,High School,Medium,Positive,In Relationship,Public,Medium,63
484,97,15,67,1,2,0.65,9,8,8,5,23,6.5,Medium,Near,Yes,Low,Male,Medium,Yes,No,Medium,College,Low,Neutral,Single,Public,High,68
485,65,11,78,2,3,2.3600000000000003,7,7,7,6,19,5.9,High,Near,No,Low,Female,Medium,Yes,No,Medium,Postgraduate,Medium,Neutral,Single,Public,Medium,63
486,64,16,79,3,4,1.92,7,7,7,6,22,4.8,Medium,Near,Yes,Medium,Female,High,Yes,Yes,Medium,Postgraduate,High,Positive,Single,Private,Medium,66
487,73,14,98,2,4,2.2,5,7,7,6,19,5.5,Medium,Moderate,Yes,Low,Female,High,Yes,No,Medium,High School,High,Negative,Single,Public,Medium,65
488,75,30,57,0,1,0.45999999999999996,7,5,5,7,21,4.6,High,Near,No,Low,Female,Low,Yes,Yes,High,College,High,Neutral,In Relationship,Public,Medium,68
489,69,25,88,0,4,3.12,7,9,9,5,20,7.8,Medium,Near,Yes,Low,Female,High,Yes,No,High,College,Medium,Negative,In Relationship,Public,Medium,66
490,83,20,79,2,5,0.48,7,5,5,7,24,4.8,Low,Moderate,No,Medium,Male,High,No,No,Low,Postgraduate,Low,Positive,In Relationship,Public,Medium,66
491,78,29,92,2,4,0.43,6,5,5,7,22,4.3,Medium,Near,No,Low,Male,High,Yes,No,Medium,High School,High,Negative,In Relationship,Private,Medium,70
492,61,20,92,0,2,2.3600000000000003,8,7,7,6,20,5.9,Low,Near,Yes,Medium,Female,Medium,Yes,No,Medium,High School,Low,Negative,In Relationship,Public,Medium,61
493,73,15,51,2,3,3.08,7,9,9,5,19,7.7,Low,Moderate,Yes,Low,Male,Medium,Yes,No,Medium,High School,Medium,Negative,In Relationship,Private,High,61
494,92,29,63,1,4,0.52,10,6,6,7,22,5.2,Medium,Moderate,Yes,Low,Male,High,Yes,No,High,High School,Medium,Negative,In Relationship,Private,High,71
495,88,23,59,1,2,0.37000000000000005,7,5,5,7,21,3.7,Medium,Near,Yes,Medium,Male,Medium,Yes,No,Medium,High School,Low,Negative,Single,Public,Medium,67
496,89,14,73,2,3,0.6000000000000001,4,7,7,6,22,6,High,Near,Yes,Medium,Male,Medium,Yes,No,Medium,College,High,Negative,Single,Public,High,70
497,88,19,95,2,4,2.68,5,9,9,4,19,6.7,Medium,Moderate,No,Low,Male,High,Yes,No,Medium,College,High,Negative,Single,Private,Medium,69
498,72,15,50,2,4,3,8,9,9,5,19,7.5,High,Near,No,Medium,Female,High,Yes,No,Medium,High School,High,Neutral,In Relationship,Public,Medium,65
499,64,12,74,0,2,2.2,6,8,8,6,20,5.5,Low,Moderate,Yes,Medium,Male,Medium,Yes,No,High,High School,High,Positive,In Relationship,Public,Medium,61
500,71,26,94,3,4,0.5900000000000001,6,7,7,6,24,5.9,Low,Near,No,Low,Male,High,Yes,No,Low,Postgraduate,Medium,Positive,Single,Public,Medium,68
501,93,31,96,2,2,0.48,5,7,7,6,21,4.8,Low,Near,Yes,Low,Male,Medium,Yes,No,Medium,High School,High,Positive,In Relationship,Public,Medium,74
502,99,12,83,1,3,2.68,6,9,9,4,19,6.7,Medium,Near,No,Medium,Female,Medium,Yes,No,Low,High School,Medium,Negative,Single,Public,Medium,67
503,80,23,91,5,1,1.1199999999999999,7,5,5,7,20,2.8,Medium,Near,Yes,High,Female,Low,Yes,No,Low,High School,Medium,Negative,In Relationship,Public,Medium,70
504,60,16,66,1,2,1.8800000000000001,8,7,7,6,19,4.7,Medium,Moderate,Yes,High,Female,Medium,Yes,Yes,Low,High School,Low,Neutral,In Relationship,Private,High,59
505,66,17,64,0,2,2.32,5,9,9,5,18,5.8,High,Near,No,Medium,Male,Medium,Yes,No,Low,College,High,Neutral,Single,Private,High,64
506,73,16,52,2,4,2.52,8,8,8,5,22,6.3,Medium,Near,Yes,Medium,Female,High,Yes,No,Medium,College,High,Positive,Single,Public,High,66
507,83,15,75,1,3,0.43,5,4,4,8,21,4.3,Low,Far,Yes,Medium,Female,Medium,Yes,No,Medium,High School,Low,Neutral,Single,Public,Medium,63
508,63,20,73,0,3,0.65,8,7,7,6,21,6.5,Low,Near,Yes,High,Female,Medium,Yes,No,Low,College,Low,Neutral,Single,Public,Medium,61
509,98,15,69,2,4,2.08,8,7,7,6,20,5.2,High,Moderate,Yes,Low,Female,High,Yes,No,Low,High School,Low,Neutral,In Relationship,Public,Medium,68
510,75,22,56,3,3,2.72,6,9,9,4,22,6.8,Medium,Far,No,Medium,Male,Medium,Yes,No,Low,High School,Medium,Positive,Single,Private,Medium,65
511,97,20,62,1,4,1.9600000000000002,5,8,8,6,22,4.9,High,Far,No,Medium,Male,High,Yes,No,Medium,High School,Medium,Neutral,In Relationship,Private,Medium,69
512,91,19,60,2,4,0.6200000000000001,8,7,7,6,19,6.2,Low,Moderate,Yes,Low,Male,High,Yes,No,Medium,High School,High,Neutral,Single,Private,Medium,68
513,90,15,97,2,2,0.45,6,5,5,7,21,4.5,Low,Near,Yes,High,Male,Medium,Yes,No,Low,High School,Medium,Positive,In Relationship,Public,High,69
514,84,17,98,1,2,1.2800000000000002,7,6,6,7,19,3.2,Low,Far,Yes,Low,Female,Medium,Yes,No,High,College,Medium,Neutral,Single,Public,High,67
515,85,25,50,1,1,0.25,8,4,4,8,23,2.5,High,Moderate,No,High,Female,Low,Yes,No,High,College,High,Neutral,In Relationship,Public,Medium,70
516,86,23,59,1,3,1.6,8,6,6,7,19,4,Medium,Moderate,Yes,Low,Female,Medium,Yes,No,Low,Postgraduate,Medium,Neutral,Single,Public,Medium,68
517,85,14,94,0,4,2,6,7,7,6,22,5,Medium,Near,No,High,Male,High,Yes,No,Low,College,Medium,Positive,Single,Public,Medium,67
518,82,21,52,4,3,1.7600000000000002,7,7,7,6,22,4.4,Medium,Far,No,Low,Male,Medium,Yes,No,Medium,High School,High,Neutral,Single,Public,Medium,67
519,99,25,97,0,3,2.64,6,9,9,4,19,6.6,Medium,Moderate,Yes,Medium,Male,Medium,Yes,No,High,College,High,Positive,In Relationship,Public,Medium,75
520,89,10,69,3,4,0.7200000000000001,8,9,9,4,22,7.2,Low,Moderate,Yes,Low,Male,High,Yes,No,Low,College,Low,Negative,Single,Public,Medium,63
521,91,23,77,1,5,0.65,9,8,8,5,21,6.5,Medium,Near,No,Low,Male,High,Yes,No,High,High School,Low,Positive,In Relationship,Public,Medium,70
522,95,16,88,2,4,3.24,6,9,9,5,19,8.1,Low,Near,Yes,High,Female,High,Yes,No,Low,High School,Medium,Positive,In Relationship,Public,High,70
523,69,23,62,1,4,0.48,7,6,6,7,22,4.8,High,Far,Yes,Medium,Male,High,Yes,Yes,Medium,High School,Medium,Neutral,In Relationship,Public,Medium,64
524,63,15,55,0,3,1.7600000000000002,8,5,5,7,20,4.4,Low,Near,No,Medium,Female,Medium,Yes,No,Low,College,Medium,Neutral,In Relationship,Public,Low,59
525,79,9,90,1,3,1.8399999999999999,7,7,7,6,20,4.6,Low,Near,No,High,Male,Medium,Yes,No,High,High School,Medium,Neutral,Single,Public,Low,63
526,81,10,99,2,4,0.38,8,5,5,7,22,3.8,Medium,Moderate,Yes,Medium,Female,High,No,No,Medium,Postgraduate,High,Positive,Single,Public,Medium,67
527,93,20,83,0,2,1.9600000000000002,7,7,7,6,19,4.9,High,Near,Yes,Medium,Male,Medium,Yes,Yes,Medium,High School,Low,Negative,Single,Private,Medium,68
528,78,22,91,0,3,0.47000000000000003,5,5,5,7,22,4.7,Medium,Near,Yes,Medium,Male,Medium,Yes,No,Low,Postgraduate,Medium,Negative,In Relationship,Private,High,68
529,83,15,97,2,2,2.5600000000000005,7,8,8,5,19,6.4,Medium,Near,No,Low,Female,Medium,Yes,No,Medium,High School,Medium,Neutral,Single,Private,High,97
530,81,24,61,1,4,2,9,8,8,6,21,5,Low,Near,No,Low,Female,High,Yes,No,Medium,College,Medium,Positive,In Relationship,Public,Low,66
531,62,10,68,3,3,0.31000000000000005,7,5,5,7,22,3.1,Low,Near,No,Medium,Male,Medium,Yes,No,High,Postgraduate,Medium,Neutral,Single,Public,Medium,61
532,85,20,61,2,3,1.64,9,5,5,7,19,4.1,Medium,Near,No,High,Male,Medium,Yes,No,High,College,High,Positive,In Relationship,Public,Medium,70
533,93,13,53,1,1,2.64,4,8,8,5,20,6.6,Low,Near,Yes,Medium,Male,Low,Yes,No,High,Postgraduate,Low,Positive,Single,Public,Low,65
534,66,16,87,3,2,2.12,8,7,7,6,19,5.3,Medium,Moderate,Yes,Medium,Female,Medium,Yes,No,High,High School,Low,Positive,Single,Public,Medium,64
535,84,20,57,2,4,0.44000000000000006,6,5,5,7,20,4.4,High,Far,Yes,Medium,Female,High,Yes,No,High,High School,Medium,Positive,In Relationship,Public,Medium,69
536,84,15,55,1,2,2.5600000000000005,6,8,8,6,19,6.4,High,Near,No,Medium,Male,Medium,Yes,No,Low,High School,Medium,Negative,Single,Private,Medium,64
537,67,18,68,2,2,0.32000000000000006,9,3,3,8,19,3.2,Low,Near,Yes,Low,Male,Medium,Yes,No,Low,Postgraduate,Low,Negative,Single,Private,High,61
538,65,26,53,3,2,2.2399999999999998,7,8,8,5,19,5.6,Medium,Near,No,High,Female,Medium,Yes,No,Low,High School,Low,Positive,In Relationship,Public,Medium,64
539,99,17,59,0,3,2.32,6,7,7,6,21,5.8,High,Moderate,No,Medium,Male,Medium,Yes,No,Medium,High School,Medium,Neutral,Single,Public,Medium,68
540,76,25,53,1,3,0.38,8,4,4,8,21,3.8,High,Far,No,High,Female,Medium,Yes,Yes,High,High School,Medium,Positive,In Relationship,Public,High,67
541,69,13,94,3,3,3,4,9,9,5,19,7.5,Low,Near,No,Low,Male,Medium,Yes,Yes,Medium,High School,High,Positive,In Relationship,Public,Low,62
542,67,23,89,2,2,2.2800000000000002,9,7,7,6,19,5.7,Medium,Near,Yes,Low,Female,Medium,Yes,No,Medium,High School,Medium,Neutral,Single,Public,High,66
543,87,29,93,1,4,0.35000000000000003,10,5,5,7,21,3.5,High,Moderate,Yes,Low,Male,High,Yes,No,High,High School,Medium,Neutral,Single,Public,Medium,72
544,84,5,93,4,3,0.49000000000000005,8,5,5,7,19,4.9,Medium,Moderate,Yes,High,Male,Medium,Yes,No,High,College,Medium,Positive,Single,Public,High,68
545,86,15,97,4,3,0.65,8,8,8,5,19,6.5,High,Near,Yes,High,Male,Medium,Yes,No,Medium,High School,Medium,Positive,Single,Public,Medium,71
546,64,23,59,3,2,1.92,7,7,7,6,22,4.8,Medium,Moderate,Yes,Medium,Female,Medium,Yes,No,High,High School,Medium,Positive,Single,Public,Medium,65
547,96,19,95,2,3,1.08,5,4,4,8,19,2.7,Low,Moderate,Yes,Medium,Female,Medium,No,No,Low,High School,Medium,Neutral,Single,Private,Low,68
548,76,22,76,2,5,0.35000000000000003,9,3,3,8,19,3.5,Low,Far,No,Low,Female,High,Yes,No,Medium,High School,Medium,Neutral,Single,Public,High,65
549,73,16,58,1,4,0.45999999999999996,8,7,7,6,21,4.6,Low,Near,Yes,Medium,Female,High,Yes,No,Medium,High School,High,Neutral,Single,Public,Medium,64
550,78,21,83,2,4,0.33,8,3,3,8,19,3.3,Low,Far,No,Medium,Male,High,Yes,Yes,Medium,High School,Medium,Positive,Single,Public,Medium,65
551,76,19,66,0,4,1.04,8,4,4,8,20,2.6,High,Near,Yes,Low,Male,High,Yes,Yes,Low,High School,High,Negative,Single,Private,High,65
552,95,27,52,3,3,0.6400000000000001,7,8,8,5,22,6.4,Medium,Moderate,No,Medium,Female,Medium,Yes,No,High,College,High,Negative,In Relationship,Private,High,73
553,97,22,54,1,3,1.64,6,6,6,7,22,4.1,High,Near,Yes,Low,Male,Medium,Yes,No,Medium,Postgraduate,Medium,Positive,In Relationship,Public,High,72
554,72,22,71,1,1,0.55,10,7,7,6,21,5.5,Medium,Near,Yes,Medium,Male,Low,Yes,No,Medium,College,Low,Negative,Single,Private,Medium,64
555,95,18,91,0,4,2.8800000000000003,7,9,9,5,20,7.2,Medium,Moderate,Yes,Low,Male,High,Yes,Yes,Low,Postgraduate,Medium,Positive,In Relationship,Public,Medium,69
556,91,17,66,1,3,1.8399999999999999,6,8,8,5,20,4.6,Medium,Near,No,High,Male,Medium,Yes,No,High,High School,Medium,Positive,In Relationship,Private,Medium,69
557,97,17,88,0,2,0.27999999999999997,9,4,4,8,22,2.8,High,Near,Yes,Medium,Male,Medium,No,No,Medium,High School,Medium,Positive,Single,Public,Medium,70
558,70,22,53,1,3,1.8399999999999999,7,7,7,6,20,4.6,Medium,Near,No,Low,Female,Medium,Yes,No,Low,High School,Low,Positive,Single,Public,Medium,83
559,83,17,70,3,5,1.92,7,7,7,6,22,4.8,Medium,Near,No,Low,Female,High,Yes,No,Low,Postgraduate,High,Neutral,Single,Private,Medium,68
560,71,22,56,1,3,0.32000000000000006,9,5,5,7,22,3.2,High,Near,Yes,Low,Female,Medium,Yes,Yes,High,College,Low,Neutral,In Relationship,Public,High,84
561,93,32,93,1,3,1.2400000000000002,8,5,5,7,19,3.1,Medium,Far,Yes,Medium,Female,Medium,Yes,No,High,Postgraduate,Medium,Negative,In Relationship,Public,High,75
562,60,25,98,1,5,0.7400000000000001,8,8,8,5,22,7.4,High,Near,No,Medium,Female,High,Yes,No,Medium,Postgraduate,Low,Neutral,In Relationship,Public,Medium,67
563,83,18,66,0,4,2.2800000000000002,5,7,7,6,19,5.7,High,Near,Yes,High,Male,High,Yes,No,Medium,Postgraduate,Medium,Positive,Single,Private,Medium,69
564,74,27,99,3,4,1.9600000000000002,8,7,7,6,19,4.9,Medium,Near,No,Medium,Male,High,No,No,High,High School,High,Positive,Single,Public,Medium,71
565,73,18,88,1,5,1.8399999999999999,5,8,8,5,20,4.6,Low,Near,Yes,Medium,Female,High,Yes,No,Medium,College,Medium,Positive,In Relationship,Public,Medium,66
566,86,8,50,1,2,0.7400000000000001,6,8,8,5,19,7.4,High,Near,No,Medium,Male,Medium,Yes,No,High,College,Medium,Positive,In Relationship,Public,Medium,65
567,94,14,74,1,5,1.56,7,6,6,7,21,3.9,Medium,Near,No,High,Male,High,Yes,No,Medium,College,High,Positive,Complicated,Private,Medium,70
568,84,9,92,1,4,0.26,7,4,4,8,23,2.6,Low,Near,No,Low,Male,High,Yes,No,High,Postgraduate,High,Negative,In Relationship,Public,High,66
569,94,18,77,3,4,2.8000000000000003,8,9,9,4,19,7,Medium,Near,Yes,Medium,Male,High,Yes,No,Medium,Postgraduate,High,Positive,Single,Public,High,74
570,71,20,77,0,4,2.32,8,8,8,5,19,5.8,Medium,Moderate,No,High,Male,High,Yes,No,Medium,High School,High,Neutral,Complicated,Private,Medium,66
571,81,30,72,0,2,0.49000000000000005,8,6,6,7,21,4.9,High,Moderate,No,Low,Male,Medium,Yes,No,Low,High School,Medium,Neutral,In Relationship,Public,Medium,68
572,78,22,70,2,1,0.63,5,7,7,6,21,6.3,High,Near,Yes,Low,Male,Low,Yes,No,Medium,College,Medium,Positive,Single,Public,Medium,68
573,60,19,51,0,3,1.8,10,5,5,8,20,4.5,High,Near,No,Medium,Female,Medium,Yes,Yes,Medium,College,Medium,Positive,Single,Public,Medium,62
574,82,25,81,2,2,2.7600000000000002,7,9,9,4,20,6.9,High,Moderate,Yes,Medium,Male,Medium,Yes,No,Medium,Postgraduate,Medium,Neutral,Single,Private,Medium,71
575,86,7,88,2,2,0.55,9,7,7,6,22,5.5,Low,Near,No,Low,Female,Medium,Yes,No,Medium,College,Medium,Negative,Single,Public,Medium,63
576,84,21,90,2,3,2.2,4,8,8,6,20,5.5,High,Far,No,Medium,Male,Medium,Yes,No,Medium,High School,High,Neutral,Single,Public,Low,69
577,89,25,81,3,0,1.64,7,7,7,5,20,4.1,Medium,Near,Yes,Medium,Male,Low,Yes,No,High,College,Medium,Negative,Single,Public,Medium,71
578,83,11,67,1,2,0.5,5,6,6,6,20,5,Low,Near,Yes,Medium,Male,Medium,Yes,No,Medium,Postgraduate,High,Positive,Single,Public,Medium,66
579,63,27,51,0,2,2.32,6,7,7,6,22,5.8,High,Moderate,No,Low,Male,Medium,Yes,No,Low,Postgraduate,Medium,Positive,Single,Public,Medium,64
580,65,22,95,3,2,2.64,7,8,8,5,24,6.6,Medium,Moderate,Yes,Low,Female,Medium,Yes,No,Low,High School,Medium,Positive,Single,Public,Medium,65
581,84,18,71,4,2,1.6,6,5,5,7,18,4,High,Near,No,Medium,Female,Medium,Yes,No,Medium,High School,Medium,Positive,Single,Public,Low,69
582,71,24,80,2,3,2.32,9,8,8,5,20,5.8,Low,Near,No,Medium,Female,Medium,Yes,No,Medium,High School,Medium,Positive,Single,Private,High,66
583,63,34,60,1,4,0.22999999999999998,10,4,4,8,22,2.3,High,Near,Yes,Medium,Female,High,Yes,No,Low,High School,Medium,Negative,In Relationship,Public,Medium,67
584,77,21,57,4,5,2.68,6,9,9,4,19,6.7,Low,Far,Yes,Low,Male,High,Yes,No,Medium,High School,Medium,Negative,Single,Public,Medium,65
585,82,21,54,3,2,2.2,6,7,7,6,21,5.5,Low,Moderate,Yes,Low,Male,Medium,Yes,No,High,College,Low,Negative,Single,Public,Medium,65
586,73,17,90,1,4,0.6900000000000001,5,8,8,5,20,6.9,Medium,Near,No,Low,Male,High,Yes,No,High,High School,High,Positive,In Relationship,Private,Medium,67
587,89,15,82,1,3,0.51,9,6,6,7,21,5.1,Medium,Near,Yes,Medium,Male,Medium,Yes,No,Low,College,Low,Neutral,In Relationship,Public,Medium,66
588,86,25,81,1,1,0.43,7,4,4,8,20,4.3,Medium,Near,Yes,High,Male,Low,Yes,No,Low,High School,Medium,Positive,Single,Public,Low,69
589,73,15,96,1,2,0.52,7,6,6,7,22,5.2,High,Near,No,Low,Male,Medium,Yes,No,Low,College,Medium,Negative,In Relationship,Public,Medium,64
590,90,20,58,1,4,1.8399999999999999,7,7,7,5,21,4.6,Medium,Near,Yes,High,Male,High,Yes,No,High,High School,Medium,Neutral,In Relationship,Private,High,70
591,86,17,59,3,3,1.6800000000000002,7,6,6,7,19,4.2,Medium,Moderate,Yes,Low,Male,Medium,Yes,No,Low,Postgraduate,High,Positive,Single,Public,Medium,68
592,85,23,59,1,1,2.7600000000000002,6,9,9,4,20,6.9,Low,Near,Yes,Medium,Male,Low,Yes,No,Low,High School,High,Negative,Single,Public,Medium,68
593,82,22,71,1,3,1.6800000000000002,7,7,7,5,21,4.2,Medium,Near,Yes,High,Female,Medium,Yes,No,Low,High School,High,Positive,In Relationship,Private,Medium,69
594,60,26,94,3,2,2.64,7,8,8,5,19,6.6,Medium,Moderate,Yes,High,Female,Medium,Yes,No,High,High School,Medium,Positive,In Relationship,Public,Medium,68
595,88,17,94,5,2,0.22000000000000003,8,3,3,8,24,2.2,Medium,Near,Yes,Medium,Female,Medium,Yes,Yes,Medium,College,Medium,Neutral,Single,Public,Medium,70
596,75,18,80,2,3,0.51,5,5,5,7,19,5.1,Medium,Near,Yes,Low,Female,Medium,Yes,No,Medium,High School,High,Neutral,Single,Public,High,67
597,98,14,83,3,3,0.30000000000000004,7,4,4,8,21,3,High,Near,Yes,Low,Male,Medium,No,No,Medium,College,High,Positive,In Relationship,Public,Medium,72
598,93,17,95,1,4,1.7600000000000002,6,5,5,7,20,4.4,Low,Near,No,Low,Male,High,Yes,No,Medium,High School,High,Neutral,In Relationship,Public,Medium,69
599,84,22,81,1,3,2.2800000000000002,7,7,7,6,23,5.7,Medium,Moderate,No,Medium,Male,Medium,Yes,No,Medium,High School,High,Positive,Single,Private,Low,69
600,70,25,61,3,4,1.52,8,7,7,6,22,3.8,Medium,Moderate,Yes,Low,Female,High,No,No,Low,College,Low,Positive,Single,Public,Medium,64
601,68,14,85,2,3,1.4000000000000001,6,4,4,8,19,3.5,Medium,Near,Yes,Medium,Female,Medium,Yes,No,Medium,High School,Low,Neutral,Single,Public,Medium,63
602,74,25,88,3,3,0.38,9,4,4,8,21,3.8,High,Near,Yes,Medium,Male,Medium,Yes,Yes,Medium,High School,High,Neutral,In Relationship,Public,High,70
603,79,28,82,0,3,1.4400000000000002,4,7,7,6,22,3.6,Medium,Near,Yes,Medium,Male,Medium,Yes,No,Medium,High School,High,Positive,Single,Private,Medium,70
604,72,22,64,1,2,0.45999999999999996,9,5,5,7,19,4.6,Medium,Near,Yes,Medium,Female,Medium,Yes,No,Low,College,High,Negative,In Relationship,Public,Medium,66
605,81,31,70,1,4,2.44,9,7,7,6,20,6.1,Medium,Near,No,Low,Female,High,Yes,No,Low,Postgraduate,Medium,Neutral,Single,Public,Medium,70
606,67,15,74,0,2,2.72,6,9,9,5,20,6.8,High,Near,Yes,High,Female,Medium,Yes,No,High,Postgraduate,Medium,Positive,In Relationship,Public,Medium,66
607,99,13,57,1,5,2.5600000000000005,6,8,8,6,19,6.4,Medium,Near,Yes,Low,Male,High,Yes,No,Medium,College,Medium,Negative,Single,Public,Medium,68
608,64,9,73,1,4,2.7600000000000002,5,9,9,4,19,6.9,Medium,Near,No,Medium,Male,High,Yes,No,Medium,College,Medium,Positive,Single,Public,Medium,61
609,97,29,58,1,4,2,8,8,8,5,20,5,Medium,Moderate,No,High,Female,High,Yes,No,Medium,College,Medium,Negative,In Relationship,Private,Medium,72
610,97,24,75,1,2,1.8,7,7,7,6,20,4.5,Low,Moderate,No,Medium,Female,Medium,Yes,No,Low,High School,High,Negative,Complicated,Public,Medium,69
611,81,20,53,0,4,0.45999999999999996,6,5,5,7,22,4.6,Low,Far,Yes,Medium,Female,High,Yes,No,Low,High School,Medium,Neutral,In Relationship,Public,Low,63
612,89,22,97,2,5,1.2000000000000002,5,4,4,8,20,3,High,Near,Yes,Medium,Male,High,Yes,No,Medium,High School,Medium,Neutral,Single,Private,Medium,72
613,77,13,62,1,4,1.08,10,4,4,8,19,2.7,Medium,Moderate,Yes,High,Male,High,Yes,No,Medium,College,Medium,Neutral,Single,Private,Medium,65
614,85,35,73,1,5,1.7600000000000002,6,7,7,5,21,4.4,High,Moderate,Yes,High,Female,High,Yes,No,High,High School,Medium,Negative,In Relationship,Public,Medium,74
615,74,21,52,1,4,1.9600000000000002,7,7,7,5,20,4.9,Low,Far,Yes,High,Male,High,Yes,No,Low,High School,Medium,Negative,Single,Public,Medium,62
616,72,21,60,0,4,0.29,7,5,5,7,22,2.9,Medium,Near,No,Low,Male,High,Yes,No,Low,Postgraduate,High,Neutral,In Relationship,Private,Medium,65
617,83,24,85,1,4,2.3600000000000003,6,7,7,6,20,5.9,High,Moderate,No,Low,Female,High,Yes,No,Low,High School,Low,Neutral,Single,Public,High,68
618,80,23,56,3,2,1.56,6,6,6,7,21,3.9,Low,Near,Yes,Medium,Male,Medium,Yes,Yes,Medium,High School,Medium,Positive,Complicated,Public,Medium,66
619,83,21,81,3,4,2.08,6,8,8,5,21,5.2,Medium,Moderate,Yes,High,Male,High,Yes,No,Low,Postgraduate,High,Negative,In Relationship,Public,Medium,71
620,71,15,50,1,2,1.56,8,7,7,6,20,3.9,High,Near,No,Medium,Female,Medium,Yes,Yes,Low,Postgraduate,Medium,Neutral,Single,Public,Medium,62
621,75,23,73,1,2,1.92,6,7,7,5,19,4.8,High,Moderate,Yes,Low,Female,Medium,Yes,No,Low,High School,Low,Positive,Single,Public,Medium,65
622,63,31,86,0,3,0.43,9,4,4,8,20,4.3,High,Moderate,No,High,Male,Medium,Yes,No,Low,Postgraduate,Medium,Neutral,Single,Public,Medium,68
623,62,28,96,4,3,1.8,6,8,8,6,22,4.5,High,Near,No,Medium,Male,Medium,Yes,No,Medium,High School,Medium,Positive,In Relationship,Public,High,70
624,70,30,75,1,2,1.72,8,5,5,7,21,4.3,Medium,Near,No,Medium,Female,Medium,Yes,No,Medium,High School,Low,Positive,In Relationship,Private,Medium,67
625,63,17,92,2,4,0.27999999999999997,4,4,4,8,23,2.8,Medium,Near,No,Low,Female,High,Yes,No,Medium,High School,Medium,Negative,In Relationship,Public,Medium,63
626,64,14,90,0,2,0.45,6,5,5,7,23,4.5,High,Near,Yes,Low,Female,Medium,Yes,No,Low,High School,High,Negative,In Relationship,Private,High,63
627,93,19,65,0,3,1.6,6,7,7,6,22,4,High,Near,No,Medium,Male,Medium,Yes,No,Medium,High School,Medium,Neutral,Single,Public,High,69
628,62,20,94,3,3,1.6800000000000002,5,7,7,6,22,4.2,Medium,Near,Yes,Medium,Male,Medium,Yes,No,High,Postgraduate,Low,Neutral,Single,Public,Medium,66
629,86,27,82,2,3,1.92,7,7,7,6,19,4.8,Medium,Moderate,Yes,Low,Female,Medium,Yes,No,Low,High School,Medium,Positive,Single,Public,Medium,70
630,71,10,55,2,3,2.08,7,8,8,6,19,5.2,Medium,Near,Yes,Low,Female,Medium,Yes,No,High,College,Medium,Positive,In Relationship,Public,High,63
631,95,29,97,0,4,2.9600000000000004,4,9,9,5,20,7.4,Medium,Moderate,Yes,Medium,Female,High,Yes,Yes,Medium,College,Low,Positive,In Relationship,Private,Medium,72
632,79,19,59,1,3,0.58,10,7,7,6,22,5.8,Medium,Moderate,Yes,Medium,Male,Medium,Yes,Yes,Low,College,High,Neutral,Single,Public,Medium,65
633,72,17,74,2,4,2,7,8,8,6,21,5,High,Far,Yes,High,Male,High,Yes,No,Low,Postgraduate,Medium,Positive,In Relationship,Public,Medium,67
634,81,14,73,1,3,2.04,7,7,7,6,19,5.1,Medium,Moderate,Yes,High,Male,Medium,No,Yes,Low,High School,Medium,Positive,Single,Private,Medium,63
635,75,10,81,3,5,1.8,9,7,7,5,20,4.5,Medium,Near,No,Low,Female,High,Yes,No,Medium,High School,High,Negative,Single,Public,High,65
636,83,25,83,2,1,0.42000000000000004,8,5,5,7,22,4.2,Medium,Moderate,Yes,Low,Female,Low,Yes,Yes,Medium,High School,Medium,Neutral,Single,Public,Medium,67
637,65,20,62,0,0,1.64,7,5,5,7,19,4.1,Low,Near,Yes,Medium,Male,Low,Yes,Yes,High,Postgraduate,Medium,Neutral,In Relationship,Public,Medium,80
638,100,12,68,2,3,1.4800000000000002,4,5,5,7,19,3.7,Medium,Far,Yes,Low,Male,Medium,Yes,No,Medium,College,Medium,Neutral,In Relationship,Public,Medium,68
639,77,12,57,2,2,0.6000000000000001,8,8,8,5,21,6,Medium,Moderate,Yes,Low,Male,Medium,Yes,No,Medium,College,Medium,Negative,In Relationship,Public,High,63
640,74,18,56,1,3,1.6800000000000002,6,5,5,8,21,4.2,Medium,Moderate,No,Medium,Male,Medium,Yes,No,Medium,College,Medium,Positive,In Relationship,Private,Medium,64
641,88,30,91,3,3,0.27999999999999997,9,4,4,8,23,2.8,Medium,Near,No,Medium,Female,Medium,Yes,No,Medium,High School,Medium,Positive,In Relationship,Public,Low,73
642,75,18,88,2,1,0.6000000000000001,6,7,7,6,22,6,Medium,Near,Yes,Medium,Female,Low,Yes,Yes,Low,Postgraduate,Medium,Negative,Single,Public,High,66
643,93,11,72,2,3,2.68,6,9,9,4,21,6.7,Medium,Moderate,Yes,Low,Male,Medium,Yes,No,Low,College,Medium,Negative,Single,Public,Medium,66
644,78,19,55,0,4,1.72,5,5,5,7,23,4.3,High,Moderate,No,Medium,Male,High,Yes,No,Medium,High School,High,Neutral,In Relationship,Public,Medium,66
645,89,18,72,4,2,1.92,5,7,7,5,19,4.8,High,Near,Yes,Medium,Female,Medium,Yes,No,Low,High School,Medium,Neutral,Single,Public,Low,69
646,64,4,65,1,4,0.37000000000000005,7,5,5,7,22,3.7,High,Far,Yes,Medium,Male,High,Yes,No,Medium,High School,Medium,Negative,Single,Public,High,59
647,94,20,89,0,1,2.3600000000000003,7,9,9,5,18,5.9,Medium,Near,No,Low,Male,Low,Yes,No,Medium,High School,Medium,Neutral,Complicated,Private,Medium,68
648,89,19,55,1,3,0.43,6,5,5,7,19,4.3,Medium,Moderate,No,Low,Female,Medium,Yes,No,Medium,Postgraduate,Medium,Neutral,Single,Private,Medium,67
649,68,24,73,1,4,1.72,10,7,7,5,20,4.3,Medium,Moderate,Yes,Medium,Female,High,Yes,Yes,Low,High School,Medium,Neutral,Single,Public,Medium,64
650,66,31,80,0,4,2.8000000000000003,8,9,9,4,19,7,High,Near,Yes,Low,Female,High,Yes,No,Low,High School,Low,Negative,In Relationship,Private,Low,65
651,73,27,99,1,4,0.7200000000000001,7,9,9,4,22,7.2,Medium,Near,No,Low,Male,High,Yes,No,Low,College,Medium,Positive,Single,Public,Medium,68
652,99,18,54,0,3,0.52,4,6,6,6,20,5.2,High,Moderate,Yes,Medium,Male,Medium,Yes,No,Low,Postgraduate,Medium,Positive,In Relationship,Public,Medium,70
653,70,13,56,2,0,2.84,8,9,9,4,20,7.1,Medium,Near,No,Medium,Male,Low,Yes,No,Medium,High School,Medium,Neutral,Single,Public,High,62
654,78,35,99,1,2,0.42000000000000004,10,5,5,7,22,4.2,Low,Near,Yes,Low,Male,Medium,Yes,No,Medium,High School,High,Positive,In Relationship,Private,Medium,72
655,61,20,70,1,4,1.6,7,7,7,6,19,4,Low,Moderate,Yes,Medium,Female,High,Yes,No,Low,High School,Medium,Positive,Single,Private,Medium,62
656,76,20,87,1,4,0.32000000000000006,6,4,4,8,21,3.2,High,Moderate,Yes,Low,Male,High,Yes,No,Low,Postgraduate,High,Negative,In Relationship,Public,Medium,68
657,83,20,89,3,4,1.92,7,7,7,6,19,4.8,Medium,Near,No,Low,Female,High,Yes,No,Medium,High School,High,Negative,In Relationship,Private,High,69
658,98,21,66,3,5,0.35000000000000003,5,3,3,8,19,3.5,Medium,Near,No,High,Male,High,Yes,No,Low,High School,High,Positive,Single,Public,High,73
659,81,19,61,3,5,0.27999999999999997,8,3,3,8,19,2.8,High,Near,No,Medium,Male,High,Yes,No,Low,Postgraduate,High,Negative,Single,Private,Medium,69
660,93,17,64,1,3,0.5700000000000001,9,7,7,6,21,5.7,Medium,Moderate,Yes,Medium,Female,Medium,Yes,No,Medium,High School,Medium,Neutral,Single,Public,Medium,67
661,82,17,88,2,3,1.56,6,5,5,7,19,3.9,Low,Near,No,Low,Male,Medium,Yes,No,Low,Postgraduate,Medium,Neutral,Single,Private,Low,65
662,62,20,92,2,3,1.2000000000000002,6,4,4,8,20,3,Low,Moderate,No,Medium,Male,Medium,Yes,No,High,Postgraduate,Low,Positive,Single,Public,Medium,63
663,73,17,85,2,2,1.4800000000000002,7,4,4,8,19,3.7,Medium,Moderate,Yes,Low,Male,Medium,Yes,No,Medium,High School,High,Positive,Single,Public,Medium,66
664,83,16,72,1,2,1.7600000000000002,6,6,6,7,19,4.4,Medium,Near,No,Low,Male,Medium,Yes,No,Medium,College,Medium,Positive,Single,Public,High,66
665,98,21,63,0,2,0.61,5,7,7,6,21,6.1,High,Near,No,Low,Male,Medium,Yes,No,Low,Postgraduate,Medium,Neutral,Single,Public,High,70
666,94,18,71,2,3,0.5,6,6,6,6,20,5,Medium,Far,No,High,Male,Medium,Yes,No,Low,Postgraduate,Medium,Neutral,In Relationship,Public,Medium,69
667,69,29,96,1,4,0.65,6,8,8,5,24,6.5,High,Near,No,High,Female,High,Yes,No,Low,High School,Medium,Positive,Single,Public,Medium,70
668,69,4,93,2,3,1.4800000000000002,9,7,7,6,20,3.7,Low,Moderate,No,Medium,Female,Medium,No,No,Low,High School,Medium,Negative,Single,Private,High,58
669,68,27,66,3,3,2.2,9,8,8,6,20,5.5,Medium,Far,No,High,Male,Medium,Yes,No,Medium,High School,Medium,Positive,In Relationship,Private,Medium,67
670,97,27,66,1,3,2.12,9,7,7,6,21,5.3,High,Far,Yes,Low,Male,Medium,Yes,No,Low,High School,High,Positive,Single,Public,Medium,73
671,94,8,89,0,2,0.5900000000000001,8,7,7,6,21,5.9,Low,Near,No,Medium,Female,Medium,Yes,No,High,High School,High,Neutral,Single,Public,Medium,66
672,91,18,71,0,3,0.6400000000000001,7,7,7,6,22,6.4,High,Near,Yes,Medium,Male,Medium,Yes,No,High,High School,High,Neutral,Single,Public,Medium,70
673,76,18,79,1,2,2.7600000000000002,6,9,9,4,24,6.9,High,Far,No,Medium,Female,Medium,Yes,No,Medium,Postgraduate,High,Positive,Single,Private,Medium,67
674,80,12,71,1,3,1.7600000000000002,9,6,6,7,19,4.4,Low,Moderate,No,Low,Female,Medium,Yes,Yes,High,High School,Low,Positive,Single,Private,Low,60
675,79,15,62,1,3,0.58,8,8,8,6,20,5.8,Medium,Near,No,Low,Male,Medium,Yes,No,Low,College,High,Positive,In Relationship,Public,Low,65
676,70,13,59,0,2,1.8399999999999999,5,5,5,8,21,4.6,Medium,Near,No,Medium,Female,Medium,Yes,No,Medium,Postgraduate,Medium,Positive,In Relationship,Private,High,63
677,80,31,57,1,3,0.58,6,7,7,6,22,5.8,High,Near,Yes,Medium,Female,Medium,Yes,No,Low,High School,High,Positive,Single,Private,High,72
678,61,26,51,0,5,0.7200000000000001,5,9,9,4,22,7.2,Medium,Moderate,Yes,Low,Female,High,Yes,No,High,High School,Low,Neutral,Single,Private,Medium,62
679,65,28,64,6,3,2.32,4,9,9,5,18,5.8,Medium,Near,Yes,Medium,Male,Medium,Yes,No,Medium,Postgraduate,Medium,Neutral,Single,Public,High,70
680,95,24,59,2,1,2.2800000000000002,8,7,7,6,23,5.7,Low,Moderate,Yes,Low,Male,Low,Yes,No,Medium,College,High,Negative,Single,Public,High,70
681,90,13,63,0,4,0.48,5,5,5,7,24,4.8,Medium,Moderate,No,Low,Female,High,Yes,No,Medium,High School,Medium,Neutral,In Relationship,Public,Medium,64
682,77,17,54,3,4,0.37000000000000005,6,5,5,7,22,3.7,Medium,Moderate,Yes,Low,Male,High,Yes,No,Low,High School,Medium,Neutral,In Relationship,Public,Medium,64
683,81,23,67,0,5,2.08,7,8,8,6,21,5.2,Low,Moderate,Yes,Medium,Female,High,Yes,No,Medium,High School,Medium,Positive,In Relationship,Private,High,67
684,75,13,76,1,1,1.8,7,6,6,7,22,4.5,High,Moderate,Yes,Medium,Male,Low,Yes,No,High,High School,Medium,Negative,Single,Public,High,64
685,90,24,97,1,4,0.22999999999999998,6,4,4,8,24,2.3,Medium,Near,Yes,High,Male,High,Yes,No,Low,High School,Medium,Positive,In Relationship,Public,High,72
686,91,19,67,0,3,0.43,9,4,4,8,24,4.3,Low,Near,No,Medium,Female,Medium,Yes,No,Medium,College,Medium,Negative,Single,Private,Medium,66
687,91,18,52,2,4,0.45,5,5,5,7,21,4.5,Medium,Moderate,No,Medium,Female,High,Yes,No,Medium,High School,Medium,Negative,In Relationship,Public,Medium,66
688,89,24,68,0,2,0.51,5,7,7,6,22,5.1,High,Near,Yes,Low,Female,Medium,Yes,No,Medium,Postgraduate,Medium,Positive,Single,Public,High,71
689,68,23,91,5,5,0.45,8,5,5,7,19,4.5,Low,Near,No,Low,Female,High,Yes,No,Medium,Postgraduate,Low,Negative,Single,Public,Medium,66
690,74,18,67,2,2,1.52,6,7,7,6,19,3.8,Low,Near,Yes,Low,Male,Medium,Yes,No,High,High School,Medium,Neutral,Single,Public,High,64
691,79,27,65,0,2,0.37000000000000005,6,5,5,7,21,3.7,Low,Near,No,Medium,Male,Medium,Yes,No,Low,College,Medium,Negative,Single,Private,Medium,66
692,73,14,96,1,3,2.7600000000000002,5,8,8,5,20,6.9,Low,Moderate,Yes,Low,Female,Medium,Yes,No,Low,High School,Medium,Negative,In Relationship,Public,Medium,62
693,90,24,65,4,4,2.68,8,9,9,4,19,6.7,Medium,Moderate,No,Low,Male,High,Yes,No,Medium,High School,Medium,Neutral,Single,Public,Medium,70
694,73,24,99,3,3,1.8800000000000001,7,7,7,6,21,4.7,Medium,Near,Yes,Medium,Female,Medium,Yes,No,Medium,High School,Medium,Neutral,Single,Private,High,69
695,66,18,92,2,4,2.2399999999999998,7,7,7,6,24,5.6,Medium,Moderate,No,Low,Male,High,Yes,No,Medium,High School,High,Neutral,In Relationship,Private,Medium,65
696,76,22,84,2,3,0.4,6,4,4,8,22,4,Medium,Near,Yes,Medium,Male,Medium,Yes,No,High,High School,High,Neutral,In Relationship,Public,High,70
697,99,12,80,0,3,1.64,6,7,7,6,21,4.1,High,Moderate,Yes,High,Male,Medium,No,No,Medium,High School,High,Positive,Single,Public,Medium,70
698,69,26,61,1,2,1.32,7,4,4,7,21,3.3,Medium,Near,Yes,High,Male,Medium,Yes,No,Medium,College,Medium,Positive,In Relationship,Public,High,67
699,84,19,87,2,3,2.16,8,7,7,5,21,5.4,High,Moderate,Yes,Low,Female,Medium,Yes,No,Low,High School,Medium,Positive,Single,Public,High,69
700,77,17,67,0,5,0.49000000000000005,9,6,6,6,20,4.9,Medium,Near,No,Low,Female,High,Yes,Yes,Low,High School,Low,Neutral,Single,Public,High,62
701,63,26,74,1,4,0.45,9,7,7,6,21,4.5,High,Near,Yes,Low,Female,High,Yes,No,Medium,High School,Medium,Positive,In Relationship,Private,Medium,67
702,80,16,55,0,6,1.8800000000000001,8,5,5,7,22,4.7,Medium,Moderate,No,Low,Male,High,No,No,High,College,High,Positive,Single,Public,Medium,65
703,88,12,65,0,4,0.63,8,8,8,5,21,6.3,Medium,Near,No,Low,Male,High,Yes,No,Medium,High School,Medium,Positive,In Relationship,Public,Medium,65
704,81,11,76,1,3,0.22999999999999998,5,3,3,8,23,2.3,High,Far,Yes,Low,Male,Medium,Yes,No,Medium,Postgraduate,Medium,Neutral,In Relationship,Public,Medium,65
705,95,24,73,3,2,1.52,6,5,5,8,21,3.8,Low,Moderate,Yes,Low,Male,Medium,No,No,Medium,High School,Medium,Positive,In Relationship,Public,Medium,69
706,72,12,67,4,4,0.42000000000000004,8,4,4,7,22,4.2,Medium,Near,No,Medium,Male,High,Yes,No,Low,High School,Medium,Neutral,In Relationship,Public,Medium,63
707,63,31,74,3,2,1.8399999999999999,7,5,5,7,20,4.6,High,Moderate,Yes,Medium,Male,Medium,Yes,No,Low,College,Low,Negative,Single,Public,Medium,66
708,97,8,87,0,2,0.49000000000000005,8,5,5,7,19,4.9,High,Near,Yes,Medium,Male,Medium,Yes,Yes,Medium,High School,Medium,Positive,Single,Public,Medium,67
709,75,30,73,1,3,2.12,8,8,8,5,21,5.3,Medium,Near,No,Medium,Male,Medium,Yes,No,High,College,Medium,Negative,In Relationship,Public,Medium,69
710,83,21,75,1,2,1.6800000000000002,8,7,7,6,20,4.2,Medium,Far,Yes,Low,Male,Medium,Yes,No,High,High School,Medium,Neutral,Complicated,Public,High,67
711,92,19,85,1,4,2.5600000000000005,5,8,8,6,19,6.4,Medium,Near,Yes,Medium,Male,High,Yes,No,Medium,High School,Medium,Neutral,Single,Private,High,70
712,73,17,92,2,2,1.7600000000000002,7,5,5,7,20,4.4,High,Moderate,Yes,High,Male,Medium,Yes,No,Medium,High School,High,Negative,In Relationship,Private,Medium,67
713,89,22,76,2,4,1.52,6,7,7,6,19,3.8,Medium,Near,No,Low,Male,High,Yes,No,Medium,High School,High,Neutral,Single,Public,Medium,70
714,65,20,97,0,3,2.64,6,8,8,5,20,6.6,High,Moderate,Yes,Low,Female,Medium,Yes,No,Medium,High School,High,Negative,Single,Private,Low,65
715,72,27,68,0,3,0.29,4,5,5,7,22,2.9,Low,Near,No,Medium,Male,Medium,No,Yes,Medium,College,Medium,Negative,Complicated,Public,High,63
716,66,21,63,0,3,1.8399999999999999,7,7,7,6,20,4.6,Medium,Near,Yes,High,Female,Medium,Yes,No,Medium,High School,Medium,Neutral,Single,Public,Medium,64
717,92,21,85,1,3,2.44,4,7,7,6,20,6.1,Medium,Far,Yes,High,Male,Medium,Yes,No,Low,High School,High,Negative,Single,Public,Medium,69
718,69,18,59,1,4,1.32,8,4,4,8,19,3.3,Medium,Near,No,Low,Female,High,No,No,Low,High School,Low,Positive,Single,Public,Medium,60
719,89,20,95,3,3,1.2400000000000002,9,4,4,8,19,3.1,Medium,Moderate,Yes,Low,Male,Medium,Yes,No,Medium,High School,Low,Positive,Single,Public,Medium,69
720,98,22,69,4,2,0.41,8,5,5,7,21,4.1,Low,Near,Yes,High,Female,Medium,Yes,No,Medium,High School,Medium,Positive,Single,Private,Medium,72
721,81,10,85,1,2,1.6,7,7,7,6,22,4,Low,Near,Yes,Low,Male,Medium,Yes,No,Low,College,Medium,Neutral,Single,Public,Medium,63
722,82,12,79,0,2,0.53,9,7,7,6,23,5.3,Medium,Moderate,No,Low,Female,Medium,Yes,No,High,College,Low,Positive,In Relationship,Private,Medium,63
723,78,24,53,0,4,3.16,7,9,9,5,19,7.9,Low,Near,Yes,Medium,Male,High,Yes,Yes,High,High School,High,Neutral,In Relationship,Public,Medium,66
724,73,21,85,6,5,1.9600000000000002,6,7,7,6,19,4.9,Medium,Near,No,Medium,Male,High,Yes,No,Medium,College,Medium,Neutral,Complicated,Public,High,70
725,79,19,90,1,4,2.2800000000000002,7,7,7,6,19,5.7,High,Far,Yes,High,Female,High,Yes,No,Medium,College,Medium,Negative,Single,Public,Medium,68
726,84,20,99,2,3,1.8399999999999999,10,5,5,7,20,4.6,Medium,Moderate,Yes,Medium,Male,Medium,Yes,No,Low,High School,Medium,Positive,In Relationship,Private,Medium,69
727,99,22,71,0,4,0.6900000000000001,5,7,7,6,21,6.9,Medium,Near,Yes,Medium,Female,High,Yes,No,High,College,Medium,Neutral,Single,Public,High,72
728,98,17,75,1,3,0.38,5,6,6,7,20,3.8,High,Near,No,Low,Male,Medium,Yes,Yes,Low,College,Low,Positive,Complicated,Private,Low,67
729,94,15,94,1,4,0.51,8,7,7,6,22,5.1,Medium,Moderate,No,High,Male,High,Yes,No,Low,High School,Low,Positive,Single,Public,Medium,68
730,96,21,63,1,2,0.5599999999999999,7,8,8,5,18,5.6,High,Far,No,Medium,Female,Medium,Yes,No,Medium,Postgraduate,Medium,Negative,Single,Private,Medium,70
731,79,14,59,5,3,0.29,6,5,5,7,22,2.9,Medium,Far,Yes,Medium,Male,Medium,Yes,No,Medium,Postgraduate,High,Positive,In Relationship,Public,High,68
732,86,22,57,2,3,3.24,5,9,9,5,19,8.1,Medium,Moderate,Yes,Medium,Male,Medium,Yes,No,High,College,Medium,Positive,In Relationship,Public,Medium,69
733,96,10,99,1,5,2.08,4,8,8,6,19,5.2,Medium,Near,No,Medium,Female,High,Yes,No,Medium,College,Medium,Negative,In Relationship,Private,Medium,68
734,76,26,64,0,5,1.52,5,6,6,7,21,3.8,Medium,Far,No,Medium,Female,High,Yes,No,Low,College,Medium,Positive,Single,Public,Medium,66
735,98,23,88,1,4,2.68,9,9,9,4,21,6.7,Medium,Moderate,No,Low,Female,High,Yes,No,High,Postgraduate,Medium,Negative,Single,Public,Medium,72
736,77,22,72,2,3,1.72,7,7,7,6,21,4.3,Medium,Near,Yes,Medium,Male,Medium,Yes,No,Medium,High School,Medium,Neutral,Single,Public,High,67
737,84,26,62,3,2,1.32,4,5,5,7,19,3.3,High,Near,No,High,Male,Medium,No,No,Medium,High School,Low,Positive,In Relationship,Public,High,70
738,88,30,96,1,3,0.7200000000000001,9,7,7,6,22,7.2,Medium,Near,Yes,Medium,Male,Medium,Yes,Yes,Medium,High School,High,Neutral,Single,Private,High,73
739,98,26,73,1,6,0.26,9,4,4,8,23,2.6,Low,Moderate,Yes,High,Male,High,Yes,No,High,Postgraduate,Medium,Neutral,Single,Public,Low,73
740,70,9,78,1,2,0.58,9,7,7,6,22,5.8,Medium,Near,No,Medium,Female,Medium,Yes,No,Low,High School,Medium,Neutral,Single,Public,Low,60
741,90,12,61,2,3,0.24,6,4,4,8,23,2.4,High,Near,No,Medium,Male,Medium,Yes,No,Low,College,Medium,Neutral,Complicated,Public,High,67
742,81,16,66,3,4,0.32000000000000006,7,5,5,7,21,3.2,Medium,Near,Yes,High,Male,High,Yes,No,Medium,High School,High,Positive,In Relationship,Private,High,69
743,71,20,87,1,5,2.2800000000000002,7,7,7,6,20,5.7,Low,Near,No,Medium,Male,High,Yes,No,High,High School,Medium,Negative,Single,Public,Medium,65
744,91,23,67,2,4,1.92,9,7,7,6,21,4.8,High,Near,Yes,Low,Female,High,Yes,No,Low,High School,Low,Neutral,In Relationship,Public,Medium,70
745,82,16,75,3,3,2.2399999999999998,6,8,8,5,21,5.6,High,Moderate,Yes,Medium,Female,Medium,Yes,No,Low,College,High,Neutral,In Relationship,Public,Medium,68
746,86,21,56,1,2,0.45,6,5,5,7,24,4.5,Low,Near,No,Low,Female,Medium,Yes,No,Medium,College,Medium,Negative,In Relationship,Private,High,66
747,73,15,93,1,4,0.67,8,7,7,6,21,6.7,High,Far,Yes,Low,Male,High,Yes,No,Medium,College,Low,Positive,Single,Public,High,65
748,79,16,87,1,2,2.2800000000000002,9,7,7,6,20,5.7,Medium,Moderate,Yes,Low,Female,Medium,Yes,No,Medium,College,Low,Neutral,Single,Public,Medium,64
749,85,12,88,1,0,2,7,7,7,5,21,5,High,Far,Yes,Low,Female,Low,Yes,No,High,College,High,Neutral,Single,Public,Medium,67
750,76,14,59,3,5,0.43,8,5,5,7,22,4.3,Medium,Moderate,Yes,Medium,Male,High,Yes,No,Low,High School,High,Neutral,In Relationship,Private,Medium,65
751,68,12,75,1,4,2.2800000000000002,7,8,8,5,19,5.7,High,Near,Yes,Medium,Male,High,Yes,No,Medium,High School,High,Positive,Single,Private,Low,64
752,98,14,51,0,1,0.45,7,5,5,7,22,4.5,High,Near,No,Medium,Male,Low,Yes,Yes,Medium,High School,High,Positive,In Relationship,Public,Low,67
753,80,26,66,2,4,1.56,6,5,5,7,19,3.9,Low,Near,Yes,High,Male,High,Yes,No,Medium,Postgraduate,Medium,Neutral,In Relationship,Public,Medium,70
754,89,14,67,3,3,1.7600000000000002,5,7,7,6,19,4.4,Low,Far,Yes,Low,Female,Medium,No,No,Low,High School,Medium,Neutral,Single,Private,Low,63
755,76,36,96,1,2,2.32,6,7,7,6,19,5.8,Medium,Near,No,Low,Male,Medium,Yes,No,Medium,College,Medium,Neutral,Single,Private,Medium,71
756,74,23,100,2,3,1.64,6,5,5,7,20,4.1,Low,Near,No,High,Male,Medium,Yes,No,Low,High School,High,Positive,Single,Private,Low,68
757,76,21,81,0,2,0.44000000000000006,7,5,5,7,20,4.4,Medium,Moderate,No,Medium,Female,Medium,Yes,No,Medium,College,Medium,Positive,Single,Private,High,67
758,76,15,76,1,2,2.8000000000000003,9,9,9,4,19,7,High,Far,Yes,Medium,Female,Medium,Yes,No,Medium,Postgraduate,High,Neutral,In Relationship,Public,High,67
759,82,24,72,0,2,0.65,7,8,8,5,22,6.5,Medium,Moderate,Yes,Medium,Female,Medium,Yes,No,Medium,Postgraduate,Low,Positive,Single,Public,High,68
760,82,17,51,1,3,0.25,6,4,4,8,23,2.5,Medium,Moderate,No,Low,Male,Medium,Yes,No,Medium,Postgraduate,High,Positive,In Relationship,Public,Medium,66
761,80,21,90,0,4,1.1199999999999999,8,4,4,8,20,2.8,Medium,Near,Yes,Medium,Male,High,Yes,No,Medium,College,Medium,Negative,Single,Public,Medium,68
762,65,35,84,0,2,0.47000000000000003,7,7,7,6,20,4.7,Medium,Moderate,Yes,Medium,Male,Medium,Yes,No,High,High School,High,Positive,In Relationship,Public,Medium,70
763,80,19,82,5,3,0.30000000000000004,8,4,4,8,21,3,Low,Near,No,Low,Male,Medium,Yes,No,Medium,College,Low,Positive,In Relationship,Public,Low,67
764,67,27,90,2,3,0.43,6,4,4,8,24,4.3,Medium,Moderate,Yes,High,Male,Medium,Yes,No,Medium,High School,Low,Neutral,Single,Private,High,67
765,65,16,96,2,2,2,9,7,7,5,21,5,High,Near,No,Low,Male,Medium,Yes,No,Low,High School,Low,Negative,Single,Public,Medium,62
766,97,20,69,0,3,0.27999999999999997,9,4,4,8,22,2.8,High,Near,No,Low,Male,Medium,Yes,Yes,Low,High School,Medium,Negative,Complicated,Public,Low,67
767,84,31,71,4,4,1.52,7,4,4,8,20,3.8,High,Far,No,Low,Male,High,Yes,No,Low,High School,Medium,Negative,Single,Public,Medium,70
768,86,16,99,4,4,1.1199999999999999,8,4,4,8,20,2.8,High,Near,No,Low,Male,High,Yes,No,Medium,College,High,Neutral,Single,Private,High,72
769,76,31,83,2,3,3.2,9,9,9,5,20,8,Medium,Moderate,Yes,High,Female,Medium,Yes,No,Medium,High School,Medium,Negative,In Relationship,Private,Medium,70
770,96,24,93,2,2,0.38,6,5,5,7,22,3.8,High,Moderate,No,Low,Female,Medium,Yes,No,Medium,High School,Low,Neutral,Single,Public,Medium,94
771,86,17,61,2,3,0.36000000000000004,7,3,3,8,19,3.6,Medium,Moderate,No,High,Male,Medium,No,No,Medium,High School,Medium,Positive,Single,Public,Medium,66
772,91,24,66,2,3,2.16,7,8,8,6,21,5.4,Low,Near,Yes,Low,Male,Medium,Yes,No,High,High School,Low,Neutral,In Relationship,Public,High,69
773,75,26,70,0,2,1.4400000000000002,5,7,7,6,19,3.6,Medium,Near,No,High,Male,Medium,Yes,No,Low,Postgraduate,High,Neutral,Single,Private,Low,68
774,98,24,66,2,1,1.52,8,4,4,8,20,3.8,Low,Moderate,No,Low,Male,Low,Yes,No,High,High School,High,Positive,Single,Public,Medium,71
775,93,11,94,4,4,0.41,9,5,5,7,21,4.1,Medium,Moderate,No,Low,Male,High,Yes,No,Medium,High School,High,Neutral,In Relationship,Public,High,69
776,94,16,76,2,3,1.92,7,7,7,6,19,4.8,Medium,Near,No,Medium,Female,Medium,Yes,Yes,Low,High School,Medium,Neutral,In Relationship,Public,Medium,67
777,67,19,98,2,2,1.2800000000000002,8,4,4,8,20,3.2,Medium,Near,Yes,Low,Female,Medium,Yes,No,Medium,Postgraduate,Low,Negative,Single,Private,Medium,64
778,71,20,66,1,5,0.30000000000000004,9,4,4,8,21,3,Medium,Near,Yes,Medium,Female,High,Yes,Yes,Medium,College,Medium,Negative,In Relationship,Private,Low,63
779,71,24,52,2,3,0.55,6,7,7,6,22,5.5,High,Far,Yes,Medium,Female,Medium,Yes,No,Medium,College,Medium,Neutral,Single,Private,Medium,66
780,71,21,57,2,1,1.92,8,8,8,5,21,4.8,Medium,Near,Yes,High,Female,Low,No,No,Low,Postgraduate,High,Positive,In Relationship,Public,Medium,66
781,94,12,61,3,4,2.04,6,8,8,6,22,5.1,High,Near,Yes,High,Male,High,Yes,No,Medium,College,Low,Neutral,In Relationship,Public,High,69
782,61,22,82,4,4,1.7600000000000002,6,7,7,6,19,4.4,Low,Moderate,Yes,Medium,Female,High,Yes,No,Low,High School,Low,Positive,Single,Public,Medium,64
783,63,24,59,1,3,2.12,8,7,7,6,21,5.3,Medium,Near,No,Low,Male,Medium,Yes,Yes,Low,High School,High,Neutral,Single,Public,Medium,62
784,71,23,69,3,5,0.42000000000000004,7,5,5,7,22,4.2,Medium,Far,Yes,Low,Female,High,Yes,Yes,High,High School,Medium,Positive,Single,Public,Medium,66
785,68,26,90,4,3,0.27999999999999997,8,4,4,8,22,2.8,High,Near,Yes,Low,Male,Medium,Yes,No,Medium,High School,Medium,Neutral,Single,Private,High,70
786,69,25,56,2,4,0.5900000000000001,7,7,7,6,21,5.9,Medium,Near,Yes,Low,Male,High,Yes,No,Medium,High School,High,Neutral,Single,Private,Medium,67
787,92,23,54,0,1,0.24,8,4,4,8,24,2.4,Medium,Near,No,High,Female,Low,Yes,No,Medium,Postgraduate,Low,Positive,Complicated,Public,Low,68
788,83,20,77,0,3,1.64,9,7,7,6,21,4.1,Low,Near,No,Low,Male,Medium,Yes,Yes,High,High School,High,Positive,Single,Public,Medium,67
789,60,10,85,0,4,2.4800000000000004,9,8,8,6,19,6.2,Medium,Near,No,Medium,Male,High,Yes,No,Medium,Postgraduate,Medium,Positive,Single,Public,High,62
790,77,23,96,1,1,2.08,8,8,8,5,21,5.2,Medium,Near,Yes,High,Male,Low,Yes,Yes,Medium,College,Low,Neutral,In Relationship,Private,Medium,67
791,76,21,83,0,5,0.37000000000000005,8,5,5,7,21,3.7,High,Near,Yes,Low,Male,High,Yes,No,Medium,High School,Medium,Positive,Single,Public,Medium,68
792,65,22,97,2,4,2.44,7,8,8,5,20,6.1,Medium,Moderate,No,Medium,Female,High,Yes,No,Low,High School,Low,Neutral,Single,Private,High,64
793,87,12,62,2,4,2.5600000000000005,7,8,8,5,19,6.4,Low,Near,Yes,Medium,Female,High,No,No,Medium,High School,Medium,Neutral,Single,Public,Medium,64
794,88,14,67,2,3,0.48,8,5,5,7,20,4.8,Medium,Far,No,High,Male,Medium,Yes,No,Medium,Postgraduate,Medium,Neutral,Single,Public,Low,66
795,89,26,92,2,2,0.24,7,4,4,8,23,2.4,Low,Moderate,Yes,Low,Male,Medium,Yes,No,Medium,Postgraduate,Medium,Positive,Complicated,Public,High,72
796,89,20,91,2,3,0.63,8,8,8,5,21,6.3,High,Near,Yes,Medium,Female,Medium,Yes,No,Medium,High School,Medium,Positive,In Relationship,Public,Medium,72
797,60,24,83,2,3,1.8800000000000001,9,6,6,7,22,4.7,High,Near,Yes,Medium,Male,Medium,Yes,Yes,High,High School,Medium,Positive,Single,Public,Low,66
798,98,20,75,4,1,2,7,7,7,6,22,5,Medium,Near,No,Medium,Male,Low,Yes,No,High,College,Low,Positive,Single,Private,Medium,72
799,93,20,51,1,3,0.55,4,7,7,6,23,5.5,Medium,Near,Yes,Medium,Male,Medium,Yes,No,Low,High School,High,Positive,In Relationship,Public,Medium,69
800,96,26,64,2,3,0.31000000000000005,10,3,3,8,19,3.1,High,Near,Yes,Medium,Female,Medium,Yes,Yes,Low,High School,High,Neutral,Single,Private,Medium,72
801,61,17,58,1,4,0.45999999999999996,6,5,5,7,20,4.6,Low,Near,Yes,Medium,Male,High,Yes,No,Medium,High School,Low,Neutral,Single,Public,High,60
802,97,21,53,0,2,0.45999999999999996,7,5,5,7,20,4.6,Medium,Moderate,Yes,High,Male,Medium,Yes,No,Medium,High School,Medium,Neutral,Single,Public,Medium,69
803,92,17,89,0,3,1.92,8,5,5,7,21,4.8,High,Near,No,Low,Male,Medium,Yes,Yes,Medium,High School,Medium,Positive,In Relationship,Public,Low,68
804,93,17,57,3,2,0.37000000000000005,9,6,6,7,21,3.7,Medium,Near,Yes,Low,Male,Medium,Yes,No,High,College,Low,Neutral,Single,Private,High,69
805,64,18,68,1,5,1.72,10,5,5,7,23,4.3,Low,Near,Yes,Low,Male,High,Yes,No,Low,High School,Medium,Positive,In Relationship,Public,Medium,62
806,90,21,99,2,2,0.31000000000000005,6,5,5,7,22,3.1,Medium,Moderate,Yes,Low,Male,Medium,Yes,No,Low,High School,Medium,Positive,Single,Public,High,71
807,98,17,70,1,2,2.7600000000000002,9,9,9,4,20,6.9,High,Near,Yes,High,Male,Medium,Yes,No,Low,High School,Medium,Negative,Single,Private,Medium,70
808,87,28,57,2,4,1.52,7,6,6,7,21,3.8,Low,Moderate,Yes,Medium,Male,High,Yes,No,Medium,High School,Low,Negative,Single,Private,High,68
809,83,15,84,1,2,1.64,10,6,6,7,20,4.1,Medium,Near,Yes,High,Male,Medium,Yes,No,Medium,College,High,Negative,Single,Public,High,68
810,98,19,90,1,2,0.45,9,7,7,6,21,4.5,High,Far,No,High,Female,Medium,No,No,Low,College,Medium,Positive,In Relationship,Private,Medium,70
811,78,17,64,0,3,1.64,7,7,7,6,21,4.1,High,Near,No,Low,Female,Medium,Yes,No,Medium,High School,Medium,Neutral,Single,Private,Medium,65
812,84,29,90,0,3,0.45,6,5,5,7,20,4.5,Medium,Far,Yes,Medium,Male,Medium,Yes,No,Medium,Postgraduate,High,Positive,In Relationship,Public,High,73
813,79,21,64,0,4,2.32,4,7,7,6,22,5.8,Medium,Moderate,No,Low,Male,High,Yes,No,Low,College,High,Negative,Single,Public,High,66
814,97,26,85,2,3,0.44000000000000006,8,6,6,7,21,4.4,Medium,Near,No,High,Male,Medium,No,No,Low,High School,Medium,Neutral,In Relationship,Public,Low,71
815,63,11,56,2,3,1.2400000000000002,9,4,4,8,19,3.1,Medium,Near,Yes,Medium,Female,Medium,Yes,No,High,High School,High,Neutral,Single,Public,Medium,62
816,80,22,71,2,3,1.4800000000000002,8,4,4,8,19,3.7,Medium,Near,Yes,Low,Female,Medium,Yes,No,High,High School,Medium,Positive,Single,Private,Medium,68
817,87,25,76,1,4,0.53,4,7,7,6,23,5.3,High,Far,No,Low,Male,High,Yes,No,Low,College,Medium,Positive,In Relationship,Public,High,70
818,92,20,86,0,2,0.35000000000000003,5,3,3,8,19,3.5,Low,Moderate,No,Medium,Female,Medium,Yes,No,Low,Postgraduate,Medium,Neutral,Single,Public,Medium,68
819,83,26,83,2,2,0.45,8,6,6,7,22,4.5,Low,Near,Yes,Low,Female,Medium,Yes,No,Medium,College,High,Neutral,In Relationship,Public,High,71
820,96,17,93,2,4,2.12,10,7,7,6,21,5.3,Medium,Near,Yes,Medium,Female,High,Yes,No,Medium,High School,Medium,Negative,Single,Public,Low,70
821,98,28,59,1,3,0.27,7,4,4,8,23,2.7,Medium,Near,Yes,Low,Male,Medium,Yes,No,Medium,High School,Medium,Positive,Complicated,Public,Medium,72
822,63,34,83,2,2,0.5900000000000001,9,7,7,6,21,5.9,High,Moderate,Yes,Medium,Male,Medium,Yes,No,Medium,College,Medium,Negative,Single,Public,High,69
823,76,18,56,1,2,0.29,5,5,5,7,22,2.9,High,Moderate,No,Low,Male,Medium,Yes,No,Medium,College,Medium,Negative,In Relationship,Public,Low,63
824,61,17,74,0,2,1.9600000000000002,7,7,7,6,19,4.9,Medium,Near,No,Medium,Female,Medium,Yes,No,High,Postgraduate,Medium,Neutral,Complicated,Public,Medium,62
825,73,29,76,2,3,0.36000000000000004,7,3,3,8,19,3.6,Medium,Near,No,Low,Female,Medium,Yes,No,Medium,High School,Medium,Neutral,Single,Private,High,68
826,81,29,51,2,5,1.92,9,7,7,6,19,4.8,Medium,Near,Yes,Medium,Male,High,Yes,No,Low,Postgraduate,Low,Positive,In Relationship,Public,Medium,70
827,96,17,54,1,4,0.5900000000000001,6,7,7,6,20,5.9,Medium,Near,Yes,Medium,Male,High,Yes,No,Medium,High School,Medium,Positive,Single,Private,Medium,69
828,94,17,92,2,2,1.8399999999999999,10,8,8,6,21,4.6,Medium,Near,No,Low,Male,Medium,Yes,No,Low,High School,Medium,Negative,In Relationship,Private,Medium,68
829,65,18,64,2,1,1.8399999999999999,7,5,5,7,20,4.6,Medium,Near,Yes,High,Male,Low,Yes,No,Medium,High School,High,Positive,Single,Public,Medium,65
830,64,12,67,3,2,0.49000000000000005,5,7,7,6,20,4.9,Low,Near,No,Low,Male,Medium,Yes,Yes,Medium,High School,Medium,Positive,Complicated,Private,Medium,59
831,84,14,82,3,3,2.04,5,7,7,6,21,5.1,Medium,Far,No,Low,Male,Medium,Yes,No,Medium,College,Medium,Positive,Single,Public,Medium,66
832,81,14,61,0,4,1.52,6,6,6,7,21,3.8,Medium,Moderate,No,Low,Male,High,Yes,No,Low,High School,High,Positive,Single,Public,Medium,64
833,71,15,60,5,4,2.2,8,8,8,5,20,5.5,Medium,Far,No,Low,Female,High,No,No,High,High School,Low,Positive,Single,Public,High,63
834,96,20,71,5,3,2.2,6,8,8,6,19,5.5,Medium,Near,No,Low,Male,Medium,Yes,No,Medium,College,Medium,Neutral,Single,Public,High,72
835,97,21,53,0,3,2.7600000000000002,6,9,9,5,19,6.9,High,Moderate,Yes,Low,Male,Medium,Yes,Yes,Low,High School,Medium,Negative,In Relationship,Public,Medium,67
836,76,29,96,2,2,2.44,8,9,9,5,19,6.1,Medium,Moderate,No,Low,Male,Medium,Yes,No,Low,Postgraduate,Medium,Positive,Complicated,Public,Medium,94
837,96,14,97,2,3,0.34,4,3,3,8,19,3.4,High,Near,Yes,Medium,Female,Medium,Yes,No,Low,High School,Medium,Negative,Single,Public,Medium,70
838,75,26,72,0,3,0.58,6,8,8,6,20,5.8,Medium,Near,No,Low,Male,Medium,Yes,No,Medium,High School,Low,Neutral,In Relationship,Public,High,66
839,89,19,60,4,2,2.8000000000000003,5,9,9,4,24,7,Medium,Moderate,Yes,Medium,Female,Medium,Yes,No,Low,Postgraduate,Low,Positive,Single,Public,Medium,69
840,79,20,74,2,2,2.68,6,9,9,4,19,6.7,Low,Far,Yes,Low,Male,Medium,Yes,No,Low,High School,Medium,Positive,Single,Public,Medium,64
841,65,24,55,1,3,2.3600000000000003,7,7,7,6,24,5.9,Medium,Near,No,Low,Female,Medium,Yes,Yes,Low,High School,Medium,Positive,Single,Private,High,63
842,97,13,70,1,4,1.64,7,5,5,7,20,4.1,High,Near,No,Low,Female,High,Yes,No,Medium,Postgraduate,High,Neutral,Single,Public,High,71
843,78,22,54,1,3,0.6400000000000001,7,8,8,5,23,6.4,Medium,Moderate,No,Medium,Male,Medium,Yes,Yes,Medium,High School,High,Negative,Single,Public,Medium,65
844,89,21,85,1,5,0.49000000000000005,9,7,7,6,20,4.9,Medium,Far,Yes,Medium,Female,High,Yes,No,Low,College,Low,Negative,Complicated,Public,Medium,68
845,75,23,64,1,3,0.5700000000000001,7,7,7,6,21,5.7,Medium,Moderate,No,Low,Male,Medium,Yes,Yes,High,High School,Medium,Negative,Single,Public,Medium,64
846,61,22,76,1,2,0.73,10,8,8,5,21,7.3,Low,Near,Yes,High,Male,Medium,Yes,No,High,College,Low,Positive,In Relationship,Public,High,64
847,64,35,51,2,5,1.7600000000000002,8,7,7,6,20,4.4,Medium,Near,Yes,Medium,Male,High,Yes,Yes,Medium,High School,Medium,Negative,In Relationship,Public,Medium,66
848,80,16,76,1,4,0.29,6,5,5,7,22,2.9,Medium,Near,No,Medium,Male,High,Yes,No,Medium,College,High,Positive,In Relationship,Public,High,68
849,88,17,50,3,5,0.44000000000000006,10,6,6,7,22,4.4,Medium,Moderate,No,Low,Female,High,Yes,No,Medium,College,Medium,Neutral,In Relationship,Public,High,67
850,73,16,96,1,3,1.9600000000000002,7,7,7,6,21,4.9,High,Moderate,Yes,Medium,Female,Medium,Yes,No,Medium,High School,Low,Positive,Single,Private,Medium,66
851,88,17,75,2,3,1.4000000000000001,10,4,4,8,19,3.5,Medium,Near,Yes,Medium,Male,Medium,Yes,No,Medium,High School,Medium,Neutral,Single,Public,Medium,68
852,88,16,55,3,3,0.63,7,8,8,5,23,6.3,Medium,Near,No,Low,Male,Medium,Yes,No,Medium,Postgraduate,Low,Neutral,Single,Public,Low,66
853,88,27,67,3,4,0.5700000000000001,7,7,7,6,21,5.7,Medium,Far,No,High,Male,High,Yes,No,Medium,College,Medium,Neutral,Single,Public,Medium,71
854,80,29,52,4,4,2.2800000000000002,8,7,7,6,19,5.7,High,Moderate,Yes,Low,Female,High,Yes,No,Medium,High School,Medium,Positive,Single,Public,Medium,71
855,97,17,77,0,4,1.2800000000000002,7,4,4,8,22,3.2,High,Far,No,Low,Male,High,Yes,No,Medium,College,Medium,Negative,Single,Private,Medium,68
856,80,15,56,3,3,0.15000000000000002,9,2,2,9,23,1.5,Low,Near,No,Medium,Female,Medium,Yes,Yes,High,High School,High,Neutral,Single,Public,Medium,64
857,78,23,74,3,4,2.4000000000000004,10,9,9,5,20,6,Medium,Moderate,Yes,Medium,Male,High,Yes,No,Low,High School,Medium,Negative,Complicated,Public,Medium,67
858,68,17,65,0,2,0.45999999999999996,4,5,5,7,22,4.6,Medium,Moderate,Yes,Medium,Male,Medium,Yes,No,High,High School,High,Positive,In Relationship,Private,Medium,64
859,72,24,88,3,2,1.8,8,6,6,7,20,4.5,Low,Near,Yes,Low,Female,Medium,Yes,No,High,High School,High,Positive,Single,Public,Medium,68
860,62,21,74,0,3,0.42000000000000004,6,5,5,7,22,4.2,Low,Far,No,Low,Male,Medium,Yes,Yes,High,Postgraduate,Medium,Positive,Single,Private,High,62
861,85,11,92,0,1,2.16,4,7,7,5,21,5.4,Low,Near,Yes,Medium,Male,Low,Yes,No,Low,College,Medium,Neutral,Single,Public,High,64
862,70,29,97,3,3,0.55,8,7,7,6,21,5.5,High,Moderate,No,Low,Male,Medium,Yes,No,Low,Postgraduate,Low,Positive,Single,Public,High,70
863,72,31,98,0,4,1.4800000000000002,8,5,5,7,21,3.7,Medium,Far,No,Low,Male,High,Yes,No,High,College,Medium,Neutral,In Relationship,Public,Medium,68
864,91,16,63,2,3,0.48,8,6,6,7,22,4.8,Medium,Near,No,Medium,Female,Medium,Yes,No,High,College,Medium,Neutral,In Relationship,Public,High,69
865,73,18,88,3,4,2.2399999999999998,8,7,7,6,24,5.6,Medium,Moderate,Yes,Low,Male,High,Yes,No,Low,College,Low,Positive,Single,Public,Medium,65
866,70,22,72,2,3,0.9199999999999999,8,4,4,8,19,2.3,High,Near,Yes,High,Male,Medium,Yes,No,Medium,High School,Medium,Neutral,Single,Public,Medium,67
867,67,22,71,2,2,1.7600000000000002,6,7,7,6,20,4.4,Medium,Moderate,No,Medium,Male,Medium,Yes,No,Low,College,High,Positive,In Relationship,Public,Medium,65
868,91,24,93,0,2,1.56,7,6,6,7,21,3.9,Medium,Moderate,No,Medium,Male,Medium,Yes,No,Low,High School,High,Positive,Complicated,Public,Medium,71
869,65,32,57,2,3,0.32000000000000006,8,3,3,8,19,3.2,Low,Moderate,Yes,Low,Female,Medium,Yes,No,Low,High School,Medium,Positive,Single,Public,Medium,65
870,78,19,74,2,5,0.47000000000000003,9,5,5,7,20,4.7,Medium,Moderate,Yes,Low,Female,High,Yes,No,Low,High School,Medium,Positive,In Relationship,Public,Medium,66
871,80,15,80,0,5,1.8,7,7,7,6,21,4.5,Medium,Near,No,Low,Female,High,Yes,No,Medium,High School,High,Neutral,Complicated,Public,Low,65
872,87,12,53,2,1,0.73,7,8,8,5,21,7.3,Medium,Near,Yes,Medium,Male,Low,Yes,No,Low,College,Medium,Neutral,In Relationship,Private,Medium,65
873,85,16,93,1,3,2.08,7,8,8,5,21,5.2,Medium,Near,No,Medium,Male,Medium,Yes,No,High,High School,Low,Positive,In Relationship,Public,High,68
874,92,20,66,2,2,2.72,5,8,8,5,19,6.8,Medium,Moderate,Yes,Medium,Male,Medium,Yes,Yes,Medium,College,Medium,Negative,In Relationship,Public,Medium,68
875,62,31,83,0,2,0.51,8,7,7,6,22,5.1,Medium,Near,No,Medium,Female,Medium,Yes,Yes,Medium,College,High,Neutral,Single,Private,High,67
876,72,17,96,3,3,2.12,5,7,7,6,19,5.3,Medium,Moderate,Yes,High,Male,Medium,Yes,No,High,High School,Low,Negative,Single,Public,Medium,65
877,71,21,86,2,2,1.56,8,7,7,5,22,3.9,Low,Near,No,Medium,Male,Medium,Yes,No,Medium,College,Medium,Neutral,In Relationship,Public,High,66
878,66,20,94,0,4,0.32000000000000006,7,5,5,7,22,3.2,Medium,Moderate,Yes,Medium,Female,High,Yes,No,Low,High School,Medium,Neutral,In Relationship,Public,Low,63
879,72,27,53,1,5,2.08,5,6,6,6,23,5.2,High,Near,Yes,High,Male,High,Yes,No,Medium,Postgraduate,High,Neutral,In Relationship,Private,Medium,70
880,72,35,75,1,5,0.65,5,8,8,5,21,6.5,High,Moderate,Yes,Low,Male,High,Yes,No,Medium,College,High,Positive,In Relationship,Public,Medium,72
881,81,17,78,2,2,1.56,6,6,6,7,20,3.9,High,Moderate,No,Low,Male,Medium,Yes,No,Medium,High School,Medium,Positive,Complicated,Private,Medium,67
882,87,17,84,0,3,0.35000000000000003,6,3,3,8,19,3.5,Low,Far,Yes,Medium,Male,Medium,Yes,No,Medium,College,High,Positive,Single,Public,Medium,67
883,75,26,56,1,5,0.26,9,4,4,8,23,2.6,Medium,Moderate,Yes,Low,Male,High,Yes,No,Medium,High School,Low,Positive,In Relationship,Public,Medium,66
884,89,24,83,1,3,1.52,7,5,5,8,21,3.8,Medium,Moderate,No,Low,Male,Medium,No,No,Medium,High School,Low,Neutral,In Relationship,Public,Low,66
885,73,31,57,2,4,2.44,8,8,8,5,20,6.1,Medium,Far,Yes,Low,Male,High,Yes,No,Medium,High School,High,Neutral,Single,Public,High,69
886,72,24,53,0,4,0.48,9,5,5,7,22,4.8,Low,Moderate,Yes,Low,Male,High,Yes,Yes,Medium,High School,Medium,Neutral,Single,Private,High,62
887,82,18,73,2,4,2.44,9,8,8,5,20,6.1,Medium,Near,No,Low,Female,High,Yes,No,Low,College,Low,Positive,Single,Public,Medium,66
888,61,24,80,0,3,1.56,7,7,7,6,21,3.9,Medium,Moderate,No,Low,Male,Medium,Yes,No,High,Postgraduate,Medium,Positive,Single,Public,Medium,64
889,63,27,98,1,2,0.26,6,4,4,8,23,2.6,Medium,Moderate,Yes,Low,Female,Medium,Yes,No,Medium,High School,High,Positive,Single,Public,High,67
890,77,25,85,2,1,0.45999999999999996,8,5,5,7,22,4.6,High,Near,No,Medium,Male,Low,Yes,No,Medium,College,High,Positive,In Relationship,Public,Medium,71
891,98,23,80,1,2,1.64,6,5,5,7,19,4.1,Medium,Moderate,Yes,Medium,Male,Medium,Yes,No,Medium,High School,High,Positive,In Relationship,Public,Medium,73
892,89,26,61,0,3,0.6200000000000001,10,8,8,5,20,6.2,Low,Moderate,Yes,Medium,Female,Medium,Yes,No,Low,High School,Medium,Neutral,Single,Public,High,68
893,64,27,58,2,1,0.42000000000000004,8,6,6,7,21,4.2,Low,Far,Yes,High,Male,Low,Yes,No,Medium,Postgraduate,High,Neutral,In Relationship,Public,High,66
894,94,28,80,3,4,1.16,7,4,4,8,19,2.9,High,Far,Yes,Low,Male,High,Yes,No,Medium,Postgraduate,Medium,Positive,Single,Public,High,75
895,89,24,61,1,3,0.48,8,5,5,7,24,4.8,High,Near,Yes,Low,Female,Medium,Yes,No,Medium,Postgraduate,Medium,Positive,In Relationship,Public,High,72
896,84,19,85,1,3,0.41,7,5,5,7,21,4.1,Low,Near,Yes,High,Male,Medium,Yes,No,Medium,High School,High,Neutral,Single,Private,Medium,68
897,93,21,56,1,3,2.3600000000000003,6,7,7,6,24,5.9,Medium,Near,Yes,Low,Male,Medium,No,No,Medium,High School,Medium,Positive,Single,Public,Medium,68
898,76,27,67,1,4,2.12,8,8,8,5,21,5.3,High,Near,Yes,Medium,Male,High,Yes,No,Medium,High School,Low,Positive,In Relationship,Public,Medium,69
899,69,15,89,1,2,0.31000000000000005,7,4,4,8,22,3.1,Medium,Moderate,Yes,Low,Female,Medium,Yes,No,Medium,College,Medium,Negative,In Relationship,Public,High,63
900,80,22,92,0,2,1.4800000000000002,10,6,6,7,20,3.7,High,Near,Yes,Medium,Female,Medium,Yes,No,Medium,High School,Medium,Positive,Single,Public,High,70
901,82,18,67,1,3,0.42000000000000004,6,6,6,6,20,4.2,Medium,Moderate,Yes,High,Male,Medium,Yes,No,Low,Postgraduate,Low,Positive,Single,Private,Low,66
902,82,20,60,3,4,2.92,8,9,9,5,19,7.3,Low,Moderate,Yes,Medium,Male,High,Yes,No,Medium,High School,Low,Positive,In Relationship,Public,High,66
903,83,28,98,1,2,0.30000000000000004,6,3,3,8,19,3,High,Moderate,No,Low,Male,Medium,Yes,No,Medium,Postgraduate,Medium,Neutral,Single,Private,High,72
904,98,21,88,1,3,3.16,6,9,9,5,19,7.9,Medium,Near,No,Medium,Male,Medium,Yes,No,Medium,Postgraduate,Low,Neutral,In Relationship,Public,Low,71
905,96,20,90,3,2,0.54,4,7,7,6,24,5.4,Medium,Near,No,Low,Male,Medium,Yes,No,Medium,College,High,Neutral,In Relationship,Private,Medium,72
906,95,12,61,4,1,2.64,8,9,9,4,19,6.6,Medium,Near,No,High,Male,Low,Yes,No,High,College,Medium,Neutral,In Relationship,Private,High,69
907,92,24,71,2,2,0.49000000000000005,6,5,5,7,24,4.9,High,Near,Yes,Low,Male,Medium,Yes,No,Low,High School,Low,Positive,In Relationship,Public,High,71
908,98,24,53,3,2,1.52,9,4,4,8,20,3.8,Low,Far,No,High,Male,Medium,Yes,No,Medium,Postgraduate,Medium,Negative,Single,Private,Low,69
909,64,33,55,1,3,2.32,8,7,7,6,19,5.8,Medium,Moderate,No,Medium,Female,Medium,Yes,No,Medium,College,High,Neutral,Single,Public,High,68
910,71,18,61,2,4,0.5599999999999999,7,7,7,6,22,5.6,Low,Near,Yes,Low,Male,High,Yes,No,Low,College,Low,Negative,Single,Public,Medium,61
911,80,21,65,2,1,2.04,5,7,7,6,21,5.1,High,Moderate,No,Medium,Male,Low,Yes,No,High,Postgraduate,Medium,Neutral,Single,Private,Low,68
912,94,21,100,0,3,1.72,8,7,7,6,21,4.3,Medium,Near,Yes,Low,Male,Medium,Yes,No,Low,Postgraduate,High,Neutral,Single,Public,Medium,72
913,80,29,71,0,3,2.04,6,7,7,6,21,5.1,Medium,Moderate,Yes,Medium,Female,Medium,Yes,No,Medium,College,Medium,Positive,Single,Public,Medium,70
914,90,19,85,0,5,0.5900000000000001,5,7,7,6,24,5.9,Medium,Near,Yes,Medium,Female,High,Yes,No,High,Postgraduate,High,Positive,Single,Private,High,73
915,66,22,95,3,3,0.47000000000000003,8,5,5,7,22,4.7,High,Moderate,No,Medium,Female,Medium,Yes,No,Low,High School,Medium,Positive,In Relationship,Private,Medium,67
916,70,24,62,2,4,0.41,5,5,5,7,22,4.1,High,Near,No,Low,Male,High,Yes,Yes,Medium,College,Medium,Negative,Single,Private,Medium,65
917,89,21,57,1,2,0.51,4,6,6,6,20,5.1,Medium,Near,No,High,Female,Medium,Yes,No,Medium,High School,Medium,Positive,In Relationship,Private,Medium,68
918,67,17,62,3,3,1.36,9,4,4,8,20,3.4,High,Near,Yes,Medium,Male,Medium,Yes,No,High,High School,Low,Positive,Single,Public,Medium,65
919,74,21,94,1,1,1.8,6,7,7,6,20,4.5,Medium,Near,No,Low,Male,Low,Yes,No,Medium,High School,High,Positive,Single,Public,High,97
920,71,26,83,1,3,2.8000000000000003,4,9,9,4,19,7,Low,Moderate,Yes,Medium,Male,Medium,Yes,No,Low,College,High,Negative,In Relationship,Public,Medium,66
921,74,14,73,2,3,0.38,6,5,5,7,22,3.8,High,Near,Yes,Medium,Female,Medium,Yes,No,High,High School,High,Neutral,Single,Private,Medium,67
922,88,21,91,2,1,1.8,6,5,5,8,20,4.5,Medium,Moderate,No,High,Female,Low,Yes,No,Medium,High School,High,Neutral,Single,Public,Medium,70
923,75,16,62,3,4,2.8800000000000003,9,9,9,4,19,7.2,Medium,Moderate,Yes,Low,Female,High,Yes,No,Medium,High School,High,Positive,Complicated,Public,Medium,66
924,82,27,62,1,4,0.41,5,4,4,8,21,4.1,High,Moderate,Yes,Low,Female,High,Yes,No,Low,High School,Medium,Neutral,In Relationship,Private,High,69
925,64,11,78,2,4,0.7000000000000001,5,7,7,6,22,7,Medium,Moderate,Yes,Low,Male,High,Yes,No,Low,College,High,Neutral,Single,Private,High,62
926,92,17,90,1,3,0.25,8,4,4,8,23,2.5,Low,Near,Yes,High,Male,Medium,Yes,No,High,High School,Medium,Negative,In Relationship,Public,Low,68
927,75,22,63,1,2,1.2000000000000002,6,4,4,7,18,3,High,Near,Yes,Low,Male,Medium,Yes,No,Low,College,Medium,Positive,Single,Public,Medium,67
928,86,29,61,0,4,0.63,7,8,8,5,22,6.3,Medium,Far,Yes,Medium,Female,High,Yes,No,Medium,High School,Medium,Negative,Single,Public,Medium,68
929,89,20,74,1,2,2.2800000000000002,6,7,7,6,20,5.7,Medium,Moderate,Yes,Low,Male,Medium,Yes,No,Medium,High School,High,Neutral,Single,Private,High,69
930,68,17,57,1,1,1.8800000000000001,10,5,5,7,19,4.7,Medium,Moderate,Yes,High,Female,Low,Yes,Yes,Medium,High School,Medium,Positive,In Relationship,Private,Medium,62
931,95,31,87,2,3,1.8800000000000001,5,6,6,7,22,4.7,Medium,Moderate,Yes,Low,Male,Medium,Yes,No,Medium,Postgraduate,High,Neutral,In Relationship,Public,Medium,75
932,85,11,79,2,3,0.7200000000000001,7,9,9,4,22,7.2,Medium,Near,No,High,Male,Medium,Yes,No,Low,High School,Medium,Positive,Single,Public,Low,65
933,77,7,76,2,3,1.6,9,7,7,6,19,4,Medium,Moderate,No,Medium,Male,Medium,Yes,No,Medium,College,High,Negative,Single,Public,High,63
934,67,23,94,1,2,1.6800000000000002,6,7,7,5,21,4.2,Medium,Far,No,Medium,Male,Medium,Yes,No,Low,College,High,Positive,In Relationship,Public,Medium,66
935,98,17,87,3,5,0.33,6,4,4,8,22,3.3,High,Near,No,Medium,Female,High,No,No,High,College,Low,Positive,In Relationship,Private,Medium,71
936,90,14,57,0,3,2.44,8,9,9,5,19,6.1,Medium,Moderate,Yes,Medium,Male,Medium,Yes,Yes,Medium,College,High,Positive,Complicated,Public,Medium,66
937,68,24,71,2,4,1.1199999999999999,9,4,4,8,20,2.8,Medium,Near,No,Medium,Male,High,Yes,No,Medium,College,Medium,Neutral,Single,Public,Medium,66
938,74,21,66,1,4,1.92,6,7,7,5,19,4.8,High,Near,No,Medium,Male,High,Yes,No,Low,High School,Medium,Negative,Single,Private,High,66
939,92,17,90,1,3,0.39,9,5,5,7,22,3.9,High,Moderate,Yes,High,Male,Medium,Yes,No,Medium,High School,High,Positive,In Relationship,Public,Low,71
940,88,12,86,3,3,0.53,7,7,7,6,23,5.3,Medium,Moderate,Yes,Medium,Male,Medium,Yes,Yes,High,High School,Medium,Positive,In Relationship,Public,High,68
941,91,25,74,1,3,2.2,8,7,7,6,21,5.5,Medium,Moderate,No,Medium,Male,Medium,Yes,No,High,College,Medium,Positive,Single,Private,High,71
942,78,24,91,0,3,1.8,9,7,7,6,21,4.5,Medium,Far,Yes,High,Female,Medium,Yes,No,Low,Postgraduate,Medium,Negative,Single,Public,High,68
943,89,19,71,2,4,2.2800000000000002,8,7,7,6,20,5.7,Medium,Near,No,Low,Male,High,Yes,No,Medium,High School,Low,Positive,Single,Public,High,68
944,75,31,90,2,2,0.38,7,3,3,8,19,3.8,Medium,Moderate,No,Medium,Male,Medium,Yes,Yes,Low,High School,Medium,Neutral,Single,Public,High,68
945,68,14,52,2,2,0.42000000000000004,6,5,5,7,22,4.2,Medium,Near,Yes,Low,Male,Medium,Yes,No,Medium,College,Medium,Positive,In Relationship,Public,Medium,62
946,85,11,57,0,5,0.49000000000000005,10,5,5,7,19,4.9,Low,Near,Yes,Medium,Male,High,Yes,No,High,High School,High,Neutral,Single,Public,High,65
947,99,16,88,2,3,1.6,6,5,5,8,20,4,High,Near,No,Low,Male,Medium,Yes,No,High,Postgraduate,Low,Neutral,In Relationship,Public,Low,71
948,72,20,56,0,6,0.73,7,8,8,5,20,7.3,High,Moderate,Yes,Low,Male,High,Yes,Yes,Low,College,Medium,Negative,In Relationship,Public,Medium,63
949,78,21,84,1,4,2.08,8,8,8,6,19,5.2,Medium,Near,No,High,Male,High,Yes,No,Low,High School,High,Positive,In Relationship,Public,Low,68
950,87,19,86,1,4,2.32,8,9,9,5,18,5.8,Low,Moderate,Yes,Medium,Female,High,Yes,No,Low,High School,High,Positive,Single,Public,High,69
951,82,22,83,1,2,2.4800000000000004,10,8,8,5,23,6.2,High,Moderate,No,Low,Male,Medium,Yes,Yes,Medium,College,High,Neutral,Single,Private,High,69
952,94,12,91,3,3,0.31000000000000005,7,4,4,8,22,3.1,High,Near,Yes,Medium,Female,Medium,Yes,No,Low,Postgraduate,Medium,Positive,In Relationship,Private,Medium,71
953,90,29,76,0,1,1.7600000000000002,7,6,6,7,21,4.4,High,Moderate,No,Low,Female,Low,Yes,No,Medium,Postgraduate,Medium,Neutral,Single,Public,Medium,71
954,62,20,95,0,3,2.12,9,7,7,6,19,5.3,Medium,Near,Yes,Medium,Male,Medium,Yes,Yes,Low,High School,Medium,Neutral,Single,Private,Medium,62
955,100,27,78,2,2,2.44,7,7,7,6,20,6.1,Low,Near,Yes,Medium,Male,Medium,Yes,No,Low,High School,Low,Negative,Single,Public,Medium,70
956,90,22,75,1,3,0.5,8,6,6,6,20,5,High,Moderate,No,Low,Male,Medium,Yes,No,High,College,High,Neutral,In Relationship,Private,Low,70
957,95,23,75,2,2,2.5600000000000005,7,8,8,5,21,6.4,Medium,Near,Yes,High,Male,Medium,Yes,No,Medium,College,Medium,Positive,Single,Public,Medium,73
958,86,23,96,3,2,0.65,8,8,8,5,23,6.5,High,Moderate,Yes,Medium,Female,Medium,Yes,No,Low,High School,Medium,Positive,Single,Private,Medium,71
959,94,23,62,2,0,1.32,8,4,4,7,21,3.3,Low,Moderate,Yes,Low,Female,Low,Yes,No,Medium,Postgraduate,Medium,Positive,In Relationship,Public,Medium,69
960,64,24,85,0,3,2.64,6,9,9,4,19,6.6,High,Near,Yes,High,Male,Medium,Yes,Yes,High,Postgraduate,Medium,Neutral,In Relationship,Private,Low,66
961,74,28,62,1,3,0.47000000000000003,4,5,5,7,24,4.7,Low,Moderate,Yes,Low,Male,Medium,Yes,No,Medium,High School,Medium,Neutral,In Relationship,Private,Medium,65
962,95,21,55,2,1,2.12,4,8,8,6,22,5.3,Medium,Near,No,Medium,Male,Low,Yes,No,Medium,College,High,Neutral,In Relationship,Private,High,71
963,68,24,98,2,2,0.27999999999999997,4,4,4,8,22,2.8,Medium,Near,Yes,Medium,Male,Medium,Yes,No,High,High School,Medium,Negative,Single,Public,High,68
964,63,19,56,2,3,0.52,7,6,6,7,22,5.2,High,Near,Yes,Low,Female,Medium,Yes,No,Medium,High School,Medium,Positive,In Relationship,Private,Medium,64
965,92,29,84,2,3,2.8800000000000003,4,9,9,4,19,7.2,Low,Near,Yes,Low,Male,Medium,Yes,No,Medium,Postgraduate,Low,Negative,Single,Public,Medium,71
966,93,16,71,0,2,2.32,7,7,7,6,21,5.8,Medium,Near,No,Medium,Male,Medium,Yes,No,Medium,High School,Low,Positive,Single,Public,High,67
967,67,31,92,2,3,2.08,7,7,7,6,19,5.2,Low,Far,No,Medium,Female,Medium,Yes,No,High,High School,Medium,Negative,Single,Public,Medium,66
968,94,20,89,1,4,1.56,8,5,5,7,20,3.9,High,Near,Yes,Low,Male,High,Yes,No,Medium,High School,Low,Positive,Single,Public,Medium,71
969,87,11,57,0,2,0.48,8,5,5,7,24,4.8,Medium,Moderate,No,Low,Male,Medium,Yes,No,High,High School,Low,Negative,In Relationship,Public,Medium,62
970,81,21,73,3,2,1.8,8,5,5,7,19,4.5,Medium,Near,No,Low,Male,Medium,Yes,Yes,Medium,High School,High,Positive,In Relationship,Public,Medium,67
971,93,16,51,3,2,1.7600000000000002,8,6,6,7,21,4.4,Low,Near,Yes,Low,Male,Medium,Yes,No,Medium,College,Medium,Neutral,Single,Public,Medium,67
972,77,25,71,0,3,1.4400000000000002,7,5,5,7,20,3.6,Medium,Near,Yes,Medium,Female,Medium,Yes,No,Medium,High School,Low,Negative,In Relationship,Public,Medium,66
973,68,16,85,1,3,1.8800000000000001,7,5,5,7,19,4.7,Medium,Moderate,Yes,Low,Female,Medium,Yes,No,High,Postgraduate,Low,Positive,In Relationship,Private,High,64
974,71,17,62,2,3,0.24,6,4,4,8,23,2.4,Medium,Near,Yes,Low,Male,Medium,Yes,Yes,Medium,College,Low,Neutral,Complicated,Public,Medium,62
975,80,9,91,1,3,2.52,7,8,8,5,21,6.3,High,Near,No,Medium,Female,Medium,Yes,No,Low,College,Medium,Neutral,Single,Public,Medium,65
976,81,17,53,0,1,0.45999999999999996,5,7,7,6,21,4.6,Low,Near,Yes,Medium,Male,Low,Yes,No,Low,College,Medium,Neutral,In Relationship,Public,Medium,63
977,92,5,52,2,4,0.45,9,5,5,7,22,4.5,Medium,Moderate,Yes,High,Female,High,Yes,Yes,Medium,College,Medium,Neutral,In Relationship,Private,Medium,64
978,92,10,51,1,3,0.5900000000000001,6,8,8,5,21,5.9,High,Near,Yes,Medium,Female,Medium,Yes,No,Low,High School,Low,Neutral,In Relationship,Private,Medium,65
979,83,25,64,0,2,2,7,7,7,6,22,5,High,Moderate,No,Low,Male,Medium,Yes,No,Medium,College,Medium,Neutral,Single,Public,Medium,68
980,91,25,73,2,3,1.2800000000000002,7,5,5,7,20,3.2,High,Near,Yes,Low,Female,Medium,Yes,No,Medium,High School,Medium,Positive,In Relationship,Public,Medium,72
981,68,23,55,0,3,0.41,9,5,5,7,22,4.1,Medium,Moderate,Yes,Low,Male,Medium,Yes,No,Medium,College,Medium,Positive,Single,Public,Medium,64
982,62,14,100,1,3,2.64,4,8,8,5,24,6.6,Medium,Near,No,Low,Male,Medium,Yes,No,Low,High School,High,Neutral,Single,Public,Medium,62
983,95,20,100,3,2,2.7600000000000002,7,8,8,5,20,6.9,Low,Near,Yes,Low,Female,Medium,No,No,Low,High School,Medium,Neutral,In Relationship,Private,Medium,69
984,63,20,76,3,4,1.4800000000000002,8,4,4,8,19,3.7,Low,Near,Yes,Medium,Female,High,Yes,No,Medium,Postgraduate,Low,Neutral,Single,Public,Medium,64
985,70,13,78,1,2,1.36,10,4,4,8,22,3.4,Medium,Far,No,Low,Female,Medium,Yes,No,Medium,High School,High,Negative,Single,Public,Medium,61
986,88,29,96,2,2,0.31000000000000005,7,4,4,8,22,3.1,High,Near,No,Low,Female,Medium,Yes,No,Low,High School,Medium,Positive,In Relationship,Public,Low,72
987,76,25,88,1,3,0.38,6,4,4,8,23,3.8,Low,Far,Yes,Medium,Male,Medium,Yes,No,Low,College,Medium,Negative,In Relationship,Private,Medium,66
988,95,19,58,2,3,1.72,10,5,5,7,19,4.3,Low,Near,No,High,Male,Medium,Yes,No,Low,High School,High,Positive,In Relationship,Public,Medium,69
989,72,20,90,2,2,2.8000000000000003,8,9,9,4,19,7,Medium,Near,No,Low,Female,Medium,No,No,High,College,Medium,Neutral,In Relationship,Private,Low,65
990,60,21,62,2,3,0.52,9,7,7,6,21,5.2,Medium,Near,Yes,Low,Male,Medium,Yes,No,Medium,High School,High,Positive,In Relationship,Public,Medium,64
991,72,8,72,3,4,0.45,5,6,6,6,20,4.5,Medium,Near,Yes,High,Female,High,Yes,No,Medium,High School,Low,Positive,In Relationship,Private,Low,62
992,83,19,77,1,4,0.51,8,5,5,7,19,5.1,Medium,Far,No,Low,Male,High,Yes,No,High,High School,Medium,Positive,Single,Public,Medium,66
993,75,16,86,0,1,0.45,5,7,7,6,21,4.5,Low,Moderate,Yes,Low,Female,Low,Yes,No,Medium,College,Low,Positive,In Relationship,Public,Medium,62
994,81,14,58,3,4,1.6,5,5,5,7,20,4,Medium,Moderate,Yes,Low,Male,High,Yes,No,High,Postgraduate,Medium,Negative,In Relationship,Public,High,66
995,95,18,54,2,3,0.29,8,5,5,7,22,2.9,High,Moderate,No,High,Female,Medium,Yes,No,Medium,College,Medium,Neutral,In Relationship,Public,Medium,70
996,96,31,93,3,3,1.8,8,7,7,6,21,4.5,Medium,Near,Yes,Low,Male,Medium,Yes,No,Low,High School,Medium,Positive,Single,Public,Medium,75
997,71,24,91,3,2,0.7200000000000001,6,9,9,4,22,7.2,High,Far,Yes,High,Female,Medium,Yes,No,Medium,High School,Low,Neutral,Single,Public,Medium,67
998,78,17,76,4,2,2,9,8,8,5,20,5,Medium,Near,Yes,Medium,Male,Medium,Yes,No,Low,College,Low,Positive,In Relationship,Public,Medium,66
999,82,23,83,2,3,0.55,6,7,7,6,24,5.5,High,Moderate,No,Medium,Male,Medium,Yes,No,Medium,Postgraduate,Medium,Positive,In Relationship,Private,Medium,71
1000,98,28,86,2,2,2.32,7,8,8,5,19,5.8,Medium,Near,Yes,Medium,Female,Medium,Yes,No,Medium,High School,High,Neutral,Complicated,Private,High,75
1001,100,26,74,1,2,1.7600000000000002,7,7,7,6,20,4.4,High,Far,No,Medium,Female,Medium,Yes,No,Low,High School,High,Neutral,Complicated,Public,Medium,72
1002,69,20,63,2,2,0.32000000000000006,7,4,4,8,21,3.2,Medium,Moderate,No,Low,Female,Medium,Yes,No,Low,High School,High,Negative,In Relationship,Private,Medium,64
1003,89,16,74,1,3,1.36,9,4,4,8,22,3.4,Medium,Far,Yes,Low,Male,Medium,No,No,Medium,High School,Medium,Neutral,Single,Public,Medium,65
1004,75,24,98,1,3,0.42000000000000004,5,5,5,7,20,4.2,Medium,Near,No,Low,Male,Medium,Yes,No,High,High School,Low,Positive,In Relationship,Public,Medium,67
1005,60,22,92,2,2,0.45999999999999996,6,5,5,7,20,4.6,Medium,Near,No,Low,Male,Medium,Yes,No,Low,High School,Medium,Negative,In Relationship,Public,High,63
1006,60,25,73,1,2,0.5700000000000001,5,7,7,6,21,5.7,Low,Near,Yes,Medium,Male,Medium,Yes,No,Low,High School,Medium,Negative,Single,Public,Medium,62
1007,78,24,61,2,4,0.45999999999999996,10,5,5,7,21,4.6,High,Moderate,Yes,Medium,Female,High,Yes,No,High,College,Low,Positive,In Relationship,Public,Medium,69
1008,80,26,94,1,2,2.44,7,8,8,5,24,6.1,Medium,Moderate,Yes,Low,Male,Medium,Yes,No,Medium,Postgraduate,Medium,Positive,Single,Private,Medium,70
1009,61,17,82,0,4,0.30000000000000004,6,4,4,8,21,3,Medium,Near,Yes,Medium,Male,High,Yes,No,High,Postgraduate,Low,Neutral,In Relationship,Public,High,63
1010,87,28,70,2,2,1.9600000000000002,7,7,7,6,19,4.9,Medium,Near,Yes,Low,Male,Medium,Yes,No,Medium,Postgraduate,Medium,Neutral,Complicated,Public,Medium,71
1011,72,21,56,0,4,1.6800000000000002,8,5,5,7,21,4.2,Low,Near,Yes,Low,Male,High,Yes,No,Medium,High School,Medium,Neutral,In Relationship,Public,Medium,63
1012,82,32,88,0,2,1.56,8,5,5,7,19,3.9,Medium,Moderate,Yes,High,Male,Medium,Yes,No,Low,College,Low,Positive,Single,Public,Medium,71
1013,72,16,66,0,4,2.2399999999999998,6,7,7,6,20,5.6,Medium,Near,Yes,Low,Male,High,Yes,No,Low,College,Medium,Positive,Single,Private,Medium,63
1014,67,30,80,0,4,0.51,6,7,7,6,22,5.1,High,Moderate,Yes,Low,Male,High,Yes,No,High,High School,Medium,Neutral,Single,Public,Medium,68
1015,76,21,78,0,3,0.38,5,3,3,8,19,3.8,Low,Near,Yes,Low,Male,Medium,No,No,High,High School,Medium,Neutral,Single,Public,High,65
1016,69,16,85,0,3,1.52,7,4,4,8,20,3.8,High,Near,Yes,High,Female,Medium,Yes,No,Medium,High School,High,Negative,Single,Private,High,66
1017,81,17,77,3,4,0.45999999999999996,9,5,5,7,20,4.6,Medium,Far,Yes,Low,Male,High,Yes,No,Medium,College,Low,Neutral,In Relationship,Public,Medium,66
1018,68,18,82,0,3,2.2399999999999998,6,8,8,5,18,5.6,High,Near,No,Medium,Male,Medium,Yes,No,Low,High School,High,Positive,Single,Public,High,66
1019,80,23,54,0,2,1.56,8,6,6,7,21,3.9,Low,Near,Yes,Medium,Female,Medium,Yes,No,Medium,High School,Low,Positive,Complicated,Private,High,65
1020,66,23,83,0,2,0.47000000000000003,6,6,6,7,21,4.7,High,Near,No,High,Female,Medium,Yes,No,Medium,High School,Medium,Positive,In Relationship,Public,Medium,66
1021,87,17,60,4,3,0.63,5,8,8,5,22,6.3,Medium,Near,Yes,Medium,Female,Medium,Yes,Yes,Medium,High School,Medium,Positive,Single,Private,Medium,67
1022,90,20,70,0,3,0.47000000000000003,8,5,5,7,19,4.7,Medium,Moderate,No,Medium,Female,Medium,Yes,No,Medium,High School,High,Neutral,Single,Private,Medium,68
1023,64,33,76,2,3,1.8,10,7,7,6,20,4.5,Low,Near,Yes,High,Male,Medium,Yes,No,Low,High School,Medium,Neutral,Single,Private,High,68
1024,79,30,84,3,3,1.8800000000000001,8,7,7,5,20,4.7,Medium,Moderate,No,Low,Female,Medium,Yes,No,Medium,College,Low,Negative,Single,Private,Medium,69
1025,63,23,87,1,2,0.42000000000000004,6,6,6,7,21,4.2,Low,Near,Yes,Medium,Male,Medium,Yes,No,Low,Postgraduate,Medium,Neutral,In Relationship,Public,Medium,64
1026,84,20,85,0,3,0.68,6,7,7,6,22,6.8,Medium,Moderate,No,Medium,Male,Medium,Yes,No,Medium,High School,Medium,Positive,Single,Private,Medium,67
1027,71,21,55,1,4,1.4400000000000002,10,7,7,6,22,3.6,Medium,Moderate,Yes,Medium,Female,High,Yes,No,Low,High School,Medium,Negative,Single,Public,Medium,63
1028,81,24,69,3,3,1.4800000000000002,7,5,5,7,21,3.7,High,Near,Yes,Low,Male,Medium,Yes,No,Medium,College,Low,Negative,In Relationship,Public,Medium,67
1029,81,14,64,2,2,0.45999999999999996,6,5,5,7,22,4.6,High,Far,Yes,High,Female,Medium,No,No,Low,High School,Medium,Neutral,In Relationship,Public,High,64
1030,97,18,70,0,2,0.5700000000000001,7,7,7,6,19,5.7,Medium,Near,No,High,Female,Medium,Yes,Yes,Low,High School,Low,Neutral,In Relationship,Public,Medium,66
1031,82,10,82,2,4,0.30000000000000004,7,3,3,8,19,3,Medium,Near,No,Low,Male,High,Yes,No,Low,High School,High,Neutral,Single,Private,High,65
1032,83,22,60,4,2,0.71,8,7,7,6,21,7.1,Medium,Moderate,Yes,Medium,Female,Medium,No,No,Low,Postgraduate,Medium,Neutral,Single,Public,Medium,68
1033,76,24,75,0,5,0.47000000000000003,9,5,5,7,20,4.7,High,Near,No,Low,Male,High,Yes,No,Low,High School,Low,Positive,In Relationship,Private,Medium,66
1034,98,17,94,0,3,1.7600000000000002,9,7,7,6,22,4.4,High,Near,No,High,Male,Medium,Yes,No,Low,College,High,Negative,Single,Public,Low,71
1035,91,29,87,2,4,0.47000000000000003,7,7,7,6,22,4.7,High,Near,Yes,Medium,Female,High,No,No,Medium,College,Medium,Negative,Single,Private,High,74
1036,71,13,86,2,3,1.7600000000000002,7,6,6,7,21,4.4,High,Near,No,Low,Male,Medium,Yes,No,Low,Postgraduate,Medium,Positive,Single,Public,Medium,65
1037,94,11,92,0,4,1.6,8,7,7,6,19,4,High,Near,Yes,Medium,Female,High,Yes,No,High,High School,Low,Neutral,Single,Public,Medium,68
1038,77,21,70,2,2,0.5700000000000001,6,8,8,5,18,5.7,High,Near,Yes,High,Male,Medium,No,No,Low,College,Medium,Positive,In Relationship,Private,Medium,68
1039,93,26,88,1,4,1.72,8,7,7,6,20,4.3,Medium,Near,No,Medium,Male,High,Yes,Yes,Medium,College,Medium,Neutral,Single,Public,High,72
1040,93,30,53,3,2,0.30000000000000004,7,3,3,8,19,3,High,Moderate,Yes,Low,Female,Medium,Yes,No,Medium,Postgraduate,High,Negative,Single,Private,Medium,74
1041,68,17,53,0,2,0.54,8,7,7,6,21,5.4,High,Near,No,Low,Male,Medium,Yes,No,Medium,College,Low,Neutral,In Relationship,Public,Medium,61
1042,88,26,67,0,3,1.9600000000000002,10,8,8,6,22,4.9,Low,Far,No,Low,Male,Medium,Yes,No,Low,High School,Low,Positive,In Relationship,Private,Low,65
1043,72,20,60,0,5,0.6400000000000001,8,8,8,5,20,6.4,Low,Near,No,Low,Male,High,Yes,No,Low,High School,High,Neutral,Single,Public,Medium,63
1044,72,19,76,1,2,0.43,7,5,5,7,21,4.3,Medium,Moderate,Yes,Medium,Female,Medium,Yes,No,Medium,High School,High,Positive,In Relationship,Public,High,66
1045,72,25,59,2,3,2.64,6,8,8,5,19,6.6,High,Near,Yes,Low,Male,Medium,Yes,No,Medium,High School,Low,Negative,In Relationship,Public,Medium,66
1046,89,24,99,2,4,0.5700000000000001,7,7,7,6,22,5.7,Medium,Near,Yes,Low,Female,High,Yes,No,Medium,High School,High,Neutral,In Relationship,Private,High,73
1047,69,11,93,0,4,2.2800000000000002,5,7,7,6,20,5.7,Medium,Near,No,Medium,Male,High,Yes,No,Medium,College,Medium,Negative,Single,Public,High,63
1048,60,29,99,0,4,1.64,8,8,8,5,19,4.1,High,Near,Yes,Medium,Female,High,Yes,Yes,Medium,High School,High,Positive,Single,Public,Medium,68
1049,89,28,90,3,2,0.48,4,5,5,7,22,4.8,Low,Moderate,Yes,Low,Female,Medium,Yes,Yes,High,Postgraduate,High,Positive,Single,Public,High,73
1050,67,16,98,0,3,0.44000000000000006,8,6,6,7,22,4.4,High,Moderate,Yes,High,Male,Medium,Yes,No,Medium,High School,Low,Negative,In Relationship,Private,Low,63
1051,64,22,68,2,4,0.55,8,7,7,6,23,5.5,High,Near,Yes,Medium,Male,High,Yes,No,Medium,High School,Medium,Negative,In Relationship,Public,Medium,65
1052,70,23,75,0,4,1.4800000000000002,7,5,5,7,21,3.7,High,Near,Yes,Low,Female,High,Yes,No,High,High School,Low,Positive,In Relationship,Public,Medium,66
1053,75,22,62,0,3,0.47000000000000003,6,7,7,6,22,4.7,Low,Near,Yes,High,Female,Medium,Yes,No,Medium,Postgraduate,Low,Negative,Single,Public,High,65
1054,79,17,82,0,2,2.2800000000000002,7,7,7,6,23,5.7,High,Near,Yes,Medium,Male,Medium,Yes,No,Medium,College,Low,Negative,Single,Public,High,66
1055,62,16,89,3,3,2.64,4,9,9,4,19,6.6,Medium,Near,No,Low,Female,Medium,Yes,No,High,College,High,Neutral,In Relationship,Public,Medium,65
1056,99,20,75,2,2,0.47000000000000003,8,7,7,6,22,4.7,Medium,Far,No,Low,Female,Medium,Yes,No,Medium,Postgraduate,Medium,Negative,Single,Private,High,70
1057,89,27,65,1,3,1.92,7,7,7,6,19,4.8,Medium,Near,No,Medium,Female,Medium,Yes,No,Medium,High School,Medium,Neutral,In Relationship,Public,Medium,70
1058,73,23,75,0,3,0.58,9,8,8,5,22,5.8,Medium,Moderate,Yes,High,Female,Medium,Yes,No,Medium,High School,High,Positive,In Relationship,Private,High,68
1059,73,18,53,1,3,2.68,8,9,9,4,21,6.7,High,Moderate,No,Low,Male,Medium,No,No,Medium,Postgraduate,Medium,Neutral,Single,Public,High,64
1060,78,25,86,1,3,2.2399999999999998,7,7,7,6,21,5.6,Medium,Moderate,No,Medium,Female,Medium,Yes,No,Medium,Postgraduate,Medium,Negative,In Relationship,Public,Medium,68
1061,85,3,73,2,3,1.72,8,7,7,6,20,4.3,High,Near,No,Low,Male,Medium,Yes,No,Low,High School,Low,Neutral,Single,Private,Medium,62
1062,66,27,95,1,3,0.24,6,4,4,8,23,2.4,Medium,Moderate,Yes,Medium,Male,Medium,Yes,No,Medium,College,Medium,Positive,Complicated,Public,Medium,68
1063,68,10,96,1,3,2.68,6,8,8,5,23,6.7,Medium,Moderate,No,High,Male,Medium,Yes,No,Low,College,Low,Neutral,Single,Public,Medium,61
1064,94,18,56,1,3,0.4,7,5,5,7,22,4,Medium,Near,Yes,Low,Male,Medium,No,No,Low,Postgraduate,High,Positive,Single,Public,Medium,69
1065,70,13,100,3,3,0.45999999999999996,7,6,6,6,20,4.6,Medium,Near,Yes,Low,Male,Medium,Yes,No,Medium,High School,Medium,Neutral,Single,Public,Medium,65
1066,75,12,98,2,2,0.27999999999999997,6,4,4,8,22,2.8,High,Far,Yes,Low,Male,Medium,Yes,No,Medium,College,Medium,Neutral,Single,Public,Medium,65
1067,95,27,81,3,2,0.45,7,5,5,7,23,4.5,High,Moderate,No,Low,Male,Medium,Yes,No,Low,High School,Medium,Neutral,In Relationship,Public,Medium,72
1068,87,17,91,3,3,0.48,7,7,7,5,19,4.8,Medium,Near,Yes,Low,Female,Medium,Yes,Yes,High,College,Medium,Positive,Complicated,Public,High,70
1069,74,22,51,1,4,0.54,10,7,7,6,21,5.4,High,Near,Yes,Medium,Male,High,No,No,Medium,High School,Medium,Negative,In Relationship,Private,Medium,65
1070,87,20,99,3,3,1.7600000000000002,7,6,6,7,21,4.4,Medium,Near,No,Low,Male,Medium,Yes,No,Medium,High School,Medium,Negative,Single,Public,Medium,69
1071,61,23,73,1,3,1.6800000000000002,6,5,5,8,21,4.2,Low,Near,Yes,Medium,Male,Medium,Yes,No,Medium,College,High,Positive,In Relationship,Public,Medium,65
1072,89,20,95,3,2,1.9600000000000002,7,7,7,6,19,4.9,Medium,Near,Yes,Low,Male,Medium,Yes,No,Low,High School,Low,Neutral,Complicated,Private,Medium,69
1073,79,12,69,2,3,2.12,9,7,7,6,21,5.3,Medium,Near,Yes,Low,Male,Medium,Yes,No,Medium,Postgraduate,Low,Neutral,Single,Public,High,65
1074,93,26,89,0,3,0.48,9,7,7,6,21,4.8,High,Moderate,Yes,Low,Male,Medium,Yes,No,Medium,College,Medium,Neutral,In Relationship,Public,Medium,72
1075,98,17,71,0,3,1.8,10,6,6,7,20,4.5,Low,Moderate,Yes,Low,Female,Medium,Yes,No,Medium,Postgraduate,High,Positive,Single,Private,High,70
1076,97,11,68,0,2,1.92,7,7,7,6,22,4.8,Medium,Moderate,Yes,Low,Female,Medium,Yes,No,Low,High School,Medium,Negative,Single,Private,Medium,64
1077,96,17,97,0,3,1.52,8,7,7,5,21,3.8,Low,Near,No,Medium,Female,Medium,Yes,No,Low,High School,Medium,Negative,In Relationship,Public,Medium,67
1078,80,29,85,0,2,0.47000000000000003,5,8,8,5,22,4.7,Low,Moderate,No,High,Male,Medium,Yes,No,High,High School,Medium,Neutral,Single,Public,High,69
1079,74,25,92,4,3,0.45999999999999996,6,5,5,7,20,4.6,Medium,Near,Yes,Medium,Male,Medium,Yes,No,Low,Postgraduate,Low,Positive,In Relationship,Private,Medium,70
1080,79,18,77,1,3,0.45,5,6,6,7,21,4.5,Medium,Near,Yes,Low,Male,Medium,Yes,No,Low,High School,Medium,Neutral,In Relationship,Public,High,65
1081,88,18,96,1,3,0.45999999999999996,8,5,5,7,22,4.6,High,Far,Yes,Low,Female,Medium,Yes,No,Low,High School,High,Positive,In Relationship,Public,Medium,69
1082,95,18,87,5,2,0.45999999999999996,7,5,5,7,20,4.6,Medium,Near,Yes,Medium,Male,Medium,Yes,No,High,College,High,Neutral,In Relationship,Public,Medium,74
1083,68,32,54,1,1,0.61,7,8,8,5,20,6.1,Medium,Near,Yes,Low,Male,Low,Yes,No,Medium,Postgraduate,Low,Neutral,Single,Private,Medium,66
1084,97,22,88,1,4,1.6,6,7,7,6,22,4,Medium,Near,Yes,Low,Male,High,Yes,No,High,College,Medium,Positive,Single,Private,Low,72
1085,93,23,51,0,1,2.08,8,7,7,6,22,5.2,Low,Near,Yes,Low,Male,Low,No,No,High,High School,Medium,Positive,Single,Private,High,67
1086,99,26,91,2,4,0.58,4,8,8,5,22,5.8,High,Moderate,Yes,High,Female,High,Yes,No,High,Postgraduate,Low,Neutral,In Relationship,Public,Low,75
1087,95,21,67,3,2,0.55,7,7,7,6,22,5.5,Low,Far,Yes,Medium,Female,Medium,Yes,No,Medium,College,Medium,Positive,Single,Public,Medium,70
1088,71,18,80,1,4,2.2800000000000002,7,7,7,6,19,5.7,Low,Moderate,No,Medium,Female,High,Yes,No,Medium,Postgraduate,Low,Neutral,Single,Public,Low,63
1089,64,19,87,2,4,1.92,4,7,7,6,19,4.8,Medium,Moderate,No,Medium,Male,High,Yes,No,High,High School,Medium,Positive,In Relationship,Private,Medium,65
1090,64,20,82,3,3,0.45,8,5,5,7,20,4.5,High,Moderate,No,Medium,Female,Medium,Yes,No,Medium,High School,Medium,Negative,In Relationship,Public,Low,64
1091,72,20,84,2,2,0.61,7,7,7,6,21,6.1,High,Moderate,No,Medium,Female,Medium,Yes,No,Low,High School,Medium,Negative,Single,Public,High,65
1092,85,24,95,2,4,1.52,8,6,6,7,21,3.8,Medium,Near,Yes,Medium,Female,High,Yes,No,Medium,High School,Medium,Negative,Single,Public,Medium,70
1093,92,20,69,0,2,0.22000000000000003,10,3,3,8,24,2.2,Low,Far,No,Low,Male,Medium,Yes,No,Medium,Postgraduate,Medium,Positive,Single,Public,Medium,67
1094,96,24,77,0,2,0.26,7,4,4,8,21,2.6,Medium,Near,Yes,Low,Female,Medium,No,Yes,Low,High School,Medium,Negative,In Relationship,Public,Medium,67
1095,85,20,59,1,3,1.36,8,4,4,8,22,3.4,High,Far,No,Medium,Female,Medium,Yes,No,Medium,Postgraduate,Medium,Positive,Single,Public,Medium,68
1096,60,20,73,4,4,0.29,9,3,3,8,19,2.9,Medium,Near,No,Medium,Male,High,Yes,No,High,College,Medium,Negative,Single,Public,Medium,65
1097,67,8,58,2,1,3.04,8,9,9,5,20,7.6,Medium,Moderate,Yes,Medium,Female,Low,Yes,No,Low,Postgraduate,High,Positive,In Relationship,Public,Medium,61
1098,64,25,82,2,3,0.48,6,5,5,7,24,4.8,Low,Moderate,Yes,Low,Female,Medium,Yes,No,Low,High School,Medium,Negative,In Relationship,Public,Medium,63
1099,75,22,66,2,2,1.2400000000000002,5,4,4,8,19,3.1,Low,Far,Yes,Low,Male,Medium,Yes,No,Low,High School,Medium,Positive,Single,Public,Medium,80
1100,80,26,93,2,1,2.12,8,7,7,6,21,5.3,Medium,Moderate,Yes,Low,Male,Low,Yes,No,Medium,Postgraduate,Medium,Neutral,Single,Public,Low,69
1101,62,3,67,1,3,0.65,6,8,8,5,20,6.5,Low,Near,No,Low,Male,Medium,Yes,No,Medium,High School,Medium,Negative,Single,Public,Medium,55
1102,74,33,64,2,4,1.7600000000000002,9,7,7,6,22,4.4,Medium,Near,No,Medium,Female,High,Yes,No,Medium,Postgraduate,Medium,Neutral,Single,Private,Medium,70
1103,67,19,75,1,3,1.7600000000000002,6,7,7,5,21,4.4,Medium,Near,Yes,Low,Female,Medium,Yes,No,High,College,Medium,Neutral,In Relationship,Public,Medium,65
1104,86,27,59,1,3,2.08,7,8,8,6,19,5.2,Medium,Near,Yes,Medium,Male,Medium,Yes,No,Low,High School,Low,Neutral,In Relationship,Public,Medium,68
1105,79,14,60,3,5,2.84,5,8,8,5,20,7.1,Low,Near,Yes,Low,Male,High,Yes,No,Medium,High School,Medium,Negative,In Relationship,Public,Medium,64
1106,80,24,89,1,3,1.8800000000000001,6,7,7,6,20,4.7,Medium,Near,No,Low,Male,Medium,Yes,No,Medium,College,Medium,Neutral,Single,Public,High,69
1107,77,14,75,1,4,2.68,6,8,8,5,21,6.7,High,Near,No,Medium,Female,High,Yes,Yes,Medium,High School,Low,Neutral,Single,Public,High,89
1108,98,16,60,1,3,1.64,6,7,7,6,20,4.1,Low,Far,Yes,Medium,Male,Medium,Yes,No,Medium,High School,Medium,Positive,Single,Private,Medium,67
1109,69,31,52,2,5,2.8000000000000003,7,9,9,4,19,7,Medium,Far,No,High,Male,High,No,No,Medium,College,Medium,Neutral,In Relationship,Public,Low,92
1110,81,19,73,1,3,0.41,6,5,5,7,22,4.1,High,Near,No,Low,Female,Medium,No,No,Low,High School,High,Positive,Single,Private,High,67
1111,89,21,87,3,3,1.92,10,8,8,6,21,4.8,Medium,Near,Yes,Medium,Male,Medium,Yes,No,Low,College,Low,Positive,In Relationship,Public,Medium,70
1112,82,25,68,1,3,1.7600000000000002,8,7,7,6,22,4.4,Low,Near,No,Low,Male,Medium,Yes,No,Medium,College,High,Neutral,Single,Public,High,68
1113,97,23,62,0,2,0.27,9,3,3,8,19,2.7,Low,Near,Yes,Low,Male,Medium,Yes,No,Medium,Postgraduate,Medium,Positive,Single,Private,Medium,70
1114,75,21,70,3,4,0.6000000000000001,7,8,8,5,21,6,Medium,Near,Yes,Medium,Male,High,Yes,Yes,Low,Postgraduate,Medium,Positive,In Relationship,Public,Medium,67
1115,79,22,98,0,3,0.63,7,8,8,5,23,6.3,Medium,Near,Yes,High,Male,Medium,Yes,No,High,High School,Medium,Neutral,Single,Public,Medium,69
1116,64,34,71,0,4,1.6800000000000002,6,5,5,7,21,4.2,Medium,Near,No,Low,Female,High,Yes,No,High,High School,Medium,Negative,In Relationship,Private,High,67
1117,84,20,63,0,4,0.47000000000000003,10,5,5,7,22,4.7,High,Near,Yes,Low,Female,High,Yes,No,Medium,High School,High,Positive,Single,Private,Medium,69
1118,72,21,78,0,1,2.72,7,8,8,5,19,6.8,High,Near,No,High,Female,Low,No,Yes,Low,High School,Medium,Neutral,In Relationship,Public,Medium,63
1119,66,26,91,3,3,0.43,6,4,4,8,21,4.3,Medium,Near,No,Medium,Female,Medium,Yes,No,Medium,College,Medium,Positive,Single,Public,Medium,69
1120,82,27,51,1,3,0.25,6,4,4,8,23,2.5,High,Moderate,No,Low,Male,Medium,Yes,No,Low,High School,Medium,Negative,In Relationship,Public,Medium,66
1121,81,27,78,0,3,1.9600000000000002,8,7,7,6,21,4.9,Medium,Moderate,No,Medium,Male,Medium,Yes,No,Medium,High School,Medium,Positive,Single,Public,Medium,68
1122,63,24,92,4,4,0.45,9,6,6,7,21,4.5,Medium,Near,Yes,Medium,Male,High,Yes,No,Medium,Postgraduate,Medium,Positive,In Relationship,Private,Medium,69
1123,88,13,61,4,3,0.96,9,4,4,8,20,2.4,Low,Near,Yes,Medium,Female,Medium,Yes,No,Low,High School,High,Negative,Single,Private,Medium,66
1124,85,30,96,1,4,0.65,6,7,7,6,21,6.5,Medium,Near,Yes,Medium,Female,High,Yes,No,Low,High School,Medium,Neutral,Single,Private,Medium,72
1125,68,13,79,1,3,2.8000000000000003,6,9,9,5,20,7,Medium,Near,Yes,High,Male,Medium,Yes,No,Medium,College,Low,Negative,In Relationship,Private,Medium,62
1126,79,22,76,1,2,0.7000000000000001,9,8,8,5,19,7,Medium,Near,No,Low,Male,Medium,Yes,No,Medium,High School,Medium,Positive,In Relationship,Private,Medium,67
1127,89,15,98,0,2,0.45,10,5,5,7,20,4.5,Low,Near,No,Low,Male,Medium,Yes,No,Low,College,High,Positive,In Relationship,Private,Medium,67
1128,81,20,56,1,3,1.8800000000000001,7,7,7,5,20,4.7,High,Near,Yes,Medium,Male,Medium,No,No,Low,High School,High,Positive,Single,Private,Medium,67
1129,76,22,87,2,3,1.7600000000000002,9,7,7,5,21,4.4,Low,Near,No,Low,Female,Medium,Yes,Yes,Low,College,Medium,Neutral,In Relationship,Public,High,65
1130,73,22,91,1,3,0.47000000000000003,5,5,5,7,22,4.7,Low,Moderate,No,Medium,Male,Medium,Yes,No,Medium,Postgraduate,High,Positive,In Relationship,Public,Medium,67
1131,84,23,74,3,1,0.32000000000000006,6,5,5,7,22,3.2,Low,Near,No,Low,Female,Low,No,No,Medium,High School,Low,Positive,In Relationship,Public,Medium,66
1132,98,30,50,0,2,0.5,5,6,6,7,22,5,Low,Near,Yes,Low,Male,Medium,Yes,No,High,College,Low,Negative,In Relationship,Public,High,70
1133,87,23,76,2,5,0.6200000000000001,8,7,7,6,19,6.2,High,Near,No,High,Female,High,Yes,Yes,Medium,Postgraduate,Low,Positive,Single,Public,Medium,71
1134,63,19,58,2,3,2.12,7,7,7,5,19,5.3,High,Near,Yes,Low,Female,Medium,Yes,No,Medium,Postgraduate,Low,Neutral,Single,Private,High,64
1135,78,26,78,4,4,0.49000000000000005,7,5,5,7,19,4.9,High,Moderate,Yes,Medium,Female,High,Yes,No,Low,High School,Low,Neutral,Single,Private,Medium,69
1136,96,27,87,0,2,2.68,9,9,9,4,19,6.7,High,Moderate,Yes,Medium,Male,Medium,No,No,Low,College,Medium,Positive,Single,Public,High,72
1137,64,13,77,0,4,1.6800000000000002,6,7,7,6,20,4.2,Low,Near,Yes,Low,Male,High,Yes,No,Medium,High School,Medium,Neutral,Complicated,Public,High,60
1138,100,24,82,1,3,0.54,7,7,7,6,24,5.4,Low,Moderate,Yes,Medium,Male,Medium,Yes,No,Low,High School,Medium,Positive,In Relationship,Private,High,71
1139,98,24,55,0,3,0.63,5,8,8,5,23,6.3,Medium,Moderate,Yes,Medium,Male,Medium,Yes,No,High,High School,Medium,Positive,Single,Public,Medium,71
1140,63,18,55,2,2,1.6800000000000002,9,8,8,5,20,4.2,High,Near,No,High,Female,Medium,Yes,No,Medium,Postgraduate,High,Positive,In Relationship,Private,High,66
1141,97,28,93,3,3,1.2400000000000002,9,5,5,7,19,3.1,Medium,Near,No,Medium,Female,Medium,Yes,No,Low,High School,Medium,Neutral,In Relationship,Public,High,74
1142,75,19,52,0,4,0.33,8,5,5,7,22,3.3,Medium,Moderate,No,Low,Male,High,Yes,No,High,Postgraduate,Medium,Negative,In Relationship,Public,Medium,64
1143,94,21,64,2,2,0.27,7,4,4,8,22,2.7,Low,Near,Yes,Medium,Male,Medium,Yes,No,Low,High School,Medium,Neutral,In Relationship,Private,Medium,68
1144,77,19,97,4,2,1.92,6,7,7,6,19,4.8,Low,Near,No,Low,Male,Medium,Yes,No,Low,High School,High,Negative,Single,Public,Medium,66
1145,78,20,73,1,3,1.7600000000000002,5,5,5,7,20,4.4,Medium,Near,No,Low,Female,Medium,Yes,No,Low,College,Medium,Negative,In Relationship,Public,Medium,65
1146,85,13,84,0,5,2,7,7,7,6,20,5,High,Moderate,Yes,Low,Female,High,No,No,Medium,High School,Low,Neutral,In Relationship,Public,Medium,64
1147,91,11,61,1,3,1.8800000000000001,8,5,5,7,19,4.7,Low,Far,No,High,Male,Medium,Yes,No,Medium,Postgraduate,Medium,Positive,In Relationship,Private,Medium,65
1148,61,30,64,4,2,0.38,10,4,4,8,21,3.8,High,Moderate,No,Medium,Male,Medium,Yes,No,Low,Postgraduate,High,Positive,In Relationship,Public,Medium,69
1149,84,15,75,2,4,1.6,6,7,7,6,22,4,High,Near,Yes,Medium,Female,High,Yes,Yes,Medium,Postgraduate,Medium,Positive,Single,Private,Medium,68
1150,67,14,82,1,3,1.6800000000000002,7,7,7,6,20,4.2,High,Far,No,Medium,Female,Medium,Yes,No,Low,High School,Medium,Neutral,Complicated,Public,Medium,62
1151,74,7,98,3,2,1.8800000000000001,9,5,5,7,20,4.7,High,Moderate,No,High,Male,Medium,Yes,No,High,High School,Low,Neutral,In Relationship,Public,Low,63
1152,74,16,79,0,4,2,9,7,7,6,22,5,Low,Moderate,No,High,Female,High,Yes,No,High,Postgraduate,High,Neutral,Single,Public,Medium,65
1153,79,12,55,1,4,0.5599999999999999,6,7,7,6,19,5.6,High,Far,No,Low,Female,High,Yes,No,Medium,College,Low,Neutral,Single,Private,High,62
1154,73,30,68,0,2,2.72,7,9,9,5,20,6.8,Medium,Near,No,Low,Male,Medium,Yes,No,Medium,Postgraduate,Low,Positive,In Relationship,Public,High,67
1155,64,26,62,1,5,0.47000000000000003,6,8,8,5,22,4.7,High,Moderate,No,Low,Male,High,Yes,No,Low,High School,Low,Positive,Single,Private,Medium,64
1156,66,16,63,2,3,1.64,6,7,7,5,20,4.1,Low,Moderate,No,Medium,Male,Medium,Yes,No,Low,College,Medium,Neutral,Single,Public,High,61
1157,61,34,75,1,2,1.1199999999999999,9,4,4,8,20,2.8,Medium,Far,No,Low,Male,Medium,Yes,No,Medium,College,Low,Neutral,Single,Public,Medium,65
1158,79,26,66,1,5,0.45999999999999996,7,7,7,6,21,4.6,Low,Moderate,No,High,Male,High,Yes,Yes,Medium,High School,High,Positive,In Relationship,Public,Medium,67
1159,98,18,64,0,4,0.48,7,7,7,6,20,4.8,Low,Moderate,No,Medium,Male,High,Yes,No,Medium,Postgraduate,High,Positive,In Relationship,Public,Medium,70
1160,65,5,98,1,3,0.44000000000000006,7,4,4,8,22,4.4,High,Far,Yes,Low,Male,Medium,Yes,No,Low,High School,Medium,Positive,Single,Private,Low,59
1161,98,34,79,1,4,2.68,7,9,9,4,19,6.7,High,Near,No,Low,Male,High,Yes,No,Medium,College,Medium,Neutral,Single,Private,Medium,75
1162,89,12,63,4,2,0.27999999999999997,7,3,3,8,19,2.8,Medium,Near,Yes,Low,Male,Medium,Yes,No,Medium,College,Low,Neutral,Single,Public,High,67
1163,85,10,64,1,3,1.4000000000000001,6,5,5,7,19,3.5,Medium,Near,Yes,Medium,Male,Medium,Yes,No,Low,College,Medium,Negative,In Relationship,Public,Medium,64
1164,86,26,91,3,3,3.3200000000000003,9,9,9,5,19,8.3,High,Near,Yes,High,Female,Medium,Yes,Yes,Medium,High School,Medium,Neutral,In Relationship,Public,Medium,72
1165,93,35,94,5,2,0.5,6,7,7,6,21,5,Medium,Near,Yes,Medium,Female,Medium,Yes,Yes,Medium,College,Medium,Neutral,In Relationship,Public,Medium,76
1166,64,28,84,2,2,1.8399999999999999,6,8,8,5,20,4.6,High,Near,Yes,Medium,Male,Medium,Yes,No,Low,Postgraduate,Medium,Positive,In Relationship,Private,Medium,69
1167,80,23,72,0,5,0.68,7,8,8,5,22,6.8,Medium,Near,No,Low,Male,High,Yes,No,Low,High School,Low,Negative,In Relationship,Public,High,65
1168,88,24,88,2,1,0.35000000000000003,10,5,5,7,21,3.5,Medium,Far,No,High,Female,Low,Yes,No,Low,Postgraduate,High,Positive,Single,Public,High,72
1169,83,25,97,0,4,2,6,8,8,5,19,5,High,Near,Yes,Low,Male,High,Yes,No,Low,High School,Medium,Neutral,In Relationship,Public,Low,69
1170,93,25,58,0,4,0.5700000000000001,8,7,7,6,22,5.7,Medium,Moderate,No,High,Female,High,Yes,No,Medium,High School,High,Positive,Single,Private,Medium,71
1171,63,22,93,0,2,1.8800000000000001,7,7,7,6,20,4.7,Medium,Far,No,Medium,Male,Medium,Yes,No,High,High School,High,Neutral,Single,Private,Medium,64
1172,88,21,92,2,3,2.2800000000000002,7,8,8,6,20,5.7,High,Near,Yes,Medium,Female,Medium,Yes,No,High,Postgraduate,High,Positive,Single,Public,Medium,74
1173,81,20,68,0,3,1.6800000000000002,8,7,7,5,21,4.2,High,Near,Yes,Medium,Male,Medium,Yes,No,Medium,College,Medium,Neutral,In Relationship,Public,Medium,68
1174,75,15,65,1,4,0.45,4,5,5,7,21,4.5,High,Moderate,Yes,Low,Female,High,Yes,No,High,Postgraduate,Medium,Positive,In Relationship,Private,Low,66
1175,74,18,78,0,2,0.49000000000000005,6,5,5,7,19,4.9,Medium,Moderate,No,High,Female,Medium,Yes,No,High,High School,Medium,Positive,Single,Public,Medium,65
1176,85,10,64,2,3,2.2,8,8,8,5,22,5.5,Medium,Near,Yes,High,Female,Medium,Yes,No,Low,Postgraduate,High,Neutral,Single,Public,Medium,67
1177,96,19,57,0,3,2.32,7,7,7,6,21,5.8,Medium,Near,No,Low,Female,Medium,Yes,No,High,High School,Medium,Positive,In Relationship,Public,Medium,69
1178,80,14,98,2,2,2.72,7,8,8,5,23,6.8,Low,Near,Yes,Low,Male,Medium,Yes,No,High,High School,High,Negative,Single,Private,High,66
1179,93,13,75,1,2,2.72,8,8,8,5,21,6.8,High,Near,Yes,Medium,Male,Medium,Yes,No,Medium,High School,Medium,Positive,Single,Private,Medium,69
1180,76,21,74,2,3,1.52,6,4,4,8,22,3.8,Medium,Near,Yes,Medium,Male,Medium,Yes,No,Medium,High School,Medium,Neutral,Single,Private,Medium,67
1181,64,28,56,1,2,0.36000000000000004,9,5,5,7,21,3.6,Medium,Near,Yes,Low,Male,Medium,Yes,No,Medium,College,Medium,Negative,In Relationship,Public,Low,64
1182,62,26,75,2,2,0.45999999999999996,8,5,5,7,24,4.6,High,Moderate,No,Medium,Male,Medium,Yes,No,Medium,College,High,Neutral,In Relationship,Public,Medium,67
1183,62,11,87,3,3,0.6900000000000001,7,7,7,6,21,6.9,High,Far,Yes,Low,Female,Medium,No,No,High,High School,Low,Positive,Single,Public,High,61
1184,75,14,62,0,2,0.48,8,6,6,7,21,4.8,Low,Moderate,Yes,High,Female,Medium,Yes,No,Low,High School,Medium,Negative,In Relationship,Public,Medium,61
1185,73,26,68,4,2,1.92,9,7,7,6,22,4.8,Medium,Far,Yes,Medium,Male,Medium,Yes,No,High,High School,Medium,Neutral,Single,Public,Medium,68
1186,89,14,59,2,5,2.12,6,8,8,5,19,5.3,High,Moderate,No,Low,Male,High,Yes,No,Low,Postgraduate,Low,Neutral,In Relationship,Public,High,66
1187,90,19,68,0,4,0.36000000000000004,8,5,5,7,21,3.6,Medium,Moderate,No,High,Male,High,Yes,No,Low,High School,Medium,Negative,In Relationship,Public,Medium,66
1188,62,23,93,2,4,1.6,10,7,7,6,22,4,High,Near,No,Low,Female,High,Yes,No,High,College,Medium,Positive,Single,Public,Medium,68
1189,69,14,62,1,2,2.08,8,8,8,6,21,5.2,High,Near,No,Medium,Male,Medium,Yes,No,High,High School,Low,Neutral,In Relationship,Private,High,63
1190,71,21,51,3,3,1.8,7,7,7,6,20,4.5,Medium,Moderate,Yes,Medium,Female,Medium,Yes,No,Medium,Postgraduate,Medium,Neutral,Single,Private,High,66
1191,82,12,77,0,4,1.72,10,5,5,7,19,4.3,Medium,Far,Yes,Medium,Female,High,Yes,No,High,College,High,Neutral,In Relationship,Public,Medium,66
1192,66,16,79,0,3,0.58,7,8,8,6,20,5.8,Medium,Near,Yes,High,Female,Medium,Yes,No,High,College,High,Neutral,In Relationship,Private,High,66
1193,65,22,66,2,4,0.27,9,3,3,8,19,2.7,Medium,Near,Yes,Medium,Male,High,Yes,No,High,High School,Medium,Negative,Single,Public,Medium,65
1194,98,10,82,2,2,1.4800000000000002,6,6,6,7,20,3.7,Medium,Moderate,Yes,High,Male,Medium,Yes,No,Medium,College,Medium,Positive,Single,Public,Medium,69
1195,92,23,52,1,2,0.5599999999999999,9,7,7,6,22,5.6,High,Near,No,High,Female,Medium,Yes,No,High,High School,Medium,Positive,Single,Private,Medium,71
1196,67,20,67,1,2,2.2800000000000002,6,8,8,5,19,5.7,High,Near,No,Medium,Female,Medium,Yes,Yes,High,College,High,Positive,Single,Public,High,66
1197,76,23,57,1,3,1.8399999999999999,7,5,5,7,20,4.6,Medium,Moderate,Yes,Medium,Female,Medium,Yes,No,High,High School,Medium,Negative,Single,Public,Medium,66
1198,74,21,61,0,4,2.8000000000000003,6,9,9,4,19,7,High,Near,Yes,Low,Male,High,No,No,Low,High School,Medium,Positive,In Relationship,Private,Medium,65
1199,92,28,69,4,4,0.47000000000000003,10,5,5,7,19,4.7,Medium,Moderate,No,Low,Female,High,Yes,No,Medium,High School,Low,Neutral,Single,Public,Medium,71
1200,80,21,75,3,2,1.52,7,6,6,7,21,3.8,High,Far,No,Medium,Male,Medium,Yes,No,High,High School,Medium,Neutral,Single,Private,High,69
1201,65,17,55,2,3,1.7600000000000002,5,5,5,7,23,4.4,Low,Near,Yes,Low,Female,Medium,Yes,No,Medium,High School,Low,Positive,In Relationship,Public,Medium,61
1202,90,21,55,1,4,0.45,7,5,5,7,20,4.5,Medium,Near,Yes,Low,Female,High,Yes,No,High,High School,High,Neutral,In Relationship,Public,High,70
1203,76,23,84,2,4,1.52,8,4,4,8,22,3.8,Medium,Near,No,High,Female,High,Yes,No,High,College,Medium,Positive,Single,Public,Medium,70
1204,71,20,70,0,4,0.65,7,7,7,6,21,6.5,Medium,Near,No,High,Female,High,Yes,No,High,High School,Medium,Negative,Single,Public,High,65
1205,75,20,59,2,1,1.9600000000000002,6,7,7,6,19,4.9,Low,Moderate,Yes,Medium,Male,Low,Yes,No,Medium,Postgraduate,Medium,Negative,Single,Public,Medium,64
1206,80,16,62,0,4,0.26,9,4,4,8,23,2.6,High,Near,Yes,High,Female,High,Yes,No,Low,Postgraduate,High,Neutral,Single,Public,Medium,68
1207,74,16,86,1,2,0.29,9,5,5,7,22,2.9,Medium,Near,Yes,Low,Female,Medium,Yes,No,Low,High School,Low,Neutral,In Relationship,Private,Medium,63
1208,70,12,53,2,3,0.35000000000000003,5,4,4,8,22,3.5,High,Near,No,Low,Male,Medium,Yes,No,Medium,College,Medium,Positive,In Relationship,Private,Medium,63
1209,76,30,75,3,3,2.16,6,8,8,5,19,5.4,Medium,Near,Yes,High,Female,Medium,Yes,No,Low,College,Medium,Positive,In Relationship,Public,Medium,71
1210,61,13,68,1,2,1.4000000000000001,7,7,7,6,20,3.5,Low,Near,No,Medium,Male,Medium,No,No,Low,High School,High,Neutral,Single,Public,Medium,58
1211,91,16,91,1,2,0.27,6,4,4,8,22,2.7,Medium,Moderate,Yes,Medium,Female,Medium,Yes,No,Medium,High School,Medium,Neutral,In Relationship,Public,Medium,68
1212,67,16,90,1,4,1.4400000000000002,8,7,7,6,22,3.6,High,Near,No,High,Male,High,Yes,No,High,High School,Medium,Neutral,Single,Public,Low,65
1213,62,25,84,2,3,0.51,10,5,5,7,19,5.1,Medium,Near,No,Low,Female,Medium,Yes,No,Low,College,Medium,Positive,Single,Public,Medium,65
1214,86,18,69,2,2,1.7600000000000002,6,7,7,5,21,4.4,Low,Near,Yes,Medium,Male,Medium,Yes,No,Low,High School,High,Positive,In Relationship,Public,High,68
1215,91,27,82,0,1,1.2400000000000002,9,5,5,7,19,3.1,High,Far,Yes,Low,Male,Low,Yes,No,Medium,High School,Low,Neutral,In Relationship,Public,Low,69
1216,93,16,82,5,1,0.15000000000000002,5,2,2,9,23,1.5,Medium,Near,Yes,High,Male,Low,Yes,No,Low,High School,Medium,Positive,Single,Public,Medium,71
1217,80,22,67,2,2,2.12,8,7,7,6,21,5.3,Medium,Moderate,No,Low,Male,Medium,Yes,No,Low,Postgraduate,Low,Positive,Single,Private,Low,65
1218,68,15,94,0,5,2.5600000000000005,6,8,8,5,21,6.4,Medium,Near,Yes,Medium,Female,High,Yes,No,Low,Postgraduate,Low,Neutral,Single,Public,High,64
1219,89,33,99,2,4,1.9600000000000002,8,7,7,6,19,4.9,Medium,Moderate,No,High,Male,High,Yes,No,Medium,College,Low,Positive,Single,Private,High,75
1220,88,13,66,1,4,0.5599999999999999,4,8,8,5,18,5.6,Medium,Near,No,Low,Female,High,Yes,No,Low,High School,High,Positive,Single,Public,High,67
1221,70,22,90,1,3,1.8,5,8,8,5,19,4.5,High,Far,Yes,Medium,Female,Medium,Yes,No,High,College,Medium,Neutral,Single,Public,High,68
1222,96,24,75,1,1,2.32,8,7,7,6,19,5.8,High,Moderate,No,Medium,Female,Low,Yes,No,Low,College,High,Positive,Single,Public,Medium,72
1223,64,22,73,3,4,1.8399999999999999,6,7,7,6,19,4.6,Medium,Moderate,No,Medium,Female,High,Yes,No,High,Postgraduate,Medium,Positive,Single,Public,Medium,67
1224,99,19,69,1,3,0.38,7,5,5,7,22,3.8,Medium,Near,No,High,Male,Medium,Yes,No,Medium,High School,High,Positive,Single,Public,Medium,72
1225,94,19,65,1,3,2.68,10,9,9,4,19,6.7,Low,Moderate,Yes,Low,Male,Medium,Yes,No,High,Postgraduate,Medium,Negative,Single,Public,High,69
1226,88,20,96,0,3,0.6200000000000001,7,8,8,5,22,6.2,Low,Moderate,No,High,Male,Medium,Yes,No,Low,Postgraduate,Low,Positive,Single,Public,High,68
1227,98,19,87,0,6,1.92,8,7,7,6,19,4.8,Medium,Near,Yes,Medium,Male,High,Yes,No,Medium,High School,Medium,Negative,Single,Private,Medium,70
1228,89,26,72,1,3,1.8399999999999999,6,6,6,7,21,4.6,Medium,Near,No,Low,Female,Medium,Yes,Yes,High,College,Medium,Neutral,In Relationship,Public,Medium,69
1229,68,33,88,2,1,1.4400000000000002,5,4,4,8,20,3.6,Low,Moderate,Yes,Low,Male,Low,Yes,No,Medium,College,Medium,Negative,Single,Public,Medium,67
1230,78,17,86,0,3,1.9600000000000002,7,7,7,6,21,4.9,Medium,Near,No,Low,Female,Medium,No,No,Medium,College,Medium,Neutral,Single,Public,Low,63
1231,63,12,63,4,2,1.4800000000000002,5,7,7,6,20,3.7,High,Moderate,No,Low,Male,Medium,Yes,No,Low,High School,Medium,Positive,Single,Private,Medium,61
1232,76,19,59,1,3,1.8800000000000001,6,5,5,7,22,4.7,High,Near,Yes,Medium,Female,Medium,Yes,No,Medium,High School,Medium,Neutral,Single,Public,Medium,66
1233,90,35,92,0,4,1.92,7,7,7,6,22,4.8,Medium,Near,Yes,Low,Male,High,No,No,Low,High School,High,Neutral,Single,Private,Medium,73
1234,75,15,91,0,3,0.42000000000000004,7,5,5,7,22,4.2,High,Moderate,Yes,Medium,Male,Medium,Yes,No,High,College,Medium,Neutral,In Relationship,Public,High,67
1235,73,30,100,2,2,2.64,8,9,9,4,19,6.6,Medium,Near,Yes,High,Female,Medium,Yes,No,Medium,High School,High,Neutral,In Relationship,Public,High,72
1236,84,30,51,1,4,0.4,8,4,4,8,22,4,Medium,Far,No,Low,Male,High,Yes,Yes,Low,Postgraduate,High,Positive,In Relationship,Public,Medium,69
1237,95,17,77,2,4,2.2,5,7,7,6,21,5.5,High,Moderate,No,Medium,Female,High,Yes,No,Medium,High School,Low,Positive,Single,Public,Medium,69
1238,62,23,85,1,3,0.24,6,4,4,8,24,2.4,High,Moderate,Yes,Low,Male,Medium,Yes,Yes,Medium,College,Low,Negative,Complicated,Public,Medium,63
1239,75,30,79,0,4,1.4400000000000002,4,7,7,6,22,3.6,Medium,Moderate,Yes,Medium,Male,High,Yes,No,Low,High School,Medium,Negative,Single,Public,Medium,67
1240,66,18,86,0,2,0.55,6,7,7,6,21,5.5,Medium,Moderate,No,High,Female,Medium,Yes,No,Medium,High School,Medium,Positive,Single,Public,Medium,63
1241,88,19,57,1,4,0.6200000000000001,8,8,8,5,22,6.2,High,Near,Yes,Medium,Male,High,No,No,Low,College,Medium,Negative,In Relationship,Private,Low,66
1242,64,17,50,2,4,1.4400000000000002,9,4,4,8,22,3.6,Medium,Moderate,No,Low,Female,High,Yes,No,Medium,High School,Medium,Positive,Single,Public,High,62
1243,87,14,55,2,4,2.7600000000000002,7,8,8,5,21,6.9,Medium,Near,Yes,Low,Male,High,Yes,No,Medium,Postgraduate,Medium,Positive,Single,Private,High,68
1244,71,16,69,1,4,1.36,9,5,5,8,21,3.4,High,Near,No,Low,Female,High,Yes,No,Medium,Postgraduate,Medium,Neutral,In Relationship,Public,Medium,65
1245,68,13,66,0,4,0.6200000000000001,8,8,8,5,21,6.2,Low,Near,Yes,Medium,Male,High,Yes,Yes,Medium,College,Low,Neutral,Single,Public,Low,59
1246,97,20,94,1,1,1.8399999999999999,7,7,7,6,19,4.6,Medium,Moderate,Yes,Medium,Male,Low,Yes,No,High,College,High,Negative,Complicated,Public,Medium,72
1247,61,15,54,0,2,1.7600000000000002,6,5,5,8,20,4.4,High,Near,Yes,High,Male,Medium,Yes,No,Medium,Postgraduate,Medium,Neutral,In Relationship,Private,High,63
1248,78,21,72,1,4,2.08,4,7,7,6,20,5.2,Medium,Near,No,Medium,Male,High,Yes,No,Medium,Postgraduate,Medium,Neutral,In Relationship,Public,High,68
1249,61,11,98,0,2,1.6800000000000002,9,7,7,5,19,4.2,Medium,Moderate,Yes,Medium,Male,Medium,Yes,No,High,High School,Medium,Negative,Single,Public,High,61
1250,79,22,75,1,3,0.5700000000000001,7,7,7,6,21,5.7,Medium,Near,No,Low,Female,Medium,Yes,No,Low,High School,Low,Neutral,Single,Private,High,65
1251,80,25,57,2,3,0.6000000000000001,9,7,7,6,19,6,Medium,Moderate,Yes,Low,Female,Medium,Yes,No,Low,High School,Medium,Positive,Single,Public,High,68
1252,73,8,65,1,4,0.4,6,5,5,7,22,4,Medium,Moderate,Yes,Low,Male,High,Yes,No,High,College,Low,Neutral,In Relationship,Public,Medium,61
1253,65,22,81,1,3,2.72,10,9,9,4,19,6.8,Low,Near,Yes,Low,Male,Medium,Yes,No,Medium,Postgraduate,Low,Neutral,Single,Private,Medium,63
1254,75,27,51,1,2,0.31000000000000005,7,3,3,8,19,3.1,Medium,Near,Yes,Medium,Male,Medium,Yes,No,High,Postgraduate,Medium,Negative,Single,Public,Low,67
1255,87,13,98,0,3,1.6800000000000002,6,5,5,7,20,4.2,Medium,Moderate,Yes,High,Male,Medium,Yes,Yes,Low,Postgraduate,Low,Positive,In Relationship,Public,High,66
1256,91,30,78,3,2,0.45,7,5,5,7,19,4.5,Medium,Near,Yes,Medium,Male,Medium,Yes,No,High,Postgraduate,Medium,Positive,Single,Private,Medium,75
1257,81,23,85,0,4,2.04,7,7,7,6,21,5.1,Medium,Near,No,Medium,Male,High,Yes,No,Low,High School,Medium,Positive,Single,Public,Medium,68
1258,84,16,75,2,3,0.5,7,6,6,6,20,5,Medium,Near,No,Medium,Female,Medium,Yes,No,High,High School,Low,Negative,Single,Public,Medium,65
1259,68,20,98,0,4,0.75,6,8,8,5,21,7.5,Medium,Near,No,Low,Female,High,Yes,No,High,High School,Low,Negative,In Relationship,Public,High,64
1260,71,23,79,2,3,1.2000000000000002,4,4,4,7,18,3,Medium,Near,Yes,Low,Male,Medium,No,No,Medium,High School,High,Positive,Single,Public,Medium,67
1261,66,20,83,2,3,0.63,6,8,8,5,23,6.3,Medium,Near,Yes,Low,Male,Medium,Yes,No,Medium,College,Low,Neutral,Single,Private,Medium,64
1262,70,23,93,0,2,0.27999999999999997,9,4,4,8,21,2.8,High,Moderate,Yes,Low,Female,Medium,Yes,Yes,Medium,Postgraduate,Medium,Neutral,In Relationship,Public,High,67
1263,69,14,93,2,0,0.22000000000000003,6,3,3,8,24,2.2,High,Near,Yes,Low,Male,Low,No,No,Low,High School,Medium,Neutral,Single,Private,Medium,63
1264,81,21,51,0,2,0.26,4,4,4,8,23,2.6,Medium,Moderate,Yes,Medium,Female,Medium,Yes,No,Medium,College,High,Positive,In Relationship,Private,Medium,67
1265,83,12,64,1,2,2.64,5,8,8,5,20,6.6,Low,Near,Yes,High,Female,Medium,Yes,No,Medium,Postgraduate,High,Negative,Single,Private,Medium,65
1266,98,19,62,1,2,0.25,7,4,4,8,23,2.5,Low,Near,Yes,Low,Female,Medium,Yes,No,High,High School,High,Neutral,In Relationship,Public,High,70
1267,68,15,50,2,3,1.52,6,5,5,8,21,3.8,Medium,Moderate,Yes,High,Male,Medium,Yes,No,High,High School,Medium,Neutral,In Relationship,Public,Low,62
1268,86,16,94,2,3,1.7600000000000002,7,5,5,8,20,4.4,Medium,Moderate,Yes,Low,Female,Medium,Yes,No,Medium,High School,High,Neutral,In Relationship,Public,High,69
1269,93,27,66,2,3,2.32,6,8,8,5,19,5.8,Low,Moderate,Yes,Medium,Female,Medium,Yes,No,Medium,College,Medium,Negative,Complicated,Public,Medium,70
1270,82,27,67,1,2,2.08,9,7,7,6,22,5.2,Medium,Moderate,Yes,Low,Male,Medium,Yes,No,Low,High School,Medium,Neutral,Single,Private,High,68
1271,70,24,55,4,4,0.22999999999999998,8,4,4,8,24,2.3,High,Moderate,No,Low,Female,High,Yes,No,Medium,Postgraduate,Medium,Positive,In Relationship,Public,High,68
1272,71,13,99,0,3,0.26,10,4,4,8,23,2.6,Medium,Near,Yes,Low,Male,Medium,Yes,No,Medium,Postgraduate,Medium,Neutral,Single,Public,Medium,64
1273,62,18,91,4,1,0.2,6,3,3,8,24,2,High,Moderate,Yes,Low,Male,Low,No,No,High,High School,Low,Neutral,Single,Private,Medium,63
1274,72,27,79,2,2,1.8399999999999999,7,5,5,7,20,4.6,Low,Moderate,Yes,High,Female,Medium,Yes,No,Medium,Postgraduate,Low,Positive,In Relationship,Public,High,68
1275,90,21,89,1,2,0.43,9,8,8,5,22,4.3,Low,Far,Yes,Low,Female,Medium,Yes,No,Low,High School,High,Neutral,Single,Public,Low,67
1276,62,34,89,3,4,0.61,8,7,7,6,21,6.1,Low,Moderate,No,Low,Female,High,Yes,No,Low,College,High,Neutral,Single,Private,Medium,68
1277,69,22,83,1,2,2.64,6,8,8,5,24,6.6,High,Moderate,Yes,Low,Female,Medium,Yes,No,Medium,College,Medium,Positive,Single,Public,Medium,66
1278,88,21,59,2,1,0.51,8,5,5,7,22,5.1,Medium,Near,Yes,Medium,Male,Low,No,No,Low,Postgraduate,Medium,Negative,In Relationship,Private,Medium,67
1279,91,18,86,1,4,0.6400000000000001,8,8,8,5,22,6.4,Medium,Moderate,No,Medium,Male,High,Yes,Yes,High,High School,High,Neutral,Single,Public,Medium,69
1280,78,21,78,2,3,0.38,4,4,4,8,21,3.8,Medium,Far,Yes,High,Male,Medium,Yes,No,Medium,High School,High,Negative,In Relationship,Private,Medium,68
1281,88,19,86,4,3,1.52,6,5,5,7,21,3.8,High,Moderate,No,Medium,Male,Medium,Yes,Yes,Medium,College,Medium,Positive,Single,Public,Medium,70
1282,76,24,77,3,4,1.72,7,5,5,7,20,4.3,Medium,Moderate,No,Medium,Female,High,Yes,No,Medium,Postgraduate,Medium,Negative,Single,Private,Medium,68
1283,66,26,98,2,2,0.63,9,8,8,5,22,6.3,Medium,Near,Yes,Low,Male,Medium,Yes,No,Medium,College,Low,Neutral,Single,Public,Medium,66
1284,76,15,81,2,4,0.52,8,6,6,7,22,5.2,High,Moderate,Yes,Low,Female,High,Yes,No,Medium,Postgraduate,Medium,Neutral,In Relationship,Private,Medium,67
1285,83,12,79,1,4,2.64,6,8,8,5,20,6.6,Medium,Moderate,No,High,Female,High,Yes,No,Medium,High School,Medium,Neutral,Single,Public,Low,65
1286,98,9,92,0,5,0.43,6,5,5,7,22,4.3,Medium,Moderate,No,Medium,Male,High,Yes,No,Medium,High School,Medium,Neutral,In Relationship,Public,Medium,67
1287,63,23,69,2,4,1.04,8,4,4,8,20,2.6,Medium,Near,No,Medium,Male,High,Yes,Yes,High,High School,Medium,Negative,Single,Public,Low,63
1288,80,13,66,2,2,2.68,4,9,9,4,21,6.7,High,Moderate,Yes,Low,Female,Medium,Yes,No,High,High School,Low,Negative,Single,Public,Medium,64
1289,73,7,75,3,3,1.7600000000000002,6,7,7,6,19,4.4,Medium,Near,Yes,Low,Female,Medium,Yes,No,Medium,College,High,Neutral,Single,Public,Medium,64
1290,80,22,79,0,3,1.6,9,7,7,6,22,4,Low,Moderate,No,Medium,Female,Medium,Yes,No,High,College,Low,Neutral,Single,Private,Medium,66
1291,61,35,61,2,4,2.72,7,9,9,4,23,6.8,High,Near,Yes,Medium,Male,High,Yes,Yes,Low,High School,Medium,Positive,Single,Private,Medium,68
1292,73,20,84,0,3,2.7600000000000002,6,9,9,4,20,6.9,Medium,Moderate,Yes,Medium,Male,Medium,Yes,No,High,High School,High,Positive,Single,Public,Medium,67
1293,93,25,90,1,2,0.37000000000000005,5,5,5,7,21,3.7,High,Near,No,Medium,Male,Medium,Yes,No,Low,College,Medium,Positive,Single,Public,Medium,72
1294,82,20,79,1,4,2.72,8,8,8,5,24,6.8,Medium,Near,Yes,Low,Male,High,Yes,No,Low,High School,Medium,Positive,Single,Public,Medium,67
1295,78,19,76,2,3,2.2399999999999998,7,7,7,6,21,5.6,Medium,Moderate,No,Medium,Female,Medium,Yes,No,High,College,Medium,Neutral,In Relationship,Public,Low,66
1296,71,26,65,1,3,1.8,7,6,6,7,20,4.5,Low,Near,No,Low,Female,Medium,Yes,No,Medium,College,High,Positive,Single,Public,Medium,66
1297,72,18,95,1,4,0.6200000000000001,8,8,8,5,19,6.2,High,Moderate,Yes,Medium,Male,High,Yes,No,Medium,High School,High,Negative,Single,Public,Medium,67
1298,75,22,88,0,3,2.8000000000000003,7,9,9,4,19,7,Medium,Far,No,Low,Male,Medium,Yes,No,Low,Postgraduate,Medium,Neutral,Single,Private,Medium,65
1299,93,22,74,2,3,0.4,7,5,5,7,22,4,Medium,Far,No,Medium,Male,Medium,Yes,No,Low,College,High,Negative,Single,Public,High,70
1300,99,16,83,0,4,1.8800000000000001,5,7,7,6,20,4.7,Medium,Near,Yes,Low,Female,High,Yes,No,Low,Postgraduate,Low,Neutral,Single,Private,High,69
1301,78,26,67,1,3,0.22000000000000003,5,3,3,8,24,2.2,High,Moderate,Yes,High,Male,Medium,Yes,No,Low,High School,High,Negative,Single,Private,High,69
1302,76,19,53,1,4,0.37000000000000005,8,5,5,7,22,3.7,Medium,Near,Yes,Medium,Female,High,Yes,No,Medium,College,High,Negative,Single,Public,Medium,66
1303,94,15,60,2,4,1.36,8,4,4,8,22,3.4,Low,Far,No,Medium,Male,High,Yes,No,Medium,High School,Medium,Neutral,Single,Public,Medium,66
1304,77,23,54,1,3,0.48,8,7,7,5,19,4.8,High,Moderate,Yes,Low,Female,Medium,Yes,No,Medium,College,High,Negative,Complicated,Public,Medium,67
1305,82,15,75,1,3,0.44000000000000006,6,5,5,7,22,4.4,High,Near,Yes,Medium,Male,Medium,Yes,No,Medium,High School,Medium,Positive,In Relationship,Public,Low,67
1306,69,20,81,2,4,0.7200000000000001,8,9,9,4,22,7.2,Medium,Near,Yes,Medium,Male,High,Yes,No,High,High School,Medium,Positive,Single,Public,Medium,67
1307,90,20,69,2,3,0.49000000000000005,6,5,5,7,19,4.9,High,Near,Yes,High,Female,Medium,Yes,No,Medium,High School,High,Neutral,Single,Public,High,72
1308,81,27,77,1,4,2.3600000000000003,9,8,8,6,20,5.9,Low,Moderate,Yes,Medium,Female,High,Yes,No,Low,College,Medium,Neutral,Single,Public,High,68
1309,92,23,54,3,2,0.52,6,6,6,6,20,5.2,Low,Near,Yes,Medium,Male,Medium,Yes,Yes,High,Postgraduate,Medium,Positive,In Relationship,Public,Medium,70
1310,91,20,88,1,4,1.8800000000000001,6,7,7,6,21,4.7,Medium,Moderate,Yes,Low,Male,High,Yes,No,Medium,High School,Medium,Positive,Single,Public,Medium,69
1311,69,25,52,1,4,0.27999999999999997,7,4,4,8,22,2.8,Low,Moderate,Yes,Low,Male,High,Yes,No,High,High School,High,Positive,Complicated,Public,Medium,65
1312,89,28,82,0,3,0.36000000000000004,8,5,5,7,21,3.6,High,Far,No,Medium,Male,Medium,Yes,No,Medium,Postgraduate,High,Negative,In Relationship,Public,Medium,72
1313,92,23,72,0,4,0.45999999999999996,7,5,5,7,22,4.6,High,Far,No,Low,Female,High,Yes,No,Medium,College,Medium,Neutral,In Relationship,Public,Medium,69
1314,74,20,59,5,4,0.47000000000000003,7,5,5,7,22,4.7,Medium,Near,Yes,High,Female,High,Yes,No,Low,High School,Medium,Positive,In Relationship,Public,Medium,68
1315,67,12,76,1,2,1.8800000000000001,6,7,7,6,21,4.7,High,Moderate,No,Low,Male,Medium,Yes,No,High,High School,High,Negative,Single,Public,Medium,62
1316,60,14,89,2,3,0.27999999999999997,7,4,4,8,22,2.8,Low,Moderate,Yes,Medium,Male,Medium,Yes,No,Low,High School,Medium,Neutral,Single,Public,Medium,60
1317,78,18,71,3,4,1.2800000000000002,7,4,4,8,22,3.2,Medium,Moderate,Yes,Medium,Male,High,Yes,No,Low,High School,High,Neutral,Single,Public,Medium,67
1318,74,16,68,2,4,0.30000000000000004,6,3,3,8,19,3,High,Near,Yes,Medium,Male,High,Yes,No,Low,College,High,Neutral,Single,Public,Medium,67
1319,82,19,57,1,3,0.38,7,5,5,7,22,3.8,High,Near,Yes,Medium,Male,Medium,Yes,No,Medium,High School,Medium,Neutral,Single,Public,Medium,67
1320,68,20,80,0,4,2,7,7,7,6,20,5,Medium,Near,Yes,Low,Female,High,Yes,No,Low,High School,Medium,Neutral,In Relationship,Private,Medium,63
1321,94,23,91,1,3,3.28,10,9,9,5,20,8.2,Low,Near,Yes,Medium,Male,Medium,Yes,No,High,High School,Medium,Neutral,In Relationship,Public,Medium,71
1322,70,20,78,0,2,0.47000000000000003,6,5,5,7,22,4.7,Medium,Near,Yes,Medium,Female,Medium,Yes,No,High,College,Medium,Positive,Single,Private,Medium,66
1323,69,23,58,0,1,1.4000000000000001,6,7,7,6,20,3.5,Medium,Near,Yes,Medium,Female,Low,Yes,No,High,Postgraduate,Medium,Neutral,Single,Public,Medium,65
1324,79,20,83,2,2,2.6,7,8,8,5,20,6.5,Medium,Moderate,Yes,Medium,Female,Medium,Yes,No,High,High School,High,Positive,In Relationship,Public,Medium,69
1325,80,8,52,2,1,1.4000000000000001,6,4,4,8,19,3.5,Low,Near,No,Medium,Female,Low,Yes,No,High,High School,High,Positive,Single,Public,Medium,63
1326,69,14,92,3,2,0.24,5,4,4,8,21,2.4,Medium,Moderate,Yes,Low,Female,Medium,Yes,No,High,Postgraduate,Medium,Negative,In Relationship,Public,Low,64
1327,71,19,96,2,0,0.45,5,5,5,7,19,4.5,High,Near,No,Low,Female,Low,Yes,Yes,High,College,High,Neutral,Single,Private,Medium,67
1328,67,13,80,1,2,1.92,6,7,7,6,21,4.8,Medium,Moderate,Yes,Low,Male,Medium,Yes,No,High,High School,Medium,Negative,In Relationship,Public,High,62
1329,89,24,94,2,2,1.64,6,7,7,6,21,4.1,Low,Far,Yes,Medium,Male,Medium,Yes,No,Low,High School,Medium,Neutral,Single,Public,Medium,68
1330,91,29,54,2,3,0.6200000000000001,5,7,7,6,19,6.2,High,Moderate,No,Low,Male,Medium,Yes,No,Low,Postgraduate,Medium,Neutral,Single,Public,Medium,71
1331,78,27,61,1,3,1.9600000000000002,7,7,7,6,19,4.9,Medium,Moderate,No,Low,Female,Medium,No,No,Medium,High School,High,Negative,Complicated,Public,Medium,66
1332,89,19,66,1,1,1.36,4,4,4,8,22,3.4,High,Near,Yes,Low,Female,Low,Yes,No,Low,Postgraduate,Medium,Positive,Single,Public,Medium,69
1333,89,29,89,1,4,0.2,8,3,3,8,24,2,Low,Moderate,Yes,Medium,Male,High,Yes,No,Low,High School,Medium,Neutral,Single,Private,High,71
1334,66,21,74,2,4,2.3600000000000003,6,7,7,6,22,5.9,Medium,Near,Yes,Medium,Female,High,Yes,No,Medium,High School,Medium,Neutral,Single,Private,High,66
1335,99,18,67,5,3,2.5600000000000005,6,8,8,6,19,6.4,Medium,Near,No,Low,Female,Medium,Yes,No,Medium,Postgraduate,Medium,Positive,Single,Public,Medium,72
1336,93,16,58,1,4,0.31000000000000005,8,5,5,7,22,3.1,Medium,Near,Yes,High,Female,High,Yes,No,Medium,College,Medium,Positive,Single,Public,High,70
1337,68,18,91,1,3,0.45999999999999996,8,5,5,7,20,4.6,Medium,Near,No,Low,Female,Medium,Yes,No,High,Postgraduate,Low,Neutral,In Relationship,Private,High,65
1338,67,18,51,0,2,2.32,6,8,8,5,19,5.8,Medium,Near,No,Medium,Female,Medium,Yes,No,Medium,College,High,Positive,Complicated,Public,High,64
1339,65,21,67,1,2,0.32000000000000006,8,5,5,7,22,3.2,Medium,Moderate,Yes,Low,Male,Medium,Yes,No,Medium,College,Medium,Positive,In Relationship,Public,Medium,63
1340,66,21,62,3,2,1.56,9,6,6,7,21,3.9,Medium,Near,No,Medium,Male,Medium,No,No,Low,High School,Medium,Positive,Complicated,Private,Medium,63
1341,90,20,56,3,2,1.72,5,5,5,7,19,4.3,Medium,Moderate,No,Medium,Male,Medium,No,No,Medium,High School,Low,Positive,Single,Public,Medium,66
1342,79,23,59,1,4,0.73,8,7,7,6,21,7.3,High,Moderate,Yes,Low,Male,High,Yes,No,Low,College,High,Negative,Single,Public,High,68
1343,91,27,75,1,4,2.8000000000000003,5,9,9,4,19,7,High,Near,Yes,High,Male,High,Yes,No,Low,College,Medium,Neutral,In Relationship,Public,High,74
1344,90,26,71,0,2,0.55,9,8,8,5,20,5.5,High,Near,No,High,Female,Medium,Yes,No,Low,College,High,Negative,Complicated,Private,Low,71
1345,84,11,76,3,3,2.12,6,8,8,6,22,5.3,Medium,Moderate,Yes,Low,Female,Medium,Yes,No,High,High School,High,Negative,In Relationship,Public,High,67
1346,87,5,86,2,3,1.1199999999999999,6,4,4,8,20,2.8,Low,Near,No,Medium,Female,Medium,Yes,No,Medium,Postgraduate,High,Positive,Single,Public,High,66
1347,61,26,95,0,6,0.71,9,7,7,6,21,7.1,Medium,Near,Yes,Medium,Male,High,Yes,No,Medium,College,High,Negative,Single,Private,Medium,67
1348,72,12,56,3,1,0.25,8,4,4,8,23,2.5,High,Moderate,Yes,Low,Male,Low,Yes,Yes,High,High School,Low,Positive,Single,Public,Medium,62
1349,86,19,54,1,5,0.45,6,6,6,7,22,4.5,Low,Near,No,High,Male,High,Yes,No,Low,Postgraduate,Medium,Positive,In Relationship,Private,High,68
1350,60,13,66,2,3,0.47000000000000003,7,6,6,6,20,4.7,Medium,Near,Yes,Low,Male,Medium,Yes,No,Medium,Postgraduate,Medium,Positive,In Relationship,Public,Medium,62
1351,61,9,77,1,2,0.48,6,5,5,7,24,4.8,Medium,Near,Yes,High,Male,Medium,No,No,Low,High School,High,Neutral,In Relationship,Private,Medium,82
1352,94,23,55,2,2,0.45999999999999996,5,7,7,6,20,4.6,Medium,Near,No,Medium,Male,Medium,Yes,Yes,High,High School,High,Positive,In Relationship,Public,Medium,70
1353,87,25,86,4,2,0.2,7,3,3,8,24,2,Medium,Near,No,Medium,Male,Medium,Yes,No,Medium,College,High,Negative,Single,Private,Low,72
1354,71,17,78,0,4,2.12,6,7,7,6,21,5.3,High,Near,Yes,Medium,Female,High,Yes,No,Low,College,Low,Positive,Single,Public,Medium,64
1355,88,4,87,1,4,0.7400000000000001,6,8,8,5,19,7.4,High,Near,No,Medium,Male,High,Yes,No,Low,College,Medium,Neutral,In Relationship,Public,High,66
1356,92,17,68,0,3,3.4000000000000004,9,9,9,5,19,8.5,Medium,Near,Yes,Medium,Female,Medium,Yes,No,High,College,Medium,Positive,In Relationship,Private,Low,68
1357,72,22,70,1,3,2.2,6,8,8,6,20,5.5,Medium,Far,No,High,Male,Medium,Yes,No,Low,Postgraduate,Low,Neutral,In Relationship,Public,Medium,64
1358,61,11,90,0,3,0.45999999999999996,7,7,7,6,21,4.6,Medium,Near,Yes,Medium,Female,Medium,Yes,No,High,High School,Low,Neutral,In Relationship,Public,High,61
1359,97,21,63,0,1,0.43,9,5,5,7,23,4.3,Medium,Moderate,Yes,Medium,Male,Low,Yes,No,Medium,High School,Medium,Positive,In Relationship,Public,Medium,69
1360,74,20,69,2,2,0.44000000000000006,7,6,6,7,22,4.4,High,Near,No,High,Male,Medium,Yes,No,Low,College,High,Neutral,In Relationship,Private,High,68
1361,64,23,51,1,5,1.7600000000000002,6,5,5,7,20,4.4,Medium,Near,No,Medium,Male,High,Yes,No,Medium,College,Medium,Positive,In Relationship,Public,Medium,64
1362,80,21,78,1,4,2.68,7,8,8,5,21,6.7,High,Moderate,No,Low,Female,High,Yes,No,Medium,High School,Medium,Negative,Single,Private,High,67
1363,91,14,93,0,3,0.30000000000000004,8,4,4,8,21,3,Medium,Moderate,Yes,Medium,Male,Medium,Yes,No,Medium,High School,Medium,Neutral,In Relationship,Public,Medium,67
1364,69,27,51,1,2,0.9199999999999999,8,4,4,8,19,2.3,Medium,Near,No,High,Male,Medium,Yes,No,Medium,High School,Medium,Negative,Single,Public,Medium,65
1365,71,19,81,2,3,0.63,10,8,8,5,21,6.3,Medium,Near,Yes,Medium,Female,Medium,Yes,No,Medium,High School,High,Positive,In Relationship,Public,High,68
1366,70,20,92,2,3,1.64,6,7,7,5,22,4.1,High,Near,Yes,Medium,Male,Medium,Yes,No,Medium,High School,Medium,Positive,In Relationship,Public,Low,67
1367,100,14,75,1,3,2.72,7,8,8,5,19,6.8,Medium,Moderate,No,Low,Male,Medium,Yes,No,Low,Postgraduate,Low,Positive,In Relationship,Public,Medium,67
1368,68,17,66,1,4,1.64,5,7,7,6,21,4.1,High,Near,Yes,High,Male,High,Yes,No,Medium,High School,Medium,Negative,Single,Public,Medium,64
1369,83,15,100,0,3,1.7600000000000002,8,7,7,6,20,4.4,High,Near,Yes,Medium,Female,Medium,Yes,No,Medium,College,High,Positive,Complicated,Public,Medium,70
1370,97,19,53,2,3,0.43,7,5,5,7,22,4.3,High,Moderate,No,Low,Male,Medium,Yes,No,Medium,College,Medium,Neutral,In Relationship,Private,Low,69
1371,66,30,61,0,2,1.7600000000000002,7,5,5,7,21,4.4,High,Far,No,High,Male,Medium,Yes,No,Low,High School,Medium,Positive,In Relationship,Private,High,66
1372,99,12,94,2,3,2.44,6,7,7,5,20,6.1,Medium,Moderate,No,Medium,Male,Medium,Yes,No,Medium,Postgraduate,Low,Neutral,Single,Public,Medium,69
1373,98,10,65,1,2,1.16,6,5,5,7,19,2.9,Medium,Near,Yes,Low,Male,Medium,Yes,No,Medium,High School,Low,Positive,In Relationship,Private,High,66
1374,95,29,91,1,3,0.39,7,5,5,7,21,3.9,Medium,Moderate,Yes,Low,Female,Medium,Yes,No,Low,High School,High,Neutral,Single,Public,Medium,73
1375,69,19,67,4,4,1.92,6,7,7,6,19,4.8,Medium,Moderate,Yes,High,Male,High,No,No,Medium,Postgraduate,Medium,Positive,In Relationship,Private,High,66
1376,85,16,91,0,2,0.35000000000000003,7,4,4,8,22,3.5,High,Moderate,Yes,Medium,Male,Medium,Yes,No,High,Postgraduate,Medium,Neutral,In Relationship,Public,Medium,69
1377,90,26,84,1,3,1.6800000000000002,7,7,7,6,20,4.2,Low,Moderate,Yes,Medium,Male,Medium,Yes,No,Low,High School,Medium,Positive,Complicated,Public,Medium,70
1378,99,16,73,1,5,1.7600000000000002,5,7,7,6,19,4.4,Medium,Far,Yes,Medium,Male,High,Yes,Yes,High,College,High,Positive,Single,Private,Medium,71
1379,67,31,76,2,4,1.8,5,7,7,6,21,4.5,High,Near,Yes,Medium,Male,High,Yes,No,Medium,College,Low,Positive,Complicated,Public,High,70
1380,91,24,59,0,4,2.2399999999999998,6,8,8,5,21,5.6,Low,Near,Yes,Low,Male,High,Yes,No,Medium,High School,High,Neutral,In Relationship,Private,Medium,69
1381,74,17,56,1,3,1.8,9,7,7,6,20,4.5,Medium,Moderate,No,Medium,Male,Medium,Yes,No,Medium,High School,Medium,Negative,Single,Private,High,63
1382,67,33,86,4,3,1.52,6,4,4,8,20,3.8,Medium,Near,Yes,Medium,Female,Medium,Yes,Yes,Medium,High School,High,Positive,Single,Public,High,71
1383,77,16,92,2,2,0.6400000000000001,7,8,8,5,22,6.4,High,Near,No,Medium,Male,Medium,Yes,No,Low,College,High,Negative,Single,Public,Medium,67
1384,92,24,86,3,2,0.6900000000000001,5,8,8,5,20,6.9,Medium,Near,Yes,Medium,Female,Medium,Yes,No,High,High School,Medium,Neutral,In Relationship,Public,High,73
1385,79,22,96,1,2,0.41,6,5,5,7,22,4.1,High,Moderate,Yes,High,Male,Medium,Yes,No,Medium,College,Low,Neutral,Single,Public,Medium,68
1386,82,28,95,0,3,2.52,5,8,8,5,22,6.3,Medium,Near,Yes,High,Male,Medium,Yes,No,Medium,High School,Low,Neutral,Single,Public,Low,69
1387,100,29,89,2,3,0.73,8,7,7,6,21,7.3,High,Moderate,Yes,Medium,Female,Medium,Yes,No,Medium,High School,High,Neutral,Single,Private,Medium,76
1388,76,20,95,4,3,3.3200000000000003,5,9,9,5,19,8.3,Medium,Near,Yes,Low,Male,Medium,Yes,No,Medium,High School,Low,Positive,In Relationship,Public,High,68
1389,85,15,58,1,3,2.2399999999999998,8,7,7,6,24,5.6,Medium,Near,No,Low,Male,Medium,Yes,No,High,College,Medium,Negative,In Relationship,Private,Medium,65
1390,75,23,87,0,1,1.8,8,5,5,8,20,4.5,Medium,Near,Yes,High,Female,Low,Yes,No,Low,High School,Medium,Positive,Single,Public,Low,66
1391,76,16,88,0,2,0.35000000000000003,7,4,4,8,22,3.5,Low,Near,No,Low,Male,Medium,Yes,No,High,Postgraduate,Medium,Positive,In Relationship,Public,Medium,65
1392,88,32,58,3,3,0.32000000000000006,8,4,4,8,21,3.2,Medium,Moderate,No,Low,Male,Medium,Yes,No,Low,High School,Low,Negative,In Relationship,Private,High,69
1393,98,21,95,0,1,1.4800000000000002,10,6,6,7,20,3.7,Medium,Near,Yes,Medium,Male,Low,Yes,No,Medium,High School,High,Neutral,Single,Public,Medium,71
1394,82,18,50,1,3,1.4800000000000002,8,7,7,6,21,3.7,Low,Moderate,Yes,High,Male,Medium,Yes,No,Medium,High School,High,Positive,Single,Public,Medium,66
1395,91,21,72,3,3,2.44,5,8,8,5,23,6.1,High,Near,No,Low,Female,Medium,Yes,Yes,Medium,High School,Medium,Negative,Single,Public,Medium,69
1396,64,12,51,2,4,0.32000000000000006,9,3,3,8,19,3.2,Medium,Near,No,Low,Male,High,No,No,Low,College,Medium,Neutral,Single,Public,Medium,59
1397,68,14,76,2,3,0.5700000000000001,7,7,7,6,21,5.7,High,Near,No,High,Male,Medium,Yes,No,Medium,High School,Medium,Positive,Single,Public,Medium,65
1398,80,27,71,4,2,1.64,10,8,8,5,19,4.1,High,Near,No,Low,Male,Medium,Yes,No,High,College,High,Neutral,Single,Public,Low,72
1399,61,16,81,0,2,1.4400000000000002,6,5,5,8,20,3.6,Low,Near,Yes,Medium,Male,Medium,Yes,No,Medium,College,Medium,Negative,In Relationship,Public,Medium,60
1400,70,14,88,0,4,2.52,9,8,8,5,21,6.3,Medium,Moderate,Yes,High,Female,High,Yes,No,Low,College,Medium,Positive,Single,Private,Medium,64
1401,81,23,88,1,4,1.72,7,7,7,5,22,4.3,Medium,Near,No,Low,Male,High,Yes,No,Low,Postgraduate,Medium,Positive,In Relationship,Public,Medium,69
1402,61,27,86,3,3,0.27999999999999997,10,4,4,8,22,2.8,High,Near,Yes,Medium,Female,Medium,Yes,No,Medium,High School,High,Positive,Complicated,Private,High,70
1403,71,24,55,2,3,1.72,7,5,5,7,19,4.3,High,Far,Yes,High,Male,Medium,Yes,No,Low,College,Medium,Positive,Single,Public,Medium,67
1404,81,26,71,0,5,0.5,10,5,5,7,20,5,Medium,Near,No,Medium,Female,High,Yes,Yes,Low,High School,Medium,Positive,Single,Private,Medium,67
1405,83,15,91,0,3,0.48,8,5,5,7,20,4.8,Low,Far,Yes,Low,Male,Medium,Yes,No,Medium,College,Medium,Neutral,Single,Private,Medium,64
1406,97,11,83,4,2,0.6200000000000001,8,8,8,5,22,6.2,Medium,Far,Yes,Medium,Male,Medium,Yes,No,Low,High School,Medium,Negative,In Relationship,Private,High,68
1407,86,29,84,1,4,1.56,10,6,6,7,21,3.9,High,Near,No,Low,Female,High,Yes,No,Low,High School,Medium,Positive,Complicated,Private,High,72
1408,77,18,61,1,3,2.68,6,8,8,5,20,6.7,High,Near,Yes,Low,Female,Medium,Yes,No,Medium,High School,Medium,Neutral,In Relationship,Private,Medium,65
1409,97,18,66,2,2,3.4000000000000004,8,9,9,5,19,8.5,High,Moderate,No,Medium,Male,Medium,Yes,No,Low,College,Medium,Neutral,In Relationship,Public,Medium,70
1410,91,28,98,2,5,0.5599999999999999,7,7,7,6,22,5.6,Medium,Near,No,Low,Male,High,Yes,No,Low,Postgraduate,High,Positive,Single,Private,Medium,75
1411,68,23,92,3,4,1.72,7,5,5,7,19,4.3,Low,Near,Yes,Low,Male,High,No,No,Medium,High School,Low,Neutral,In Relationship,Private,High,65
1412,65,23,58,1,3,3,7,9,9,5,19,7.5,High,Moderate,Yes,Low,Female,Medium,Yes,Yes,Low,College,Medium,Neutral,In Relationship,Public,Medium,63
1413,87,33,77,0,3,2.12,8,7,7,5,19,5.3,High,Near,No,Low,Male,Medium,Yes,Yes,Low,High School,Medium,Positive,Single,Private,Medium,71
1414,82,16,75,2,2,1.6800000000000002,8,7,7,6,20,4.2,Low,Near,Yes,Medium,Female,Medium,Yes,No,Medium,College,Medium,Positive,Complicated,Public,Medium,66
1415,92,26,72,1,3,1.2800000000000002,6,6,6,7,19,3.2,Low,Moderate,Yes,Low,Female,Medium,Yes,No,Medium,High School,Medium,Neutral,Single,Private,Medium,69
1416,90,20,74,0,3,1.8,7,7,7,6,21,4.5,Medium,Moderate,No,High,Female,Medium,No,No,Low,Postgraduate,High,Positive,Single,Private,Low,68
1417,85,22,82,1,2,0.55,4,8,8,5,20,5.5,High,Near,No,Medium,Male,Medium,Yes,No,Medium,Postgraduate,Medium,Positive,Complicated,Public,High,71
1418,99,29,98,5,2,1.64,8,7,7,6,21,4.1,Medium,Near,Yes,Low,Male,Medium,No,No,High,Postgraduate,High,Neutral,Single,Public,Low,77
1419,81,23,94,1,2,0.4,10,5,5,7,20,4,Low,Near,Yes,Medium,Female,Medium,Yes,No,High,College,High,Neutral,In Relationship,Public,High,70
1420,65,23,94,1,3,1.8399999999999999,7,7,7,5,21,4.6,Medium,Near,No,High,Female,Medium,Yes,No,Medium,College,Medium,Negative,In Relationship,Public,Medium,66
1421,93,26,85,1,3,0.5900000000000001,5,7,7,6,21,5.9,Medium,Moderate,No,High,Female,Medium,Yes,No,Low,College,High,Positive,Single,Public,High,73
1422,70,18,51,1,3,0.67,8,8,8,5,21,6.7,Medium,Moderate,Yes,Low,Male,Medium,Yes,No,Medium,College,Medium,Negative,In Relationship,Private,Medium,62
1423,91,15,72,0,2,0.49000000000000005,6,6,6,6,20,4.9,Medium,Moderate,No,Medium,Female,Medium,Yes,No,Low,High School,Medium,Neutral,Single,Public,Medium,65
1424,98,14,76,0,2,0.47000000000000003,7,8,8,5,22,4.7,High,Near,Yes,Low,Male,Medium,Yes,No,Medium,Postgraduate,High,Neutral,Single,Public,Medium,71
1425,88,8,92,1,4,2.16,8,7,7,5,21,5.4,Medium,Near,Yes,Low,Male,High,Yes,No,High,College,Medium,Negative,Single,Public,Medium,66
1426,84,32,96,1,3,1.8399999999999999,8,7,7,6,22,4.6,Medium,Near,Yes,Low,Female,Medium,Yes,No,Medium,High School,Low,Positive,Single,Public,Medium,72
1427,78,13,73,0,4,0.71,9,9,9,4,21,7.1,Medium,Near,Yes,Medium,Male,High,Yes,No,Medium,High School,Medium,Negative,Single,Private,High,64
1428,75,19,65,0,4,1.56,7,6,6,7,21,3.9,Medium,Near,No,Low,Female,High,Yes,No,Low,High School,Medium,Neutral,Complicated,Private,Low,63
1429,74,18,67,0,3,0.22000000000000003,7,3,3,8,24,2.2,Medium,Near,Yes,Low,Male,Medium,Yes,No,Low,High School,Low,Positive,Single,Public,Medium,63
1430,85,22,79,5,2,3.3200000000000003,8,9,9,5,19,8.3,Medium,Near,No,Medium,Female,Medium,Yes,No,High,High School,High,Neutral,In Relationship,Public,High,72
1431,90,25,64,2,2,0.45999999999999996,7,7,7,6,21,4.6,Medium,Moderate,Yes,Medium,Male,Medium,Yes,No,Medium,High School,Medium,Positive,In Relationship,Public,High,71
1432,87,25,96,3,2,2.7600000000000002,6,9,9,4,19,6.9,High,Moderate,Yes,Medium,Female,Medium,No,No,Low,High School,High,Positive,In Relationship,Public,Medium,72
1433,68,17,71,1,2,2.52,8,8,8,5,21,6.3,High,Near,Yes,Medium,Male,Medium,Yes,No,Medium,High School,Medium,Neutral,Single,Private,High,65
1434,80,19,100,0,3,0.37000000000000005,5,4,4,8,22,3.7,Medium,Near,Yes,Medium,Female,Medium,Yes,No,Medium,High School,Medium,Neutral,In Relationship,Public,Medium,67
1435,92,22,55,1,4,1.6800000000000002,7,7,7,6,22,4.2,High,Moderate,Yes,Low,Female,High,Yes,No,Low,High School,Low,Positive,Single,Public,Medium,68
1436,79,19,59,2,2,1.8399999999999999,5,5,5,7,20,4.6,High,Far,Yes,Low,Male,Medium,Yes,No,Medium,Postgraduate,Medium,Neutral,Single,Private,Medium,66
1437,81,30,76,0,3,2.92,6,9,9,5,19,7.3,High,Near,No,High,Male,Medium,Yes,No,Medium,Postgraduate,Medium,Positive,In Relationship,Public,Medium,72
1438,91,23,93,3,3,2.08,6,8,8,5,21,5.2,Medium,Moderate,No,Low,Female,Medium,Yes,No,Medium,High School,High,Neutral,In Relationship,Public,Low,71
1439,86,24,68,3,3,1.6800000000000002,6,5,5,7,20,4.2,High,Moderate,No,Low,Female,Medium,Yes,Yes,Low,College,Medium,Positive,In Relationship,Public,High,70
1440,76,24,92,1,3,2.08,9,7,7,6,22,5.2,Medium,Near,No,Medium,Female,Medium,Yes,No,Medium,Postgraduate,Medium,Neutral,Single,Public,Low,68
1441,96,27,71,0,4,1.56,9,5,5,7,19,3.9,High,Near,No,Low,Female,High,Yes,No,Low,College,Medium,Positive,In Relationship,Private,Medium,72
1442,67,21,93,1,3,2.3600000000000003,9,7,7,6,20,5.9,Medium,Near,Yes,Low,Male,Medium,Yes,No,High,College,Low,Neutral,In Relationship,Public,High,66
1443,100,12,64,1,6,1.7600000000000002,7,5,5,7,20,4.4,Medium,Near,No,Medium,Male,High,Yes,No,Medium,High School,Medium,Positive,In Relationship,Public,High,69
1444,65,22,74,2,1,2.4000000000000004,6,9,9,5,20,6,Medium,Near,Yes,Medium,Male,Low,Yes,No,High,College,Low,Positive,Complicated,Public,Medium,65
1445,61,16,64,1,3,1.4000000000000001,8,5,5,7,19,3.5,High,Far,No,Low,Male,Medium,Yes,No,Medium,High School,High,Positive,In Relationship,Public,High,62
1446,96,17,61,1,1,2.08,7,7,7,6,21,5.2,High,Moderate,No,Low,Female,Low,Yes,No,Low,College,High,Positive,In Relationship,Public,High,69
1447,70,24,71,1,4,2,7,7,7,6,22,5,Medium,Near,Yes,Medium,Male,High,Yes,No,Medium,High School,Medium,Negative,Single,Public,Low,65
1448,89,27,67,2,4,0.44000000000000006,4,4,4,8,22,4.4,Low,Near,No,Low,Female,High,Yes,No,Medium,College,Medium,Neutral,Single,Private,Low,69
1449,92,20,89,1,3,0.58,8,8,8,5,22,5.8,High,Moderate,Yes,Low,Female,Medium,Yes,No,Medium,High School,Low,Neutral,In Relationship,Public,Medium,69
1450,94,22,87,2,5,1.52,8,5,5,8,21,3.8,Medium,Near,Yes,Low,Female,High,Yes,No,Medium,College,High,Neutral,In Relationship,Private,Medium,73
1451,100,30,68,2,2,2.72,7,9,9,4,19,6.8,Medium,Near,Yes,Medium,Female,Medium,Yes,No,Low,Postgraduate,High,Neutral,In Relationship,Private,Medium,75
1452,72,21,100,3,3,2.2399999999999998,8,7,7,6,20,5.6,High,Far,Yes,Low,Male,Medium,Yes,No,Medium,College,High,Positive,Single,Private,High,70
1453,88,36,99,0,3,0.29,8,4,4,8,22,2.9,High,Near,No,Low,Female,Medium,Yes,No,High,College,Medium,Negative,In Relationship,Private,Medium,74
1454,65,23,96,0,3,0.6200000000000001,6,8,8,5,19,6.2,Medium,Near,Yes,Low,Male,Medium,Yes,No,Medium,High School,Medium,Positive,Single,Public,Low,65
1455,76,9,79,1,3,0.45,7,4,4,8,19,4.5,Medium,Near,No,Medium,Male,Medium,Yes,No,Medium,College,Medium,Negative,Single,Public,Medium,63
1456,94,25,71,4,4,1.52,5,5,5,7,20,3.8,High,Near,No,Medium,Female,High,Yes,No,Low,College,High,Negative,In Relationship,Public,High,74
1457,75,22,66,0,2,0.6000000000000001,9,8,8,5,22,6,High,Near,Yes,Low,Male,Medium,Yes,No,Low,Postgraduate,High,Neutral,In Relationship,Private,Medium,67
1458,84,28,51,3,4,1.6,8,5,5,8,20,4,Medium,Near,Yes,Medium,Female,High,No,No,Medium,Postgraduate,Medium,Positive,In Relationship,Public,Medium,71
1459,80,24,82,1,3,2.3600000000000003,6,8,8,6,20,5.9,Low,Moderate,Yes,Low,Female,Medium,Yes,No,Medium,College,High,Neutral,Single,Public,High,68
1460,86,19,78,2,4,0.31000000000000005,8,5,5,7,22,3.1,Medium,Near,No,Medium,Female,High,Yes,No,Medium,College,High,Negative,Single,Public,Medium,69
1461,99,13,81,0,4,1.92,7,7,7,6,22,4.8,High,Near,No,Medium,Male,High,Yes,No,Medium,Postgraduate,Medium,Positive,Single,Public,Medium,71
1462,62,19,79,7,2,1.6800000000000002,6,7,7,6,22,4.2,Medium,Near,Yes,Medium,Female,Medium,Yes,No,Low,High School,High,Neutral,Single,Public,Medium,66
1463,83,15,57,0,3,1.56,7,5,5,7,20,3.9,Medium,Near,Yes,Medium,Male,Medium,Yes,No,Low,Postgraduate,Medium,Positive,Single,Private,Medium,65
1464,95,17,85,1,2,0.48,8,7,7,6,21,4.8,Low,Moderate,Yes,Low,Female,Medium,No,No,Low,College,Medium,Negative,In Relationship,Private,High,66
1465,79,24,68,2,2,0.6000000000000001,8,8,8,5,22,6,Low,Near,Yes,Low,Male,Medium,Yes,No,High,High School,Low,Negative,In Relationship,Private,Medium,65
1466,63,30,76,1,4,0.48,10,7,7,5,19,4.8,Medium,Moderate,No,Medium,Female,High,Yes,No,Medium,Postgraduate,Medium,Neutral,Complicated,Public,Medium,67
1467,82,22,68,2,4,2.2399999999999998,7,8,8,5,19,5.6,Medium,Near,No,Low,Male,High,Yes,No,High,Postgraduate,High,Neutral,In Relationship,Private,Medium,70
1468,73,13,51,1,4,2.2,7,7,7,6,21,5.5,Medium,Near,Yes,Low,Male,High,Yes,No,Medium,Postgraduate,Medium,Positive,Single,Public,Medium,63
1469,66,23,94,1,3,0.43,8,8,8,5,22,4.3,Low,Moderate,No,Medium,Male,Medium,Yes,No,Low,Postgraduate,Low,Neutral,Single,Private,High,64
1470,94,27,57,1,1,1.64,7,6,6,7,22,4.1,Medium,Near,Yes,Medium,Male,Low,Yes,No,Medium,High School,Medium,Neutral,In Relationship,Private,Medium,71
1471,81,16,79,2,3,2.44,6,7,7,5,20,6.1,High,Moderate,Yes,Low,Female,Medium,Yes,No,Medium,College,Medium,Positive,Single,Public,High,68
1472,97,19,94,2,4,0.58,6,7,7,6,22,5.8,Low,Near,No,High,Male,High,Yes,No,Medium,Postgraduate,Medium,Neutral,In Relationship,Public,Medium,72
1473,92,20,61,2,4,0.45,4,5,5,7,23,4.5,High,Near,Yes,High,Male,High,Yes,No,Medium,College,Medium,Neutral,In Relationship,Public,Medium,71
1474,88,15,71,1,2,1.6800000000000002,8,5,5,7,21,4.2,Low,Moderate,Yes,Low,Male,Medium,No,No,Medium,Postgraduate,Low,Positive,In Relationship,Private,Low,64
1475,60,24,69,1,5,1.8800000000000001,5,7,7,6,21,4.7,Low,Moderate,Yes,Medium,Male,High,Yes,No,Medium,High School,High,Neutral,Single,Public,High,64
1476,77,19,54,3,2,0.51,6,6,6,6,20,5.1,Medium,Moderate,Yes,High,Male,Medium,Yes,No,Low,College,High,Negative,In Relationship,Private,Medium,66
1477,68,23,71,3,3,1.2800000000000002,7,6,6,7,19,3.2,High,Moderate,Yes,Medium,Female,Medium,Yes,No,High,High School,Medium,Positive,Single,Public,Medium,68
1478,96,15,74,2,2,2.04,7,7,7,6,21,5.1,Medium,Far,No,Low,Male,Medium,Yes,No,Medium,High School,High,Positive,Single,Private,Low,68
1479,67,17,51,3,5,2.12,10,7,7,6,21,5.3,Medium,Near,Yes,Low,Male,High,Yes,No,Medium,High School,High,Positive,Single,Public,Medium,65
1480,71,24,74,1,3,1.52,5,6,6,7,21,3.8,Medium,Near,Yes,Medium,Male,Medium,Yes,No,Medium,High School,Medium,Positive,Single,Private,Medium,67
1481,81,18,55,3,2,2.2,10,7,7,6,21,5.5,Low,Near,Yes,Low,Male,Medium,Yes,No,Low,High School,Medium,Negative,Single,Public,Medium,64
1482,71,30,95,1,4,1.52,9,7,7,5,21,3.8,Medium,Near,Yes,Medium,Male,High,No,No,High,College,High,Neutral,In Relationship,Public,Medium,70
1483,68,18,83,1,2,0.55,8,7,7,6,21,5.5,High,Near,Yes,Low,Male,Medium,Yes,No,Low,College,Medium,Positive,Single,Public,Medium,65
1484,84,21,53,2,3,0.5,9,6,6,6,20,5,Low,Moderate,No,Medium,Female,Medium,Yes,No,Low,High School,Medium,Negative,In Relationship,Public,High,65
1485,64,26,91,1,4,2.64,8,8,8,5,19,6.6,Medium,Near,No,Medium,Male,High,Yes,No,High,High School,High,Positive,In Relationship,Public,Medium,68
1486,62,11,68,2,3,2.2800000000000002,4,8,8,5,19,5.7,High,Moderate,Yes,High,Male,Medium,Yes,No,Medium,High School,Medium,Negative,Single,Public,Medium,61
1487,75,9,61,3,3,1.92,8,7,7,6,19,4.8,Low,Near,No,Medium,Male,Medium,Yes,No,High,High School,High,Neutral,In Relationship,Public,Medium,63
1488,89,11,63,0,2,1.7600000000000002,5,5,5,7,20,4.4,Medium,Near,Yes,Medium,Female,Medium,Yes,No,Medium,College,Medium,Neutral,In Relationship,Public,Medium,65
1489,82,28,80,1,5,0.6000000000000001,6,7,7,6,19,6,Medium,Far,Yes,Low,Female,High,Yes,No,Medium,High School,Medium,Neutral,Single,Private,Medium,69
1490,77,17,54,1,2,1.8399999999999999,7,7,7,6,20,4.6,Medium,Near,No,Low,Male,Medium,Yes,No,Low,College,Medium,Positive,Single,Public,High,64
1491,83,35,53,1,2,0.47000000000000003,6,7,7,6,20,4.7,Low,Near,No,Low,Female,Medium,Yes,No,Medium,High School,Medium,Neutral,Complicated,Private,Medium,69
1492,75,17,81,3,3,2.2,8,8,8,6,19,5.5,Medium,Near,Yes,High,Male,Medium,Yes,Yes,Low,Postgraduate,High,Neutral,Single,Public,Medium,67
1493,97,21,99,1,1,1.4800000000000002,7,7,7,6,21,3.7,High,Moderate,Yes,Medium,Male,Low,Yes,No,High,Postgraduate,Medium,Neutral,Single,Public,High,74
1494,62,29,74,1,3,1.4400000000000002,8,5,5,7,20,3.6,Medium,Near,Yes,Low,Male,Medium,Yes,Yes,Medium,College,High,Negative,In Relationship,Private,Medium,66
1495,87,32,71,0,4,0.65,7,8,8,5,23,6.5,High,Near,Yes,High,Male,High,Yes,Yes,Medium,College,Medium,Neutral,Single,Public,Low,72
1496,96,32,97,1,5,2.2399999999999998,7,8,8,5,19,5.6,Low,Moderate,Yes,Low,Male,High,Yes,No,Low,College,Medium,Neutral,In Relationship,Public,Medium,73
1497,92,27,62,0,4,0.51,6,7,7,6,22,5.1,Medium,Near,No,Medium,Male,High,Yes,No,High,College,High,Positive,Single,Public,High,73
1498,67,26,62,0,2,0.44000000000000006,5,6,6,7,22,4.4,Medium,Moderate,Yes,Medium,Male,Medium,Yes,No,High,High School,Low,Negative,In Relationship,Public,Medium,63
1499,72,24,95,3,2,2.4000000000000004,7,9,9,5,20,6,Medium,Near,Yes,Low,Male,Medium,Yes,No,Medium,Postgraduate,High,Negative,Complicated,Public,Medium,69
1500,89,25,82,2,6,1.8399999999999999,6,7,7,6,20,4.6,Low,Near,Yes,Low,Male,High,Yes,No,High,Postgraduate,Low,Neutral,In Relationship,Public,Medium,71
1501,63,17,53,1,4,2.16,9,8,8,5,19,5.4,Medium,Moderate,No,Low,Male,High,Yes,No,High,College,High,Neutral,In Relationship,Public,High,63
1502,92,15,84,0,5,1.7600000000000002,5,7,7,6,20,4.4,High,Moderate,Yes,High,Female,High,Yes,No,Medium,High School,Medium,Positive,Complicated,Public,Low,69
1503,89,20,91,3,3,1.8,10,5,5,7,19,4.5,High,Moderate,Yes,Medium,Male,Medium,Yes,No,Low,College,High,Neutral,In Relationship,Private,Medium,72
1504,89,19,64,2,4,2.08,7,6,6,6,23,5.2,Low,Moderate,Yes,Low,Female,High,Yes,Yes,Medium,Postgraduate,High,Positive,In Relationship,Public,Medium,68
1505,64,17,69,1,3,2.84,7,9,9,5,19,7.1,High,Near,No,Medium,Female,Medium,Yes,No,Medium,High School,Low,Negative,In Relationship,Public,Medium,62
1506,89,24,60,1,2,2.64,6,8,8,5,20,6.6,High,Near,Yes,Low,Male,Medium,Yes,No,Medium,High School,Low,Neutral,Single,Private,Medium,68
1507,87,26,82,1,2,0.48,8,6,6,6,20,4.8,Medium,Near,Yes,Low,Male,Medium,Yes,No,High,Postgraduate,Medium,Negative,Single,Public,Medium,71
1508,93,21,83,1,3,2.72,7,9,9,4,22,6.8,Low,Moderate,Yes,High,Male,Medium,No,Yes,Low,High School,Medium,Neutral,Single,Public,High,67
1509,62,29,53,0,3,2,7,6,6,7,20,5,High,Moderate,Yes,Low,Female,Medium,Yes,No,High,College,Low,Positive,Single,Private,Medium,65
1510,61,13,84,1,3,0.5700000000000001,8,7,7,6,22,5.7,Medium,Far,Yes,Medium,Male,Medium,No,Yes,High,Postgraduate,Low,Neutral,In Relationship,Public,High,60
1511,75,19,83,2,2,0.58,8,7,7,6,19,5.8,High,Near,Yes,High,Male,Medium,Yes,No,High,High School,Medium,Neutral,Single,Public,Medium,68
1512,66,16,52,1,3,0.6200000000000001,9,8,8,5,21,6.2,Medium,Near,Yes,Medium,Male,Medium,Yes,Yes,Medium,High School,Low,Negative,Single,Public,Low,59
1513,82,9,78,0,0,0.45999999999999996,8,5,5,7,20,4.6,Medium,Moderate,No,High,Female,Low,Yes,No,Medium,High School,High,Neutral,Single,Public,Medium,64
1514,97,20,81,2,3,0.39,6,4,4,8,22,3.9,Medium,Moderate,Yes,Low,Male,Medium,Yes,No,High,High School,High,Neutral,In Relationship,Public,Low,71
1515,76,19,72,2,2,1.8399999999999999,4,7,7,5,21,4.6,High,Moderate,No,High,Female,Medium,Yes,No,Low,College,High,Neutral,In Relationship,Public,Medium,68
1516,94,29,95,2,3,0.6000000000000001,7,7,7,6,19,6,Medium,Moderate,Yes,Low,Male,Medium,No,Yes,Medium,College,Low,Neutral,Single,Public,Medium,70
1517,60,24,66,1,4,1.4000000000000001,7,6,6,7,20,3.5,Low,Near,No,Medium,Female,High,Yes,No,Medium,College,Low,Neutral,Single,Public,High,62
1518,67,14,53,2,3,1.8,10,7,7,6,20,4.5,Medium,Near,No,High,Male,Medium,Yes,No,Medium,College,Medium,Neutral,Single,Public,Medium,62
1519,61,31,84,2,3,2.72,7,8,8,5,19,6.8,Medium,Near,No,Medium,Male,Medium,Yes,No,Medium,High School,High,Neutral,In Relationship,Private,Medium,68
1520,73,27,80,3,3,2.64,8,9,9,4,19,6.6,Medium,Near,No,Medium,Female,Medium,Yes,No,Low,High School,Medium,Negative,In Relationship,Private,Medium,68
1521,96,23,99,3,4,1.2800000000000002,8,4,4,8,20,3.2,Medium,Near,Yes,Low,Female,High,Yes,No,High,High School,Medium,Positive,Single,Public,Low,74
1522,64,19,62,0,4,2.2,8,7,7,6,21,5.5,Medium,Near,No,High,Male,High,Yes,Yes,Medium,College,Low,Positive,Single,Public,Medium,61
1523,84,14,70,1,5,2.32,8,7,7,6,22,5.8,Medium,Near,Yes,Low,Male,High,Yes,No,Medium,College,Medium,Neutral,In Relationship,Public,High,67
1524,78,18,73,1,2,2.4800000000000004,6,9,9,5,19,6.2,Low,Moderate,No,High,Female,Medium,Yes,No,Medium,High School,Medium,Positive,In Relationship,Public,High,65
1525,98,27,93,5,3,0.5599999999999999,6,7,7,6,22,5.6,Medium,Moderate,Yes,High,Female,Medium,No,No,Low,High School,Low,Positive,Single,Public,High,101
1526,65,31,71,1,4,0.49000000000000005,7,6,6,6,20,4.9,Low,Moderate,Yes,Low,Male,High,Yes,No,Medium,High School,Medium,Neutral,Single,Public,Medium,65
1527,68,29,89,0,4,1.8,4,7,7,5,22,4.5,Medium,Near,No,Medium,Male,High,Yes,Yes,Medium,College,Medium,Neutral,In Relationship,Private,Medium,67
1528,61,17,58,2,3,0.43,7,4,4,8,21,4.3,High,Near,Yes,Low,Female,Medium,Yes,Yes,Low,High School,Medium,Positive,Single,Public,Medium,61
1529,77,13,70,3,4,0.71,6,8,8,5,21,7.1,Medium,Near,No,Medium,Male,High,Yes,Yes,Medium,High School,Medium,Neutral,In Relationship,Public,High,64
1530,71,21,58,1,3,0.31000000000000005,7,5,5,7,22,3.1,Low,Far,No,Medium,Female,Medium,Yes,Yes,High,College,High,Positive,Single,Public,High,64
1531,95,9,97,1,2,0.37000000000000005,7,5,5,7,22,3.7,Medium,Near,Yes,Low,Male,Medium,Yes,No,Medium,College,Medium,Neutral,In Relationship,Public,Low,67
1532,84,22,59,0,3,2.52,5,8,8,5,22,6.3,Medium,Near,Yes,High,Female,Medium,Yes,No,Medium,College,Medium,Positive,Single,Private,High,69
1533,85,19,71,1,2,2.7600000000000002,9,8,8,5,21,6.9,Medium,Moderate,Yes,Medium,Female,Medium,Yes,No,Low,Postgraduate,High,Positive,Single,Public,High,69
1534,81,17,54,4,3,2.2,7,8,8,5,22,5.5,Medium,Near,No,Low,Female,Medium,Yes,No,Medium,High School,High,Positive,Single,Public,Medium,67
1535,64,10,96,1,3,1.8,8,7,7,6,20,4.5,High,Moderate,No,Medium,Male,Medium,Yes,No,Medium,High School,Medium,Neutral,Single,Public,Medium,62
1536,78,23,81,0,1,2.7600000000000002,7,9,9,4,19,6.9,High,Near,No,Low,Male,Low,Yes,No,Medium,High School,Low,Neutral,Single,Private,Medium,66
1537,100,17,98,0,4,0.42000000000000004,8,4,4,7,22,4.2,Medium,Near,No,Medium,Male,High,Yes,No,Low,College,High,Positive,In Relationship,Public,High,72
1538,93,13,52,2,3,0.45999999999999996,5,7,7,6,21,4.6,Medium,Near,Yes,Medium,Female,Medium,Yes,No,Low,College,Medium,Positive,In Relationship,Public,Medium,67
1539,96,3,59,2,3,1.72,9,5,5,7,19,4.3,High,Moderate,Yes,Low,Female,Medium,Yes,No,Medium,College,High,Negative,In Relationship,Public,Medium,66
1540,93,20,69,2,4,2.08,8,7,7,6,20,5.2,Low,Moderate,Yes,Low,Male,High,Yes,No,Medium,High School,Low,Neutral,In Relationship,Public,Medium,67
1541,64,31,81,1,4,0.48,7,5,5,7,24,4.8,Low,Near,Yes,Medium,Female,High,Yes,No,Low,High School,High,Positive,In Relationship,Public,Medium,67
1542,69,30,66,0,4,2,7,6,6,7,20,5,Medium,Near,Yes,Medium,Female,High,Yes,No,Medium,Postgraduate,Medium,Positive,Single,Public,Low,68
1543,60,17,86,0,2,0.36000000000000004,9,5,5,7,22,3.6,Medium,Near,Yes,Low,Male,Medium,Yes,No,Medium,High School,High,Positive,Single,Public,High,63
1544,72,16,58,1,2,1.8,6,7,7,6,20,4.5,High,Far,No,Medium,Male,Medium,Yes,No,Low,High School,Medium,Negative,Single,Public,Medium,62
1545,64,23,80,3,2,1.8,5,7,7,6,20,4.5,Medium,Moderate,Yes,Medium,Female,Medium,Yes,Yes,Low,College,High,Negative,Single,Public,High,65
1546,79,14,70,1,6,0.30000000000000004,6,3,3,8,19,3,Medium,Moderate,Yes,Low,Male,High,Yes,No,Medium,College,Medium,Positive,Single,Public,Medium,65
1547,87,22,75,0,2,2.12,7,7,7,6,21,5.3,High,Near,Yes,Medium,Female,Medium,Yes,Yes,Medium,College,Medium,Positive,Single,Public,High,70
1548,95,25,78,7,4,0.44000000000000006,7,6,6,7,22,4.4,Medium,Near,No,Low,Male,High,Yes,No,Medium,High School,Low,Positive,In Relationship,Public,Medium,73
1549,90,27,53,1,2,1.8,9,8,8,5,19,4.5,Medium,Near,Yes,Medium,Female,Medium,Yes,No,Medium,Postgraduate,High,Positive,Single,Public,High,73
1550,98,19,96,2,2,2.16,6,7,7,6,22,5.4,Low,Moderate,Yes,Low,Male,Medium,No,No,Medium,High School,Medium,Negative,Single,Private,Medium,68
1551,62,19,89,3,1,0.52,6,6,6,7,22,5.2,Low,Moderate,No,Medium,Male,Low,Yes,No,High,High School,Medium,Positive,In Relationship,Public,Medium,63
1552,60,15,72,2,2,1.8800000000000001,5,7,7,6,19,4.7,Low,Near,Yes,High,Male,Medium,Yes,No,High,High School,Medium,Positive,Complicated,Public,High,62
1553,86,15,77,0,3,1.8399999999999999,8,6,6,7,19,4.6,Medium,Near,Yes,Medium,Male,Medium,Yes,No,Medium,Postgraduate,High,Positive,Single,Public,Medium,69
1554,72,19,52,2,3,2.44,5,7,7,5,20,6.1,High,Near,No,Medium,Male,Medium,Yes,No,Medium,Postgraduate,Medium,Neutral,Single,Public,Medium,66
1555,70,22,75,0,3,2.44,8,7,7,5,20,6.1,High,Near,Yes,Medium,Male,Medium,Yes,No,High,Postgraduate,Medium,Positive,Single,Private,Medium,68
1556,73,25,71,0,3,1.8800000000000001,6,5,5,7,19,4.7,Medium,Far,Yes,Low,Female,Medium,Yes,No,Low,College,High,Positive,In Relationship,Private,Medium,67
1557,71,15,69,2,4,1.8,6,6,6,7,20,4.5,High,Near,Yes,Low,Female,High,Yes,No,Low,College,High,Negative,Single,Private,High,65
1558,80,29,91,1,3,2.8000000000000003,10,8,8,5,19,7,Medium,Moderate,Yes,High,Male,Medium,No,No,High,College,Low,Positive,In Relationship,Public,Medium,70
1559,78,18,59,0,1,1.4800000000000002,9,4,4,8,19,3.7,Medium,Moderate,Yes,High,Female,Low,No,No,High,High School,Low,Positive,Single,Private,High,64
1560,80,20,59,2,3,2.8000000000000003,7,9,9,4,19,7,Low,Moderate,Yes,Medium,Male,Medium,Yes,No,High,High School,Low,Neutral,Single,Private,High,65
1561,87,16,76,1,2,1.8399999999999999,5,7,7,5,21,4.6,Medium,Far,No,Low,Female,Medium,Yes,No,High,Postgraduate,Medium,Neutral,In Relationship,Private,High,67
1562,75,5,84,0,4,2.08,10,7,7,6,22,5.2,Low,Moderate,Yes,High,Female,High,Yes,No,Medium,Postgraduate,Medium,Neutral,Single,Private,Medium,62
1563,70,25,51,3,4,1.8,7,7,7,5,20,4.5,Medium,Moderate,Yes,Low,Male,High,Yes,No,High,High School,Medium,Positive,Single,Public,Medium,66
1564,67,24,77,0,2,1.92,7,5,5,7,21,4.8,High,Near,Yes,High,Female,Medium,Yes,No,Low,College,High,Positive,In Relationship,Public,Medium,68
1565,74,18,65,0,4,0.30000000000000004,8,4,4,8,21,3,Low,Moderate,No,Medium,Female,High,Yes,No,High,College,Medium,Positive,In Relationship,Public,High,64
1566,90,20,88,3,3,0.6200000000000001,4,8,8,5,22,6.2,Low,Moderate,No,Low,Male,Medium,Yes,No,Medium,High School,High,Negative,Single,Public,Medium,69
1567,90,23,73,1,2,0.15000000000000002,6,2,2,9,23,1.5,Medium,Near,Yes,High,Female,Medium,No,No,Low,High School,Medium,Positive,Single,Private,Medium,69
1568,87,11,92,1,5,0.55,7,7,7,6,22,5.5,Medium,Moderate,Yes,Medium,Female,High,Yes,No,Medium,High School,Medium,Positive,Single,Public,Medium,67
1569,69,17,70,0,3,2.8000000000000003,7,8,8,5,19,7,Medium,Moderate,Yes,Low,Male,Medium,Yes,Yes,Low,College,Medium,Neutral,In Relationship,Public,High,61
1570,84,25,91,1,4,0.36000000000000004,5,5,5,7,21,3.6,Medium,Moderate,Yes,Medium,Female,High,Yes,Yes,Low,Postgraduate,High,Positive,Single,Public,Medium,70
1571,83,12,86,1,4,2.16,7,7,7,6,20,5.4,Medium,Near,Yes,High,Female,High,Yes,No,Low,College,Low,Negative,Single,Public,Medium,65
1572,79,22,91,0,4,1.8,7,7,7,6,21,4.5,Medium,Moderate,Yes,Low,Male,High,Yes,Yes,Low,College,Medium,Positive,Single,Public,Medium,66
1573,82,12,91,3,3,0.65,10,8,8,5,21,6.5,Medium,Near,Yes,Low,Male,Medium,Yes,No,Medium,Postgraduate,Low,Negative,In Relationship,Public,Medium,66
1574,80,23,74,4,3,1.72,9,5,5,7,23,4.3,High,Moderate,Yes,Medium,Male,Medium,Yes,No,Medium,High School,Medium,Negative,In Relationship,Public,Medium,69
1575,83,20,68,1,1,1.8,7,6,6,7,20,4.5,Medium,Near,Yes,Medium,Female,Low,Yes,No,High,High School,Medium,Positive,Single,Public,Medium,67
1576,89,10,88,2,2,3.16,7,9,9,5,19,7.9,High,Near,Yes,High,Female,Medium,Yes,No,Medium,Postgraduate,High,Positive,In Relationship,Private,Medium,71
1577,64,27,68,1,4,0.44000000000000006,9,4,4,8,22,4.4,High,Near,Yes,Low,Male,High,Yes,No,High,High School,High,Neutral,Single,Private,High,68
1578,90,16,54,2,3,2.2800000000000002,7,7,7,6,20,5.7,Medium,Near,No,Medium,Female,Medium,No,No,High,High School,Medium,Positive,Single,Public,Medium,67
1579,65,15,93,2,4,1.92,5,7,7,6,19,4.8,Medium,Near,No,Low,Female,High,Yes,Yes,Low,High School,High,Neutral,Single,Public,Medium,63
1580,63,21,70,1,2,2.08,10,7,7,6,22,5.2,Medium,Near,No,High,Female,Medium,Yes,No,Low,College,Medium,Positive,Single,Private,High,64
1581,99,27,57,3,3,2.12,6,7,7,5,21,5.3,Medium,Moderate,Yes,Low,Male,Medium,Yes,No,Medium,College,High,Neutral,Single,Public,Medium,73
1582,98,14,82,1,3,1.7600000000000002,10,5,5,7,20,4.4,Medium,Moderate,Yes,Low,Male,Medium,Yes,No,High,High School,Medium,Positive,In Relationship,Private,Medium,69
1583,62,20,94,1,3,0.45,8,6,6,7,22,4.5,Low,Near,No,Medium,Female,Medium,Yes,No,High,High School,High,Positive,In Relationship,Public,Medium,65
1584,78,23,93,0,5,0.42000000000000004,6,5,5,7,20,4.2,Low,Near,Yes,Medium,Male,High,Yes,No,Medium,Postgraduate,High,Positive,In Relationship,Private,High,70
1585,67,24,78,1,2,0.42000000000000004,4,4,4,7,22,4.2,Medium,Near,Yes,Low,Female,Medium,Yes,No,Low,High School,High,Positive,In Relationship,Public,High,67
1586,79,21,54,3,3,2.12,8,7,7,6,19,5.3,Low,Moderate,Yes,Low,Female,Medium,Yes,No,High,Postgraduate,Medium,Positive,Single,Public,Medium,67
1587,93,18,85,0,3,0.27,5,4,4,8,23,2.7,High,Near,Yes,Low,Male,Medium,Yes,No,Medium,High School,Medium,Positive,Complicated,Public,Medium,70
1588,98,15,80,2,2,1.92,8,5,5,7,21,4.8,Low,Near,No,High,Female,Medium,No,No,Low,Postgraduate,High,Negative,In Relationship,Public,High,69
1589,85,21,61,2,2,0.49000000000000005,10,5,5,7,19,4.9,Medium,Near,No,Medium,Male,Medium,Yes,Yes,High,High School,High,Neutral,Single,Public,Medium,68
1590,74,14,95,1,3,0.35000000000000003,5,3,3,8,19,3.5,High,Near,No,Low,Male,Medium,Yes,Yes,High,College,Medium,Positive,Single,Public,High,66
1591,84,2,54,3,4,0.2,8,3,3,8,24,2,High,Near,No,Low,Male,High,Yes,No,Low,High School,Low,Positive,Single,Public,Low,62
1592,72,23,69,2,4,2,6,7,7,6,22,5,Medium,Near,Yes,High,Male,High,Yes,No,Low,High School,Medium,Positive,Single,Public,Medium,67
1593,96,25,55,2,4,1.8,9,5,5,8,20,4.5,Low,Moderate,Yes,Medium,Male,High,Yes,No,High,High School,Medium,Neutral,Single,Public,High,71
1594,95,6,96,4,2,0.6200000000000001,7,8,8,5,22,6.2,Medium,Moderate,Yes,Low,Female,Medium,Yes,No,Medium,High School,High,Neutral,Single,Public,Medium,68
1595,82,14,52,3,2,0.68,7,7,7,6,22,6.8,Medium,Near,Yes,Low,Female,Medium,Yes,No,High,High School,High,Negative,Single,Public,Medium,66
1596,73,24,71,0,3,1.4000000000000001,9,4,4,8,19,3.5,Medium,Moderate,Yes,Low,Male,Medium,Yes,No,High,High School,Low,Neutral,Single,Public,Medium,64
1597,72,32,93,1,4,2.3600000000000003,8,7,7,6,19,5.9,Medium,Near,Yes,Low,Female,High,Yes,No,Low,Postgraduate,High,Neutral,Single,Private,Medium,71
1598,61,20,63,1,4,2.2,6,7,7,6,21,5.5,Low,Far,Yes,Medium,Male,High,Yes,No,Medium,College,Low,Positive,Single,Public,High,61
1599,93,16,55,2,2,3.28,10,9,9,5,20,8.2,High,Near,No,Low,Male,Medium,No,No,Medium,College,Medium,Neutral,In Relationship,Public,Medium,67
1600,78,19,56,3,4,0.67,5,8,8,5,21,6.7,Low,Moderate,Yes,High,Female,High,Yes,No,Low,College,Medium,Neutral,In Relationship,Public,Medium,65
1601,73,28,70,0,6,1.04,7,4,4,8,20,2.6,Medium,Moderate,Yes,Low,Female,High,No,No,Low,College,High,Negative,Single,Private,Medium,66
1602,79,16,71,2,4,0.6400000000000001,6,8,8,5,23,6.4,High,Near,Yes,Low,Female,High,Yes,No,Medium,High School,High,Neutral,Single,Public,High,68
1603,93,15,86,0,2,0.35000000000000003,5,3,3,8,19,3.5,Medium,Far,No,Low,Male,Medium,Yes,No,Medium,College,Medium,Neutral,Single,Public,Medium,66
1604,65,17,62,2,4,0.42000000000000004,5,4,4,7,22,4.2,Medium,Near,No,Medium,Female,High,Yes,No,Medium,High School,Medium,Positive,In Relationship,Public,Medium,63
1605,94,14,85,1,3,0.31000000000000005,7,4,4,8,22,3.1,Low,Moderate,Yes,High,Female,Medium,Yes,No,Low,High School,Low,Neutral,In Relationship,Public,Medium,66
1606,96,21,100,1,2,0.38,8,4,4,8,23,3.8,High,Near,No,High,Female,Medium,Yes,No,Medium,College,Medium,Positive,In Relationship,Private,Medium,73
1607,98,30,93,1,3,1.52,9,4,4,8,20,3.8,Low,Near,Yes,Low,Male,Medium,Yes,No,Medium,High School,Medium,Positive,Single,Private,Low,88
1608,76,22,82,0,4,2.32,9,7,7,6,21,5.8,Medium,Near,No,Medium,Male,High,Yes,No,High,High School,Medium,Neutral,In Relationship,Private,High,67
1609,69,18,97,2,2,0.31000000000000005,7,5,5,7,22,3.1,High,Near,Yes,Medium,Female,Medium,Yes,No,Medium,College,High,Positive,Single,Public,Medium,69
1610,75,18,100,2,3,2.04,6,7,7,6,21,5.1,Low,Near,Yes,Low,Female,Medium,Yes,No,High,High School,Medium,Positive,Single,Public,Medium,67
1611,73,11,79,1,2,1.9600000000000002,9,8,8,6,22,4.9,High,Near,Yes,Low,Male,Medium,Yes,No,Medium,High School,Medium,Neutral,In Relationship,Public,High,64
1612,67,25,64,0,2,0.7400000000000001,6,8,8,5,22,7.4,High,Moderate,Yes,Low,Male,Medium,No,No,Medium,High School,Medium,Neutral,In Relationship,Public,Medium,64
1613,84,20,96,1,2,2.16,5,7,7,5,21,5.4,Medium,Near,No,Low,Male,Medium,Yes,No,Low,High School,Low,Negative,Single,Public,Medium,65
1614,79,19,92,1,2,0.58,8,8,8,5,22,5.8,Medium,Near,No,Medium,Male,Medium,Yes,No,High,High School,Medium,Positive,In Relationship,Public,High,68
1615,95,39,54,2,3,0.48,9,6,6,7,22,4.8,High,Moderate,Yes,Medium,Male,Medium,Yes,No,High,High School,Medium,Positive,In Relationship,Private,Medium,77
1616,61,22,97,0,2,0.2,6,3,3,8,24,2,Medium,Near,Yes,Low,Male,Medium,Yes,Yes,High,High School,Medium,Negative,Single,Public,High,63
1617,86,15,68,0,5,0.45,10,6,6,7,22,4.5,High,Near,Yes,High,Male,High,Yes,No,Medium,College,High,Neutral,In Relationship,Public,Medium,69
1618,91,17,66,3,2,1.7600000000000002,8,7,7,6,19,4.4,Medium,Near,Yes,Medium,Male,Medium,Yes,No,Medium,College,Medium,Positive,Single,Public,Low,69
1619,90,27,67,2,3,0.6200000000000001,8,8,8,5,19,6.2,Low,Near,No,Medium,Male,Medium,Yes,No,Medium,Postgraduate,Medium,Negative,Single,Public,Medium,70
1620,95,21,66,1,4,0.25,6,4,4,8,23,2.5,Medium,Near,Yes,Medium,Male,High,Yes,No,High,College,High,Positive,In Relationship,Public,High,73
1621,89,11,76,1,3,0.73,9,8,8,5,21,7.3,Low,Far,Yes,Medium,Male,Medium,Yes,No,Medium,Postgraduate,Medium,Neutral,In Relationship,Public,High,66
1622,97,26,79,2,3,2.16,5,8,8,5,19,5.4,Low,Near,No,Low,Female,Medium,Yes,No,High,High School,Medium,Positive,In Relationship,Private,Low,71
1623,73,16,71,2,5,0.45,6,6,6,7,21,4.5,Low,Near,Yes,High,Male,High,Yes,No,Medium,College,Medium,Positive,In Relationship,Public,High,66
1624,80,31,71,2,3,2,6,7,7,5,21,5,Medium,Near,Yes,Low,Female,Medium,Yes,No,High,High School,Medium,Neutral,Single,Public,High,71
1625,61,26,87,3,2,0.52,5,7,7,6,21,5.2,Low,Near,Yes,High,Male,Medium,Yes,Yes,Medium,High School,Medium,Positive,In Relationship,Public,High,66
1626,60,17,50,0,4,0.43,8,4,4,8,24,4.3,High,Near,Yes,Low,Female,High,Yes,No,High,High School,Medium,Positive,Single,Public,High,63
1627,70,28,97,5,5,0.42000000000000004,8,4,4,8,19,4.2,High,Near,Yes,Low,Male,High,Yes,Yes,Medium,High School,High,Negative,Single,Public,Low,70
1628,64,20,86,1,2,2.68,8,9,9,4,19,6.7,Medium,Near,Yes,Medium,Male,Medium,Yes,No,Medium,Postgraduate,High,Neutral,Single,Public,Medium,66
1629,70,25,85,1,4,0.7200000000000001,7,9,9,4,22,7.2,Medium,Near,No,Medium,Male,High,Yes,No,Medium,High School,Medium,Negative,Single,Public,Medium,66
1630,67,23,71,2,4,0.52,8,6,6,6,20,5.2,Medium,Moderate,No,Medium,Female,High,Yes,No,High,College,Medium,Neutral,In Relationship,Public,Medium,66
1631,61,15,98,1,3,1.8399999999999999,7,7,7,6,19,4.6,Medium,Near,No,Medium,Male,Medium,Yes,No,Medium,High School,Medium,Neutral,Single,Public,Medium,62
1632,96,16,50,1,3,1.6,6,7,7,6,22,4,Medium,Near,No,Medium,Male,Medium,Yes,No,High,College,Medium,Positive,Single,Public,High,69
1633,60,26,54,1,1,0.15000000000000002,6,2,2,9,23,1.5,High,Moderate,Yes,Low,Male,Low,Yes,No,Low,Postgraduate,Low,Positive,Single,Private,Medium,63
1634,89,18,90,1,2,0.22000000000000003,4,3,3,8,24,2.2,Low,Near,Yes,High,Female,Medium,Yes,Yes,Low,Postgraduate,Medium,Positive,Single,Public,Medium,68
1635,66,18,87,1,3,2.16,9,8,8,5,18,5.4,High,Moderate,No,Medium,Male,Medium,Yes,No,Medium,High School,Medium,Positive,Complicated,Private,Low,64
1636,96,14,64,2,3,0.63,9,8,8,5,22,6.3,High,Moderate,Yes,Low,Male,Medium,Yes,No,High,Postgraduate,Low,Neutral,Single,Public,High,69
1637,96,23,80,3,3,1.8800000000000001,10,7,7,6,20,4.7,Medium,Near,Yes,Low,Male,Medium,Yes,No,Low,High School,Low,Positive,Single,Public,High,71
1638,86,32,77,2,4,1.2800000000000002,6,5,5,7,20,3.2,Medium,Near,Yes,Medium,Male,High,No,No,Medium,High School,Medium,Negative,In Relationship,Private,Low,71
1639,87,14,76,1,4,1.6800000000000002,6,6,6,7,21,4.2,Medium,Far,No,Low,Female,High,Yes,No,Medium,College,Medium,Positive,Single,Private,Medium,66
1640,60,20,80,2,3,0.39,4,5,5,7,21,3.9,Medium,Moderate,Yes,High,Male,Medium,Yes,Yes,Low,College,Medium,Positive,Single,Private,Medium,63
1641,99,28,100,0,2,0.24,8,4,4,8,21,2.4,Medium,Far,Yes,Medium,Male,Medium,Yes,No,Low,High School,Low,Positive,In Relationship,Public,Medium,72
1642,95,20,99,1,3,1.72,8,7,7,6,21,4.3,Medium,Near,Yes,Low,Female,Medium,No,No,Low,College,Medium,Neutral,Single,Private,Medium,70
1643,96,23,99,0,2,2.68,9,9,9,4,19,6.7,Low,Near,No,High,Female,Medium,Yes,No,Medium,College,Medium,Neutral,Single,Private,Medium,71
1644,86,14,77,3,3,0.5599999999999999,6,7,7,6,22,5.6,Low,Far,Yes,High,Male,Medium,Yes,No,Medium,High School,Low,Neutral,Single,Private,Medium,65
1645,74,23,66,0,4,1.8399999999999999,8,7,7,6,20,4.6,Low,Near,Yes,High,Female,High,Yes,No,Low,Postgraduate,Medium,Negative,Single,Public,Medium,65
1646,96,19,78,1,2,3,6,9,9,5,19,7.5,Medium,Far,No,Low,Male,Medium,Yes,No,High,High School,Low,Positive,In Relationship,Public,Low,67
1647,72,26,81,0,3,1.16,9,5,5,7,19,2.9,Medium,Near,No,Medium,Male,Medium,Yes,No,High,High School,High,Neutral,In Relationship,Public,High,68
1648,83,27,66,3,4,1.56,8,6,6,7,21,3.9,Medium,Far,Yes,Medium,Female,High,Yes,No,Medium,College,Medium,Positive,Complicated,Public,Medium,70
1649,64,36,82,2,2,1.8,5,5,5,7,20,4.5,Medium,Near,Yes,Medium,Female,Medium,Yes,No,Medium,High School,Medium,Positive,Single,Private,High,70
1650,97,23,81,2,3,0.47000000000000003,7,7,7,6,22,4.7,High,Near,Yes,Medium,Male,Medium,Yes,No,Low,High School,Low,Neutral,Single,Public,High,72
1651,66,22,95,1,5,0.25,4,4,4,8,23,2.5,High,Moderate,No,Low,Male,High,Yes,No,Medium,College,Medium,Neutral,In Relationship,Public,Low,65
1652,69,21,62,2,3,2.2399999999999998,5,7,7,6,21,5.6,Medium,Near,Yes,Low,Male,Medium,Yes,No,High,High School,Medium,Positive,In Relationship,Public,Medium,65
1653,82,18,85,3,4,0.42000000000000004,5,4,4,8,19,4.2,Medium,Near,Yes,Medium,Male,High,Yes,No,High,Postgraduate,High,Neutral,Single,Private,High,71
1654,91,22,73,3,4,0.27,6,4,4,8,22,2.7,High,Near,Yes,High,Male,High,Yes,No,Low,Postgraduate,High,Positive,In Relationship,Public,Medium,74
1655,85,18,56,0,4,0.25,7,4,4,8,23,2.5,Medium,Moderate,No,Low,Male,High,Yes,No,Low,High School,Low,Positive,In Relationship,Private,Medium,64
1656,69,21,66,1,4,1.2800000000000002,7,5,5,7,20,3.2,Medium,Far,No,Medium,Female,High,Yes,No,High,High School,Medium,Neutral,In Relationship,Private,Medium,64
1657,60,28,53,3,3,0.71,7,8,8,5,20,7.1,High,Near,Yes,Low,Female,Medium,Yes,No,Low,High School,Medium,Neutral,In Relationship,Private,Medium,65
1658,90,14,66,1,5,0.34,7,4,4,8,21,3.4,Medium,Near,Yes,Medium,Male,High,Yes,No,Medium,College,Low,Neutral,In Relationship,Public,Medium,67
1659,99,27,53,2,3,1.6800000000000002,7,7,7,6,22,4.2,Medium,Near,No,Low,Male,Medium,Yes,No,Low,College,High,Neutral,Single,Public,High,73
1660,92,28,96,1,3,0.45,5,5,5,7,20,4.5,High,Moderate,No,Medium,Male,Medium,Yes,No,High,College,Low,Neutral,In Relationship,Public,Low,72
1661,78,19,55,0,3,2.12,7,8,8,5,18,5.3,Medium,Near,No,Medium,Male,Medium,Yes,No,Low,College,Medium,Positive,Single,Public,Medium,65
1662,96,7,91,0,4,1.64,9,5,5,7,20,4.1,High,Near,No,Low,Male,High,Yes,No,Medium,College,Medium,Neutral,Single,Public,Medium,67
1663,76,16,95,2,3,0.27,7,4,4,8,22,2.7,Medium,Near,Yes,Medium,Female,Medium,Yes,No,Low,High School,Medium,Negative,In Relationship,Public,Medium,66
1664,81,28,73,0,3,2.84,8,9,9,4,20,7.1,Medium,Near,Yes,Medium,Male,Medium,Yes,No,Low,Postgraduate,High,Negative,Single,Public,High,70
1665,79,20,53,2,3,1.4400000000000002,8,6,6,7,19,3.6,Medium,Moderate,No,Medium,Female,Medium,Yes,No,Medium,High School,High,Neutral,Single,Private,Medium,66
1666,78,14,80,1,1,2.9600000000000004,8,9,9,5,20,7.4,High,Near,Yes,Medium,Female,Low,Yes,No,Low,High School,High,Neutral,In Relationship,Public,Medium,66
1667,91,17,62,3,3,2.6,7,8,8,5,20,6.5,Low,Near,Yes,High,Male,Medium,Yes,No,Low,Postgraduate,Medium,Negative,In Relationship,Public,Medium,68
1668,81,25,59,3,4,0.34,8,3,3,8,19,3.4,Medium,Near,Yes,Low,Male,High,Yes,No,Low,College,Low,Positive,Single,Public,Medium,68
1669,73,23,78,0,4,1.6800000000000002,8,6,6,7,21,4.2,High,Moderate,No,High,Female,High,Yes,No,Low,High School,High,Neutral,Single,Public,Medium,67
1670,70,19,68,1,3,2.68,8,8,8,5,20,6.7,Medium,Near,Yes,Low,Female,Medium,No,No,High,College,High,Positive,In Relationship,Public,Medium,65
1671,62,18,87,4,4,0.48,8,6,6,7,21,4.8,Low,Near,Yes,Low,Female,High,Yes,No,Medium,College,Medium,Positive,In Relationship,Public,Medium,64
1672,83,18,80,1,2,2.2,5,8,8,6,20,5.5,Medium,Near,No,High,Male,Medium,Yes,No,High,College,High,Positive,Single,Public,High,70
1673,69,14,91,0,3,0.45,5,6,6,7,22,4.5,Medium,Moderate,No,High,Male,Medium,Yes,No,Medium,College,Low,Positive,In Relationship,Public,Medium,63
1674,66,30,53,2,2,1.8,6,5,5,7,20,4.5,High,Near,No,Low,Male,Medium,No,No,Low,High School,Medium,Positive,Single,Public,Medium,65
1675,86,18,62,4,2,0.22999999999999998,9,4,4,8,22,2.3,Medium,Near,Yes,Medium,Female,Medium,Yes,Yes,Medium,Postgraduate,Low,Negative,In Relationship,Public,Medium,67
1676,87,27,78,3,5,1.8800000000000001,7,8,8,6,22,4.7,Medium,Near,Yes,Low,Female,High,Yes,No,Low,High School,Medium,Negative,In Relationship,Private,Medium,71
1677,90,29,94,1,4,0.71,7,8,8,5,20,7.1,Medium,Near,Yes,Low,Female,High,Yes,No,Medium,High School,High,Neutral,In Relationship,Private,Low,73
1678,80,26,91,1,3,0.58,4,7,7,6,22,5.8,Medium,Far,No,Low,Male,Medium,Yes,No,Low,High School,Medium,Neutral,In Relationship,Private,Medium,67
1679,96,17,84,2,3,2.16,7,8,8,5,20,5.4,Medium,Near,Yes,Low,Female,Medium,Yes,No,Medium,College,High,Positive,Single,Private,High,72
1680,97,22,79,2,0,1.72,7,7,7,6,21,4.3,Medium,Far,No,Medium,Male,Low,Yes,No,High,High School,Medium,Positive,Single,Public,High,71
1681,92,20,82,0,4,0.45999999999999996,4,5,5,7,19,4.6,High,Near,Yes,Medium,Male,High,Yes,No,High,Postgraduate,Medium,Neutral,In Relationship,Public,Medium,72
1682,85,15,61,1,3,2.52,7,8,8,5,22,6.3,High,Near,Yes,Medium,Male,Medium,Yes,No,Medium,High School,High,Negative,Single,Public,High,68
1683,72,22,80,2,3,2.8000000000000003,5,9,9,4,19,7,Low,Near,Yes,Low,Female,Medium,Yes,No,Medium,College,Low,Neutral,In Relationship,Public,High,65
1684,99,13,75,1,4,1.8800000000000001,6,6,6,7,22,4.7,Medium,Far,No,Medium,Female,High,Yes,Yes,Low,College,High,Positive,Single,Public,Medium,68
1685,71,27,69,1,4,2.8000000000000003,8,9,9,4,19,7,Low,Near,No,High,Male,High,Yes,No,Medium,College,Medium,Positive,Single,Public,Medium,67
1686,68,17,94,1,4,1.52,7,5,5,7,21,3.8,Medium,Moderate,No,High,Female,High,Yes,No,High,College,Medium,Neutral,Single,Private,Medium,66
1687,78,21,91,0,1,0.55,6,7,7,6,24,5.5,Low,Near,Yes,Medium,Male,Low,Yes,Yes,Medium,High School,Medium,Neutral,In Relationship,Private,Low,64
1688,62,22,54,3,3,0.39,6,5,5,7,21,3.9,Medium,Near,No,Low,Male,Medium,Yes,No,Medium,Postgraduate,High,Neutral,In Relationship,Private,Medium,65
1689,99,18,99,0,3,2.44,6,8,8,6,20,6.1,Medium,Moderate,No,Low,Male,Medium,Yes,No,Medium,High School,Medium,Neutral,Single,Public,Medium,69
1690,84,24,61,2,2,2.9600000000000004,7,9,9,5,20,7.4,Medium,Far,Yes,Medium,Male,Medium,Yes,No,Medium,High School,Medium,Positive,In Relationship,Public,Medium,68
1691,82,17,61,3,4,1.72,5,5,5,7,19,4.3,High,Near,No,Medium,Male,High,Yes,No,Medium,Postgraduate,High,Neutral,In Relationship,Public,Medium,69
1692,86,25,97,1,3,2.8000000000000003,9,9,9,4,19,7,Medium,Moderate,Yes,High,Male,Medium,Yes,No,Low,High School,Medium,Neutral,Single,Private,Medium,70
1693,80,12,72,1,4,0.58,5,7,7,6,22,5.8,Medium,Near,No,High,Female,High,Yes,Yes,Medium,High School,High,Positive,Single,Private,Medium,65
1694,61,21,90,2,3,0.61,4,7,7,6,21,6.1,Medium,Near,No,Medium,Male,Medium,Yes,No,Low,High School,Medium,Neutral,Single,Public,Low,63
1695,84,32,64,1,3,0.37000000000000005,8,5,5,7,21,3.7,Medium,Near,Yes,Low,Female,Medium,Yes,No,Medium,College,Low,Positive,Single,Private,High,71
1696,89,14,94,0,2,2.68,6,8,8,5,20,6.7,High,Near,Yes,Low,Male,Medium,Yes,No,Low,Postgraduate,Medium,Neutral,In Relationship,Private,Medium,68
1697,77,16,92,5,3,0.43,7,8,8,5,22,4.3,Medium,Near,Yes,Low,Female,Medium,Yes,No,High,Postgraduate,Medium,Positive,Single,Public,High,70
1698,90,23,76,2,3,1.6,8,7,7,5,21,4,High,Near,Yes,Medium,Female,Medium,Yes,No,High,High School,Medium,Positive,In Relationship,Public,Low,72
1699,69,21,85,3,1,1.04,6,4,4,8,20,2.6,Medium,Far,Yes,Low,Female,Low,Yes,No,Medium,College,Medium,Neutral,Single,Public,Low,64
1700,69,22,98,0,2,0.32000000000000006,7,3,3,8,19,3.2,Medium,Moderate,No,Low,Male,Medium,Yes,No,Low,Postgraduate,Low,Positive,Single,Public,Medium,64
1701,66,23,73,2,2,0.45,8,5,5,7,22,4.5,Low,Near,Yes,High,Female,Medium,Yes,No,High,College,Medium,Positive,In Relationship,Public,Medium,66
1702,75,24,75,0,3,0.6000000000000001,9,7,7,6,19,6,High,Far,Yes,Medium,Male,Medium,Yes,No,High,College,Medium,Positive,Single,Public,High,69
1703,94,27,86,2,2,2.72,6,8,8,5,23,6.8,Low,Near,No,Medium,Female,Medium,Yes,No,Medium,High School,Medium,Neutral,Single,Private,Medium,71
1704,93,22,69,0,3,0.6200000000000001,6,7,7,6,19,6.2,High,Near,Yes,High,Male,Medium,Yes,Yes,High,High School,Medium,Negative,Single,Public,Low,69
1705,75,19,98,1,3,0.6000000000000001,8,8,8,5,21,6,Medium,Moderate,No,Low,Male,Medium,Yes,No,Low,Postgraduate,High,Neutral,In Relationship,Public,Medium,67
1706,84,24,52,0,3,1.9600000000000002,7,7,7,6,21,4.9,Medium,Near,Yes,Low,Male,Medium,Yes,No,Medium,High School,Low,Neutral,Single,Public,High,66
1707,89,31,70,2,2,0.6000000000000001,7,8,8,5,22,6,Medium,Moderate,No,Low,Female,Medium,Yes,No,Medium,High School,Medium,Positive,In Relationship,Public,High,71
1708,70,19,86,2,2,0.58,9,7,7,6,22,5.8,Low,Near,Yes,High,Male,Medium,Yes,Yes,Low,High School,Medium,Neutral,In Relationship,Public,Medium,63
1709,67,14,71,0,4,1.2800000000000002,4,4,4,8,20,3.2,Low,Near,No,High,Female,High,Yes,No,Medium,College,Medium,Neutral,Single,Public,Medium,62
1710,99,27,63,0,4,0.61,5,9,9,4,18,6.1,High,Near,No,Medium,Female,High,Yes,No,Medium,High School,Medium,Neutral,Single,Public,High,73
1711,85,19,71,1,3,0.32000000000000006,4,5,5,7,21,3.2,Medium,Far,No,Medium,Female,Medium,Yes,No,Low,High School,High,Negative,In Relationship,Public,High,66
1712,99,7,94,3,2,2.16,9,7,7,5,21,5.4,Medium,Moderate,Yes,High,Male,Medium,Yes,No,Medium,Postgraduate,High,Positive,Single,Public,High,72
1713,74,25,77,1,2,0.31000000000000005,8,4,4,8,22,3.1,Low,Moderate,Yes,Low,Female,Medium,Yes,No,Low,Postgraduate,High,Neutral,In Relationship,Public,Medium,67
1714,88,17,67,0,3,0.5700000000000001,5,7,7,6,21,5.7,Low,Near,No,Medium,Male,Medium,No,No,Medium,Postgraduate,Low,Neutral,Single,Public,High,65
1715,69,19,84,2,4,2.04,7,7,7,6,21,5.1,Medium,Near,Yes,Medium,Male,High,Yes,No,Medium,High School,Medium,Neutral,Single,Public,Medium,66
1716,70,22,81,3,2,0.8800000000000001,7,4,4,8,20,2.2,Medium,Moderate,Yes,Medium,Female,Medium,Yes,No,Low,Postgraduate,High,Neutral,Single,Public,Medium,68
1717,80,21,78,1,4,0.5900000000000001,4,7,7,6,24,5.9,High,Near,Yes,Medium,Female,High,Yes,No,Medium,High School,Medium,Neutral,Single,Private,High,69
1718,73,24,70,0,3,2.16,7,8,8,6,21,5.4,Medium,Near,Yes,High,Female,Medium,Yes,No,Medium,Postgraduate,High,Negative,In Relationship,Public,Medium,68
1719,67,17,54,0,2,1.72,5,6,6,7,22,4.3,High,Moderate,Yes,Low,Male,Medium,Yes,No,Medium,High School,Medium,Negative,In Relationship,Public,Medium,61
1720,71,23,81,3,2,0.48,8,7,7,5,19,4.8,Low,Near,Yes,Medium,Male,Medium,Yes,No,Medium,High School,High,Positive,Complicated,Private,High,68
1721,61,18,71,3,3,2.7600000000000002,5,9,9,4,19,6.9,Low,Near,Yes,High,Male,Medium,Yes,No,Low,College,High,Neutral,Single,Private,High,64
1722,88,24,71,1,3,0.25,7,4,4,8,23,2.5,Low,Moderate,Yes,Low,Male,Medium,No,No,Low,College,Medium,Neutral,Single,Public,High,67
1723,80,24,62,3,3,1.16,9,4,4,8,19,2.9,High,Moderate,Yes,High,Male,Medium,Yes,No,High,High School,Low,Neutral,Single,Public,Low,68
1724,64,14,62,1,4,0.33,8,4,4,8,22,3.3,High,Moderate,No,Medium,Male,High,Yes,Yes,Low,High School,Medium,Positive,In Relationship,Public,High,61
1725,67,27,89,1,3,1.8399999999999999,8,8,8,6,21,4.6,Low,Near,No,Low,Female,Medium,Yes,No,Low,Postgraduate,High,Positive,In Relationship,Public,Low,66
1726,64,17,74,2,2,0.45999999999999996,7,5,5,7,21,4.6,Low,Near,Yes,Medium,Female,Medium,Yes,No,Low,Postgraduate,High,Positive,In Relationship,Public,Low,64
1727,85,25,55,3,3,0.26,5,4,4,8,23,2.6,Medium,Moderate,No,High,Female,Medium,Yes,No,Low,High School,Low,Negative,Single,Public,Medium,67
1728,64,22,52,2,4,1.32,6,4,4,8,19,3.3,High,Moderate,No,High,Female,High,Yes,No,Low,College,Medium,Negative,Single,Private,Medium,64
1729,90,31,61,0,3,1.7600000000000002,7,7,7,6,19,4.4,High,Near,No,Low,Male,Medium,Yes,No,Low,High School,High,Positive,Single,Public,Medium,72
1730,61,19,74,2,3,2.64,7,8,8,5,24,6.6,Medium,Far,No,High,Male,Medium,Yes,No,Low,Postgraduate,Medium,Negative,Single,Public,Medium,62
1731,70,18,81,2,2,0.27,5,4,4,8,23,2.7,Medium,Far,Yes,Low,Female,Medium,Yes,No,Low,High School,High,Negative,Complicated,Private,Medium,63
1732,96,20,57,1,4,1.72,8,5,5,7,23,4.3,High,Near,No,Low,Male,High,Yes,No,Low,High School,High,Neutral,In Relationship,Private,Medium,70
1733,89,18,72,3,3,1.4000000000000001,5,6,6,7,20,3.5,Medium,Moderate,No,Medium,Male,Medium,Yes,No,Low,College,High,Positive,Single,Public,Medium,69
1734,63,25,54,3,2,0.43,9,5,5,7,23,4.3,Medium,Near,Yes,Medium,Male,Medium,Yes,No,Medium,High School,Low,Positive,In Relationship,Public,Low,64
1735,93,10,52,2,3,1.8800000000000001,7,7,7,6,21,4.7,Medium,Near,No,Medium,Male,Medium,Yes,No,Medium,Postgraduate,Low,Positive,Single,Public,Medium,66
1736,80,14,93,3,4,1.8,8,7,7,6,21,4.5,Medium,Near,Yes,Low,Female,High,Yes,No,Medium,High School,Low,Positive,Complicated,Private,High,67
1737,94,14,83,4,5,1.8800000000000001,8,7,7,6,19,4.7,High,Near,Yes,Medium,Female,High,Yes,Yes,Medium,Postgraduate,High,Negative,Complicated,Public,Low,71
1738,84,26,89,0,1,0.45,10,5,5,7,23,4.5,High,Far,Yes,Low,Female,Low,Yes,No,Medium,High School,Medium,Positive,In Relationship,Private,High,70
1739,87,30,59,2,3,2.5600000000000005,7,8,8,5,21,6.4,Medium,Moderate,No,Medium,Male,Medium,Yes,No,Medium,High School,Low,Neutral,Single,Public,Medium,69
1740,100,19,66,0,3,2.16,6,7,7,5,21,5.4,Low,Moderate,No,Low,Male,Medium,Yes,No,High,High School,Medium,Neutral,Single,Public,Medium,68
1741,69,19,72,1,1,0.21000000000000002,6,3,3,8,22,2.1,High,Near,Yes,Low,Female,Low,No,No,Medium,College,Medium,Neutral,Single,Public,Medium,64
1742,85,20,83,3,3,0.38,9,3,3,8,19,3.8,Medium,Near,Yes,Medium,Male,Medium,Yes,Yes,Low,College,High,Positive,Single,Public,Medium,70
1743,78,27,77,0,3,1.7600000000000002,5,5,5,7,20,4.4,Low,Near,Yes,Medium,Male,Medium,Yes,No,Medium,Postgraduate,High,Neutral,In Relationship,Private,Low,69
1744,62,14,78,0,2,1.92,6,5,5,8,19,4.8,Medium,Near,Yes,High,Female,Medium,Yes,No,Medium,College,Medium,Positive,Single,Public,Medium,63
1745,61,21,58,1,3,0.63,7,8,8,5,23,6.3,Medium,Near,No,Medium,Female,Medium,Yes,No,Medium,High School,Low,Negative,Single,Public,Low,60
1746,65,26,74,2,4,0.47000000000000003,7,7,7,6,20,4.7,Low,Near,No,Low,Female,High,Yes,No,Medium,High School,High,Negative,In Relationship,Public,Medium,65
1747,86,23,91,0,0,1.6800000000000002,8,7,7,5,21,4.2,Medium,Near,No,Low,Male,Low,Yes,No,Medium,High School,Medium,Negative,In Relationship,Public,Medium,67
1748,83,21,75,1,4,2.16,5,8,8,6,21,5.4,Low,Near,No,Medium,Male,High,Yes,No,Low,College,Medium,Negative,In Relationship,Public,Medium,66
1749,82,26,60,3,3,2.32,7,9,9,5,18,5.8,High,Near,No,Low,Female,Medium,No,No,Medium,Postgraduate,Low,Neutral,Single,Public,Medium,68
1750,61,4,71,0,1,0.55,7,7,7,6,24,5.5,High,Near,Yes,Low,Male,Low,Yes,No,High,Postgraduate,Low,Positive,In Relationship,Public,Low,58
1751,79,24,88,0,3,1.8399999999999999,5,5,5,8,21,4.6,High,Moderate,Yes,Medium,Female,Medium,Yes,No,Medium,High School,Low,Neutral,In Relationship,Public,Medium,67
1752,97,16,57,0,4,1.56,8,5,5,7,19,3.9,Medium,Near,Yes,Medium,Male,High,Yes,Yes,Low,High School,Medium,Positive,Single,Public,Medium,68
1753,76,9,79,1,3,1.92,7,7,7,6,19,4.8,Medium,Near,Yes,Low,Female,Medium,Yes,No,Medium,High School,Medium,Neutral,In Relationship,Public,Medium,62
1754,85,23,98,2,3,0.66,7,7,7,6,22,6.6,High,Moderate,No,Low,Female,Medium,No,No,High,Postgraduate,Low,Negative,Single,Public,Medium,69
1755,91,28,69,1,4,0.27999999999999997,6,3,3,8,19,2.8,High,Far,Yes,Medium,Male,High,Yes,No,High,High School,Medium,Neutral,Single,Private,High,73
1756,91,19,52,2,4,2.84,6,9,9,4,19,7.1,Low,Moderate,No,Low,Male,High,Yes,Yes,Medium,High School,High,Negative,Single,Public,Medium,66
1757,81,26,82,0,5,0.5700000000000001,5,7,7,6,22,5.7,Medium,Near,Yes,Medium,Female,High,Yes,Yes,Medium,Postgraduate,Low,Negative,In Relationship,Public,Medium,67
1758,94,30,52,1,4,1.6,8,5,5,7,18,4,Medium,Near,No,Medium,Female,High,Yes,No,Medium,High School,Medium,Neutral,Single,Public,Low,71
1759,76,28,60,1,2,1.9600000000000002,9,7,7,6,19,4.9,Medium,Far,Yes,Low,Male,Medium,Yes,No,Medium,High School,Medium,Neutral,Complicated,Public,Medium,66
1760,96,30,52,0,4,1.6800000000000002,10,5,5,7,20,4.2,Medium,Moderate,Yes,High,Female,High,Yes,No,Medium,College,High,Positive,In Relationship,Public,High,74
1761,70,24,59,2,5,1.8,8,5,5,8,20,4.5,High,Near,No,Low,Male,High,Yes,No,Low,High School,Medium,Positive,Single,Public,High,67
1762,71,20,93,2,2,1.8399999999999999,6,7,7,6,22,4.6,Medium,Near,No,Medium,Male,Medium,Yes,No,High,Postgraduate,High,Negative,Single,Public,High,68
1763,62,10,87,2,3,1.32,6,4,4,8,19,3.3,Medium,Near,No,Low,Male,Medium,Yes,No,High,High School,Medium,Neutral,Single,Public,High,61
1764,92,19,67,2,2,1.9600000000000002,8,7,7,6,21,4.9,High,Near,No,Medium,Female,Medium,Yes,No,Medium,High School,Medium,Negative,Single,Private,Medium,69
1765,77,15,95,4,4,1.52,7,4,4,8,22,3.8,Medium,Moderate,Yes,Low,Male,High,Yes,No,Low,High School,Low,Positive,Single,Public,Medium,65
1766,69,33,83,2,2,0.65,7,8,8,5,23,6.5,High,Near,Yes,Medium,Male,Medium,Yes,No,Medium,Postgraduate,Medium,Neutral,Single,Public,Low,71
1767,69,19,72,1,2,0.45999999999999996,7,7,7,6,21,4.6,Low,Far,No,Low,Female,Medium,Yes,No,Medium,High School,Medium,Positive,In Relationship,Public,Low,61
1768,96,21,53,0,3,0.27,9,4,4,8,22,2.7,High,Near,Yes,Low,Male,Medium,Yes,No,Medium,College,Medium,Neutral,In Relationship,Public,High,70
1769,93,23,87,2,3,0.45999999999999996,6,7,7,6,21,4.6,Low,Moderate,No,Medium,Male,Medium,Yes,No,Medium,High School,Medium,Neutral,In Relationship,Private,Medium,70
1770,82,20,69,1,3,2.44,9,8,8,5,20,6.1,High,Near,Yes,Medium,Male,Medium,Yes,No,Low,College,Medium,Positive,Single,Public,Medium,69
1771,85,30,65,2,3,0.49000000000000005,7,6,6,6,20,4.9,Low,Near,Yes,Low,Female,Medium,Yes,No,High,High School,High,Negative,Single,Public,Medium,70
1772,79,16,64,4,4,1.72,6,6,6,7,20,4.3,Medium,Near,Yes,Low,Male,High,Yes,Yes,Medium,College,High,Positive,Single,Public,Low,67
1773,76,21,50,2,4,0.15000000000000002,6,2,2,9,23,1.5,Medium,Moderate,No,Low,Female,High,Yes,No,Low,Postgraduate,Low,Negative,Single,Public,Medium,63
1774,97,16,87,1,3,1.2800000000000002,7,5,5,7,20,3.2,Medium,Near,No,High,Female,Medium,Yes,No,Medium,High School,Medium,Neutral,In Relationship,Public,Medium,70
1775,65,12,57,1,5,0.27,8,4,4,8,22,2.7,Medium,Near,No,High,Female,High,Yes,Yes,Medium,High School,Medium,Positive,In Relationship,Private,High,61
1776,77,16,76,1,1,1.8800000000000001,6,8,8,6,22,4.7,High,Moderate,Yes,Low,Female,Low,Yes,No,Low,Postgraduate,Low,Neutral,In Relationship,Public,Medium,64
1777,74,20,51,2,3,1.8800000000000001,8,7,7,6,21,4.7,Medium,Near,Yes,Medium,Male,Medium,Yes,No,High,College,Medium,Negative,Single,Public,Medium,65
1778,80,17,81,1,1,1.9600000000000002,6,8,8,5,21,4.9,Medium,Far,No,Medium,Male,Low,Yes,No,Medium,College,Medium,Neutral,In Relationship,Public,High,65
1779,78,16,68,3,3,0.25,7,4,4,8,23,2.5,Low,Far,Yes,Low,Female,Medium,Yes,No,High,Postgraduate,Medium,Positive,In Relationship,Private,High,66
1780,81,12,82,1,3,1.8,5,7,7,6,21,4.5,High,Far,Yes,Medium,Female,Medium,Yes,No,Low,High School,High,Positive,Single,Public,High,66
1781,66,20,54,2,2,2.08,8,7,7,6,20,5.2,Medium,Near,Yes,Medium,Male,Medium,Yes,No,Medium,Postgraduate,Low,Positive,Single,Public,Low,63
1782,81,11,63,3,2,2.2800000000000002,7,7,7,6,19,5.7,High,Near,Yes,Medium,Male,Medium,Yes,No,Medium,Postgraduate,Low,Neutral,Single,Public,Medium,66
1783,70,25,56,0,1,0.6200000000000001,9,8,8,5,22,6.2,Medium,Far,Yes,Low,Male,Low,Yes,No,High,High School,Medium,Positive,Single,Public,Medium,64
1784,67,20,82,3,4,2.6,8,9,9,5,18,6.5,Low,Near,No,Low,Male,High,Yes,Yes,Medium,High School,High,Neutral,Single,Public,High,65
1785,63,11,55,3,1,2.2,7,8,8,6,20,5.5,Medium,Near,No,High,Male,Low,Yes,No,Low,Postgraduate,High,Positive,In Relationship,Private,Medium,62
1786,91,18,81,4,5,2.12,9,8,8,5,19,5.3,High,Moderate,Yes,High,Male,High,Yes,No,High,High School,Low,Neutral,In Relationship,Public,Medium,71
1787,77,15,57,1,2,0.45,8,6,6,7,22,4.5,Medium,Near,Yes,Low,Male,Medium,Yes,No,Low,College,Medium,Neutral,In Relationship,Public,Medium,63
1788,85,22,97,0,3,2.72,9,8,8,5,19,6.8,High,Moderate,No,Medium,Male,Medium,Yes,No,High,College,Medium,Negative,In Relationship,Public,High,70
1789,89,28,71,2,4,2.7600000000000002,6,9,9,4,19,6.9,Low,Moderate,Yes,Low,Male,High,Yes,No,Low,College,Medium,Neutral,Single,Private,Medium,70
1790,87,9,56,1,3,0.51,8,6,6,6,20,5.1,Medium,Moderate,No,Medium,Female,Medium,Yes,No,Medium,College,Medium,Positive,In Relationship,Public,High,65
1791,79,21,52,1,3,1.8399999999999999,8,5,5,8,21,4.6,High,Near,Yes,Low,Female,Medium,Yes,Yes,Medium,High School,High,Neutral,In Relationship,Public,Medium,66
1792,76,19,66,2,4,1.8,5,8,8,5,19,4.5,Low,Near,Yes,Medium,Female,High,Yes,No,Medium,College,Medium,Positive,Single,Private,Medium,66
1793,75,24,95,0,2,2.84,9,8,8,5,20,7.1,Low,Near,No,Medium,Male,Medium,Yes,No,High,College,Medium,Positive,In Relationship,Public,High,68
1794,86,21,57,1,3,2.08,5,7,7,6,22,5.2,High,Near,No,Low,Male,Medium,Yes,No,Medium,High School,High,Negative,Single,Private,Medium,68
1795,80,15,90,4,3,2.68,5,9,9,4,21,6.7,Medium,Near,Yes,Medium,Female,Medium,Yes,No,Medium,High School,High,Neutral,Single,Private,High,69
1796,94,18,71,3,3,2.2399999999999998,4,7,7,6,24,5.6,Medium,Near,Yes,High,Female,Medium,Yes,No,Medium,College,Medium,Positive,Single,Public,Low,71
1797,95,15,90,2,1,2.8000000000000003,8,9,9,4,19,7,Medium,Near,Yes,Low,Male,Low,Yes,No,Low,Postgraduate,Medium,Negative,In Relationship,Private,Medium,69
1798,67,26,94,0,2,2.64,5,8,8,5,20,6.6,High,Near,Yes,Medium,Male,Medium,Yes,No,Medium,College,Medium,Positive,Single,Public,Medium,68
1799,65,20,100,2,5,0.35000000000000003,6,4,4,8,22,3.5,High,Moderate,Yes,Low,Male,High,Yes,No,Medium,High School,Medium,Neutral,In Relationship,Public,High,67
1800,85,31,53,2,3,0.43,8,6,6,6,20,4.3,Medium,Near,No,Low,Male,Medium,Yes,No,Medium,High School,High,Positive,In Relationship,Public,High,72
1801,72,20,90,2,3,2.2399999999999998,7,7,7,6,24,5.6,Medium,Near,Yes,Medium,Male,Medium,Yes,No,High,High School,High,Neutral,In Relationship,Public,Medium,68
1802,61,16,53,0,4,0.54,6,7,7,6,24,5.4,Medium,Moderate,Yes,High,Female,High,Yes,Yes,Low,High School,High,Positive,In Relationship,Public,Medium,60
1803,96,11,66,2,4,0.7200000000000001,5,8,8,5,19,7.2,High,Moderate,No,Low,Male,High,Yes,No,High,High School,Medium,Neutral,In Relationship,Public,Medium,68
1804,69,9,82,1,2,0.37000000000000005,7,4,4,8,22,3.7,Medium,Near,Yes,High,Female,Medium,Yes,No,High,High School,High,Positive,In Relationship,Public,High,65
1805,97,10,72,0,3,1.2800000000000002,8,4,4,8,22,3.2,High,Moderate,No,Low,Female,Medium,Yes,No,High,Postgraduate,Low,Neutral,Single,Public,Medium,67
1806,89,22,78,4,3,1.8399999999999999,8,7,7,6,19,4.6,Medium,Near,No,High,Female,Medium,Yes,No,Low,High School,Low,Positive,Complicated,Private,Medium,70
1807,91,23,98,0,3,0.45999999999999996,10,5,5,7,24,4.6,Low,Near,Yes,Low,Female,Medium,Yes,No,High,High School,Medium,Negative,In Relationship,Private,High,70
1808,68,11,91,3,2,1.8800000000000001,6,7,7,6,19,4.7,Medium,Far,No,Low,Female,Medium,Yes,No,Low,College,Medium,Negative,In Relationship,Public,High,61
1809,69,25,68,2,4,1.08,5,4,4,8,19,2.7,Low,Far,Yes,High,Male,High,Yes,No,Medium,College,High,Positive,Single,Public,High,68
1810,81,17,80,1,3,0.37000000000000005,7,6,6,7,21,3.7,High,Near,No,Low,Female,Medium,Yes,No,High,Postgraduate,Medium,Negative,Single,Public,Medium,67
1811,67,21,52,3,3,0.44000000000000006,7,5,5,7,20,4.4,High,Moderate,No,Low,Female,Medium,Yes,Yes,Medium,High School,Medium,Negative,Single,Public,Medium,62
1812,72,30,73,0,4,1.8399999999999999,7,6,6,7,19,4.6,Low,Moderate,No,High,Male,High,Yes,No,Medium,High School,Medium,Neutral,Single,Public,Medium,66
1813,73,25,80,3,2,0.39,6,4,4,8,22,3.9,Medium,Far,Yes,High,Female,Medium,Yes,No,Medium,High School,High,Positive,In Relationship,Public,Medium,69
1814,66,18,86,2,4,1.64,4,8,8,5,19,4.1,High,Near,Yes,Medium,Female,High,Yes,No,Medium,College,Medium,Negative,Single,Public,Medium,66
1815,68,15,95,0,5,2.2800000000000002,5,8,8,5,20,5.7,Medium,Near,Yes,High,Female,High,Yes,No,Medium,College,Medium,Negative,Single,Public,Medium,64
1816,92,7,64,1,4,0.66,8,8,8,5,22,6.6,Medium,Near,No,Low,Male,High,Yes,No,High,Postgraduate,High,Neutral,In Relationship,Public,Low,66
1817,67,16,95,2,5,0.5599999999999999,7,7,7,6,22,5.6,Medium,Near,No,Medium,Male,High,Yes,Yes,Low,High School,Medium,Neutral,Single,Public,Medium,63
1818,61,19,83,1,3,0.6200000000000001,8,8,8,5,22,6.2,High,Near,Yes,Medium,Male,Medium,Yes,No,Low,High School,Low,Negative,In Relationship,Private,Medium,62
1819,85,14,54,1,4,0.34,8,4,4,8,21,3.4,Medium,Moderate,Yes,High,Male,High,Yes,No,Low,Postgraduate,Medium,Negative,In Relationship,Private,Medium,65
1820,99,19,69,0,2,0.42000000000000004,8,5,5,7,22,4.2,High,Moderate,No,High,Male,Medium,Yes,No,Low,High School,Low,Negative,In Relationship,Private,Medium,68
1821,73,20,74,1,4,1.4400000000000002,8,5,5,8,20,3.6,High,Moderate,Yes,Low,Male,High,Yes,No,Low,High School,High,Negative,In Relationship,Private,Low,65
1822,65,19,68,1,4,0.39,7,5,5,7,21,3.9,High,Near,Yes,Low,Female,High,Yes,No,Low,College,Medium,Neutral,In Relationship,Public,Low,63
1823,83,16,56,3,2,1.7600000000000002,7,5,5,7,20,4.4,High,Near,Yes,Medium,Male,Medium,Yes,No,Medium,High School,High,Negative,In Relationship,Public,Medium,68
1824,96,21,78,2,2,0.71,4,9,9,4,21,7.1,High,Near,Yes,High,Male,Medium,Yes,No,Low,High School,Medium,Positive,Single,Private,Medium,72
1825,91,23,57,2,3,2.72,6,9,9,4,22,6.8,Low,Near,No,Low,Male,Medium,Yes,No,Medium,High School,High,Positive,Single,Private,Medium,69
1826,85,13,96,1,5,1.7600000000000002,6,7,7,6,22,4.4,Medium,Far,No,Low,Male,High,Yes,No,Low,Postgraduate,Low,Positive,Single,Public,High,66
1827,73,28,93,2,3,2.2399999999999998,7,8,8,5,21,5.6,Low,Near,Yes,Low,Male,Medium,Yes,No,High,College,Low,Neutral,In Relationship,Private,High,68
1828,82,19,74,1,2,0.6000000000000001,6,8,8,5,21,6,Low,Moderate,No,Medium,Male,Medium,Yes,No,Medium,High School,Low,Neutral,In Relationship,Public,High,64
1829,64,20,53,1,2,0.44000000000000006,8,5,5,7,22,4.4,Low,Near,Yes,Low,Male,Medium,Yes,No,Low,High School,Medium,Positive,In Relationship,Public,Medium,61
1830,87,24,78,0,2,0.65,6,8,8,5,22,6.5,Medium,Near,No,Low,Male,Medium,Yes,Yes,High,Postgraduate,Low,Neutral,Single,Public,Low,67
1831,89,21,80,0,3,1.52,9,4,4,8,20,3.8,Low,Moderate,Yes,Medium,Male,Medium,Yes,No,Medium,Postgraduate,Medium,Neutral,Single,Public,Low,68
1832,99,26,94,2,3,0.65,6,7,7,6,21,6.5,Medium,Near,No,Medium,Male,Medium,Yes,No,High,High School,Medium,Positive,Single,Public,Medium,74
1833,70,22,53,3,2,0.42000000000000004,6,5,5,7,20,4.2,High,Near,Yes,Medium,Female,Medium,Yes,No,Medium,High School,Medium,Positive,In Relationship,Public,High,67
1834,61,16,85,2,3,1.8800000000000001,6,7,7,6,20,4.7,High,Near,Yes,Medium,Male,Medium,Yes,No,Medium,High School,Medium,Positive,Single,Private,Medium,64
1835,82,22,78,3,3,0.49000000000000005,6,6,6,7,21,4.9,High,Moderate,No,Medium,Male,Medium,Yes,No,Medium,High School,Low,Neutral,In Relationship,Public,High,69
1836,88,13,59,0,3,2.2800000000000002,9,7,7,6,21,5.7,Medium,Far,Yes,Low,Female,Medium,Yes,Yes,Medium,High School,High,Negative,Single,Private,Medium,63
1837,92,21,56,0,4,2.44,7,8,8,5,24,6.1,Medium,Moderate,No,Low,Female,High,Yes,No,Medium,High School,Medium,Neutral,Single,Private,Medium,67
1838,68,20,85,1,3,0.43,7,5,5,7,22,4.3,Medium,Far,Yes,Medium,Male,Medium,Yes,No,Medium,College,High,Neutral,In Relationship,Public,Medium,65
1839,70,19,67,5,4,0.45999999999999996,6,5,5,7,24,4.6,Medium,Moderate,Yes,Medium,Female,High,Yes,No,Medium,Postgraduate,Medium,Positive,In Relationship,Public,Low,67
1840,81,19,100,1,5,2.72,7,9,9,4,19,6.8,Medium,Moderate,No,Low,Female,High,Yes,No,Medium,Postgraduate,High,Negative,Single,Private,Medium,68
1841,73,9,95,3,3,1.8399999999999999,7,6,6,7,21,4.6,Low,Near,Yes,Low,Male,Medium,No,No,Medium,Postgraduate,Medium,Negative,Single,Private,Medium,62
1842,94,17,78,1,3,0.4,7,5,5,7,22,4,Medium,Near,Yes,Low,Female,Medium,Yes,No,Medium,College,High,Neutral,In Relationship,Public,High,70
1843,79,21,82,1,3,2.12,7,8,8,5,18,5.3,High,Near,Yes,High,Female,Medium,Yes,No,Medium,High School,Low,Negative,Single,Public,Medium,67
1844,92,21,58,2,5,1.8800000000000001,9,6,6,7,22,4.7,High,Moderate,Yes,High,Female,High,Yes,No,Medium,High School,High,Neutral,Single,Public,Medium,89
1845,83,14,95,1,2,2.16,7,8,8,5,21,5.4,Medium,Near,Yes,Low,Female,Medium,Yes,Yes,Low,High School,High,Neutral,In Relationship,Private,Medium,65
1846,91,28,73,2,2,0.71,5,7,7,6,21,7.1,Medium,Near,Yes,Medium,Female,Medium,No,No,Medium,High School,Low,Neutral,Single,Public,Medium,69
1847,73,15,76,2,4,0.51,7,5,5,7,22,5.1,Medium,Far,No,Low,Female,High,Yes,No,High,High School,Medium,Positive,In Relationship,Public,Medium,64
1848,93,26,94,6,4,2.04,6,8,8,5,21,5.1,Low,Near,No,High,Female,High,Yes,No,Medium,High School,High,Negative,In Relationship,Private,Medium,74
1849,71,23,50,0,2,0.5700000000000001,8,7,7,6,21,5.7,High,Far,No,High,Female,Medium,Yes,No,Medium,High School,Medium,Positive,Single,Public,Medium,64
1850,82,16,75,0,2,0.5900000000000001,7,8,8,5,21,5.9,High,Moderate,No,Low,Female,Medium,Yes,No,Medium,Postgraduate,Low,Negative,In Relationship,Public,Medium,64
1851,69,31,81,2,2,0.21000000000000002,9,3,3,8,22,2.1,Low,Near,Yes,Medium,Male,Medium,Yes,No,Medium,College,Medium,Negative,Single,Private,Medium,67
1852,79,13,58,2,4,1.36,6,4,4,8,20,3.4,Low,Moderate,Yes,Medium,Male,High,Yes,No,High,College,Low,Positive,Single,Public,Medium,63
1853,73,26,53,3,5,2.72,7,9,9,4,19,6.8,Medium,Moderate,Yes,Medium,Female,High,Yes,No,Low,High School,High,Neutral,In Relationship,Private,High,68
1854,71,26,77,0,5,1.32,5,4,4,8,19,3.3,Medium,Near,Yes,Medium,Male,High,Yes,No,Low,Postgraduate,Low,Neutral,Single,Public,Medium,66
1855,99,16,77,0,3,0.45999999999999996,7,7,7,6,21,4.6,High,Moderate,Yes,Low,Female,Medium,Yes,Yes,High,High School,Low,Neutral,In Relationship,Public,Medium,68
1856,66,28,67,1,1,0.45,5,5,5,7,21,4.5,High,Moderate,No,High,Female,Low,Yes,No,Medium,Postgraduate,Medium,Positive,In Relationship,Private,Medium,68
1857,91,18,94,3,2,1.8399999999999999,7,7,7,6,19,4.6,Medium,Near,No,Low,Female,Medium,Yes,No,Medium,High School,Medium,Neutral,Single,Private,Medium,69
1858,99,22,65,3,3,0.45999999999999996,7,5,5,7,22,4.6,Low,Near,No,Low,Female,Medium,Yes,No,Medium,Postgraduate,High,Neutral,In Relationship,Public,Low,71
1859,61,22,76,1,3,2.6,7,9,9,5,18,6.5,High,Near,Yes,High,Female,Medium,Yes,No,Medium,College,Low,Positive,Single,Public,Medium,65
1860,88,19,59,2,4,1.8800000000000001,8,6,6,7,22,4.7,Medium,Near,Yes,Medium,Male,High,Yes,No,Medium,High School,Low,Neutral,In Relationship,Private,Medium,67
1861,70,25,51,1,4,0.47000000000000003,7,5,5,7,20,4.7,Medium,Near,No,High,Female,High,Yes,No,Medium,College,Medium,Negative,In Relationship,Public,Medium,65
1862,62,25,71,0,4,0.27,5,4,4,8,22,2.7,Medium,Moderate,No,Low,Male,High,Yes,No,Medium,High School,High,Positive,In Relationship,Private,High,65
1863,76,10,76,1,2,2.2399999999999998,6,7,7,6,21,5.6,Low,Near,No,High,Male,Medium,Yes,No,Medium,Postgraduate,Medium,Negative,In Relationship,Public,High,80
1864,97,28,88,2,2,0.51,7,7,7,6,22,5.1,Medium,Moderate,Yes,Medium,Male,Medium,Yes,No,High,High School,Medium,Neutral,Single,Public,Medium,74
1865,60,10,72,3,3,1.7600000000000002,7,7,7,6,20,4.4,Medium,Near,No,Medium,Male,Medium,No,No,Low,High School,Medium,Positive,In Relationship,Public,Low,59
1866,84,26,64,2,3,1.92,7,7,7,6,21,4.8,Medium,Near,No,High,Male,Medium,Yes,No,Low,High School,Medium,Neutral,Single,Public,High,69
1867,80,27,80,0,2,2.2,9,8,8,6,20,5.5,Low,Moderate,Yes,High,Male,Medium,Yes,Yes,Medium,High School,Medium,Neutral,Single,Public,Medium,66
1868,95,13,69,1,2,2.8000000000000003,7,9,9,4,19,7,Medium,Moderate,Yes,Low,Female,Medium,Yes,Yes,Medium,Postgraduate,Medium,Positive,In Relationship,Public,Low,66
1869,63,18,62,2,4,2.64,8,9,9,4,19,6.6,High,Near,No,High,Female,High,Yes,No,Medium,High School,High,Positive,In Relationship,Public,Medium,65
1870,87,13,96,3,3,1.32,4,5,5,7,19,3.3,Medium,Near,Yes,Low,Male,Medium,Yes,Yes,Low,College,High,Neutral,In Relationship,Public,Low,67
1871,87,19,77,3,4,0.68,8,8,8,5,22,6.8,High,Moderate,No,Low,Male,High,Yes,No,Low,High School,High,Neutral,In Relationship,Private,Medium,69
1872,87,18,60,2,3,1.6,10,7,7,6,22,4,Low,Near,Yes,Medium,Female,Medium,Yes,No,High,High School,Medium,Positive,Single,Public,Medium,68
1873,98,25,84,1,2,0.7200000000000001,9,9,9,4,22,7.2,Medium,Near,Yes,Medium,Female,Medium,Yes,No,Medium,Postgraduate,Medium,Neutral,Single,Private,High,73
1874,93,28,90,1,2,2.7600000000000002,6,9,9,4,19,6.9,High,Near,Yes,Low,Female,Medium,Yes,Yes,Medium,High School,Low,Positive,Single,Public,Medium,71
1875,62,28,88,0,2,1.64,10,5,5,7,20,4.1,Medium,Moderate,Yes,Low,Male,Medium,Yes,Yes,Medium,Postgraduate,High,Positive,Single,Public,High,67
1876,79,17,80,1,3,1.72,7,5,5,7,20,4.3,Medium,Near,Yes,High,Female,Medium,Yes,No,Low,College,Medium,Positive,Single,Public,High,67
1877,76,19,76,0,2,1.2800000000000002,7,4,4,8,20,3.2,Low,Near,No,High,Male,Medium,Yes,No,Medium,Postgraduate,High,Neutral,Single,Public,High,66
1878,72,10,89,3,4,1.32,7,4,4,7,21,3.3,Low,Near,No,Medium,Female,High,Yes,No,Medium,College,Medium,Negative,In Relationship,Public,Medium,63
1879,78,15,85,1,1,1.8800000000000001,7,5,5,7,19,4.7,High,Far,No,High,Male,Low,No,No,Medium,High School,High,Negative,In Relationship,Public,Medium,65
1880,75,26,79,2,1,0.52,4,7,7,6,21,5.2,Low,Near,Yes,High,Male,Low,Yes,No,Medium,College,Medium,Negative,In Relationship,Public,Medium,67
1881,77,30,83,1,3,0.43,8,5,5,7,23,4.3,Low,Near,Yes,Low,Male,Medium,Yes,No,Medium,College,Medium,Positive,In Relationship,Public,Low,69
1882,99,13,58,1,2,2.52,7,8,8,5,22,6.3,Medium,Near,Yes,Low,Male,Medium,Yes,No,Medium,High School,Medium,Neutral,Single,Public,Medium,67
1883,64,16,51,4,3,1.92,7,7,7,6,19,4.8,Medium,Near,Yes,High,Male,Medium,Yes,No,High,College,High,Neutral,Single,Public,High,66
1884,97,20,97,2,4,0.34,7,3,3,8,19,3.4,High,Moderate,Yes,Medium,Female,High,Yes,No,Low,High School,High,Neutral,Single,Private,High,74
1885,79,22,97,2,2,0.55,6,7,7,6,22,5.5,Medium,Moderate,No,High,Female,Medium,No,No,Medium,College,High,Positive,Single,Public,Medium,69
1886,85,15,89,0,4,0.42000000000000004,7,5,5,7,22,4.2,Medium,Moderate,Yes,Medium,Female,High,Yes,No,High,College,Low,Negative,Single,Public,Medium,66
1887,93,23,69,0,3,0.61,9,8,8,5,20,6.1,Low,Moderate,Yes,Medium,Male,Medium,Yes,Yes,Low,Postgraduate,High,Positive,Single,Private,Medium,69
1888,74,17,58,1,2,1.4800000000000002,8,4,4,8,19,3.7,Medium,Far,Yes,High,Male,Medium,Yes,No,Low,College,Medium,Neutral,Single,Public,Medium,63
1889,77,20,68,0,3,0.27,7,3,3,8,19,2.7,Low,Near,Yes,Medium,Female,Medium,No,No,Medium,College,Medium,Positive,Single,Private,High,65
1890,76,23,86,1,4,2.72,7,8,8,5,24,6.8,Medium,Far,No,Low,Male,High,No,No,Low,College,Low,Positive,Single,Private,Medium,64
1891,75,20,67,0,4,0.41,7,5,5,7,22,4.1,Medium,Near,No,Medium,Male,High,Yes,No,High,High School,Low,Neutral,In Relationship,Private,Medium,64
1892,97,17,90,2,2,0.5900000000000001,6,7,7,6,20,5.9,High,Moderate,Yes,Medium,Male,Medium,Yes,No,Low,High School,Low,Negative,Single,Public,Low,69
1893,93,19,84,5,3,1.52,7,6,6,7,21,3.8,High,Near,No,Low,Female,Medium,Yes,No,Medium,High School,High,Negative,Single,Public,High,73
1894,64,19,81,1,3,0.42000000000000004,8,4,4,8,19,4.2,Medium,Moderate,Yes,Medium,Male,Medium,Yes,Yes,High,High School,Medium,Negative,Single,Public,Medium,62
1895,64,18,97,2,4,0.45999999999999996,7,6,6,7,22,4.6,Low,Near,Yes,Medium,Male,High,Yes,No,Low,College,Low,Neutral,In Relationship,Private,Low,62
1896,77,18,95,0,2,0.51,6,5,5,7,19,5.1,Medium,Moderate,Yes,Medium,Female,Medium,Yes,No,High,Postgraduate,Medium,Positive,Single,Private,High,68
1897,64,30,86,1,3,0.27999999999999997,7,3,3,8,19,2.8,Medium,Far,No,Medium,Female,Medium,Yes,No,Low,Postgraduate,Medium,Positive,Single,Private,Medium,66
1898,85,23,60,2,1,3.4000000000000004,8,9,9,5,19,8.5,High,Moderate,Yes,Medium,Female,Low,Yes,Yes,High,College,Low,Positive,In Relationship,Public,Medium,68
1899,66,18,97,4,4,0.6200000000000001,5,8,8,5,21,6.2,High,Moderate,Yes,Medium,Male,High,Yes,No,Medium,High School,Low,Neutral,Single,Public,Medium,66
1900,81,24,61,3,3,0.6000000000000001,6,7,7,6,22,6,Medium,Near,Yes,Medium,Male,Medium,Yes,No,Low,Postgraduate,Low,Positive,Single,Public,Medium,69
1901,60,18,69,0,2,1.6800000000000002,5,8,8,5,20,4.2,Medium,Near,Yes,Medium,Female,Medium,Yes,No,Medium,Postgraduate,Medium,Neutral,In Relationship,Public,Medium,62
1902,73,27,91,2,4,2.8800000000000003,7,9,9,5,20,7.2,Medium,Far,No,High,Female,High,Yes,No,Medium,College,Low,Neutral,In Relationship,Public,Medium,68
1903,87,22,60,2,2,2.52,8,8,8,5,21,6.3,Medium,Moderate,No,Medium,Male,Medium,Yes,No,Low,College,Medium,Negative,Single,Public,High,67
1904,79,19,82,1,4,0.49000000000000005,9,6,6,6,20,4.9,Medium,Near,No,Low,Male,High,Yes,No,Medium,High School,Low,Neutral,Single,Private,Medium,65
1905,99,23,73,0,4,0.5900000000000001,9,8,8,5,21,5.9,Medium,Near,No,Low,Male,High,Yes,No,Medium,College,Low,Negative,In Relationship,Public,Medium,69
1906,95,11,81,2,3,2.8800000000000003,6,9,9,4,19,7.2,Medium,Near,No,Low,Male,Medium,Yes,No,High,High School,Medium,Positive,Single,Public,Low,67
1907,74,13,98,0,3,2.44,7,7,7,6,20,6.1,Low,Near,Yes,Medium,Female,Medium,Yes,No,High,Postgraduate,Low,Positive,Single,Public,Medium,64
1908,62,13,90,3,3,2.72,6,9,9,4,19,6.8,Medium,Near,Yes,High,Female,Medium,No,Yes,Medium,Postgraduate,Low,Neutral,In Relationship,Private,High,62
1909,94,21,65,5,3,0.47000000000000003,9,7,7,6,20,4.7,Medium,Near,Yes,High,Male,Medium,Yes,Yes,Low,High School,Medium,Neutral,Complicated,Private,High,71
1910,96,30,53,0,3,2.12,9,8,8,5,21,5.3,High,Near,Yes,Medium,Male,Medium,No,No,Medium,High School,Medium,Neutral,In Relationship,Private,Medium,72
1911,93,33,98,0,2,2.08,7,8,8,6,19,5.2,High,Near,Yes,Medium,Female,Medium,Yes,Yes,Low,High School,High,Negative,In Relationship,Public,Medium,74
1912,65,24,79,1,2,1.8800000000000001,6,5,5,7,22,4.7,High,Near,No,Medium,Male,Medium,Yes,No,Low,Postgraduate,Low,Neutral,Single,Public,High,66
1913,100,23,59,2,4,1.8800000000000001,4,7,7,6,19,4.7,Low,Near,Yes,Medium,Female,High,Yes,No,Medium,High School,High,Positive,In Relationship,Public,Medium,72
1914,70,9,81,1,4,0.47000000000000003,5,6,6,7,21,4.7,Medium,Near,No,High,Female,High,Yes,No,Medium,Postgraduate,High,Neutral,In Relationship,Private,High,65
1915,89,17,52,0,3,0.9199999999999999,4,4,4,8,19,2.3,Medium,Far,Yes,Low,Female,Medium,Yes,No,High,College,High,Positive,Single,Public,Medium,67
1916,96,15,59,2,2,1.8399999999999999,5,7,7,6,19,4.6,High,Near,Yes,Medium,Male,Medium,Yes,No,High,High School,Medium,Neutral,Complicated,Private,High,70
1917,69,16,82,0,1,2.12,10,7,7,5,19,5.3,Medium,Moderate,Yes,Low,Male,Low,Yes,Yes,Medium,High School,High,Negative,Single,Public,High,62
1918,96,19,70,0,2,0.45999999999999996,5,5,5,7,21,4.6,Low,Far,Yes,Low,Male,Medium,Yes,No,High,High School,Low,Positive,In Relationship,Public,Medium,66
1919,72,17,66,2,3,1.6,5,7,7,5,21,4,Medium,Near,Yes,High,Male,Medium,Yes,No,Medium,College,Low,Negative,In Relationship,Public,High,65
1920,99,8,83,2,4,2.2,6,8,8,6,20,5.5,High,Near,Yes,Medium,Male,High,Yes,Yes,High,Postgraduate,Low,Positive,In Relationship,Public,High,70
1921,71,24,93,2,2,1.4800000000000002,10,7,7,6,21,3.7,High,Near,Yes,Medium,Female,Medium,Yes,Yes,Low,College,High,Positive,Single,Private,Medium,69
1922,98,14,84,3,3,0.42000000000000004,7,5,5,7,22,4.2,Medium,Near,Yes,High,Female,Medium,Yes,No,Low,High School,Medium,Neutral,Single,Public,Medium,70
1923,62,21,73,2,2,2.8000000000000003,8,9,9,4,19,7,High,Near,No,High,Female,Medium,Yes,No,Medium,College,High,Negative,Single,Private,Medium,66
1924,88,32,83,1,4,2.16,7,7,7,5,21,5.4,Low,Near,Yes,Low,Male,High,Yes,No,Low,Postgraduate,Medium,Positive,Single,Private,High,73
1925,81,14,85,3,4,0.44000000000000006,4,6,6,7,22,4.4,Medium,Moderate,No,Medium,Female,High,Yes,No,Low,Postgraduate,High,Positive,In Relationship,Public,High,69
1926,79,5,89,3,3,0.49000000000000005,9,6,6,6,20,4.9,High,Near,Yes,Medium,Female,Medium,Yes,No,Low,College,High,Neutral,Single,Private,Medium,66
1927,69,18,65,4,4,2.08,8,8,8,5,21,5.2,Medium,Far,Yes,Medium,Male,High,Yes,No,Medium,High School,High,Neutral,In Relationship,Public,Medium,65
1928,88,27,56,2,4,2.5600000000000005,7,8,8,6,19,6.4,Low,Near,No,Low,Female,High,Yes,No,High,Postgraduate,Medium,Neutral,Single,Public,Medium,70
1929,68,32,84,0,2,2,10,7,7,5,21,5,High,Far,No,Medium,Male,Medium,Yes,No,Medium,Postgraduate,High,Positive,Single,Private,High,70
1930,82,13,56,2,4,1.8399999999999999,6,7,7,5,19,4.6,Medium,Near,No,Low,Male,High,Yes,No,High,Postgraduate,High,Neutral,Single,Public,High,67
1931,70,23,73,1,3,1.56,7,6,6,7,21,3.9,High,Near,Yes,Low,Male,Medium,Yes,No,High,Postgraduate,Medium,Positive,Complicated,Private,Medium,68
1932,98,17,62,1,2,1.8,6,5,5,8,20,4.5,Low,Near,Yes,Medium,Female,Medium,Yes,No,Low,College,Medium,Neutral,Single,Private,Medium,68
1933,61,19,67,0,2,2.04,9,8,8,6,22,5.1,Medium,Far,No,Low,Female,Medium,Yes,No,Medium,College,High,Negative,In Relationship,Public,Medium,61
1934,68,36,74,2,3,0.8800000000000001,8,4,4,8,20,2.2,Medium,Near,Yes,Medium,Male,Medium,Yes,No,High,High School,Medium,Negative,Single,Public,Medium,70
1935,70,11,95,0,5,3.12,7,9,9,5,20,7.8,High,Moderate,No,Low,Male,High,Yes,No,High,College,High,Negative,In Relationship,Public,High,65
1936,77,22,84,3,2,2.08,5,8,8,6,21,5.2,Medium,Moderate,Yes,High,Male,Medium,No,No,Medium,High School,Low,Positive,In Relationship,Public,Medium,66
1937,69,23,59,3,3,0.66,6,7,7,6,22,6.6,Medium,Moderate,Yes,High,Male,Medium,Yes,No,Medium,Postgraduate,Medium,Neutral,Single,Public,Medium,67
1938,80,27,94,3,3,1.9600000000000002,5,7,7,6,21,4.9,Low,Near,Yes,High,Male,Medium,Yes,No,High,High School,Low,Negative,Single,Public,Medium,69
1939,95,21,75,1,2,1.9600000000000002,9,7,7,6,19,4.9,High,Far,No,Low,Male,Medium,Yes,No,Medium,College,Medium,Neutral,Single,Public,Medium,69
1940,88,22,60,1,2,0.6400000000000001,5,8,8,5,22,6.4,Medium,Moderate,Yes,Low,Male,Medium,Yes,No,Low,High School,Medium,Neutral,In Relationship,Public,Medium,67
1941,83,18,76,0,4,1.72,9,5,5,7,21,4.3,Low,Near,No,Medium,Female,High,Yes,No,Medium,High School,High,Neutral,In Relationship,Private,Low,66
1942,64,22,60,1,2,0.38,9,5,5,7,22,3.8,Medium,Near,Yes,High,Male,Medium,Yes,No,Medium,High School,Low,Neutral,Single,Private,High,63
1943,88,18,68,0,4,2.16,6,7,7,6,22,5.4,Medium,Far,No,Medium,Female,High,Yes,No,Low,High School,High,Neutral,Single,Public,High,67
1944,67,24,90,0,1,1.36,6,4,4,8,20,3.4,Low,Far,Yes,Low,Male,Low,Yes,No,Medium,College,High,Neutral,Single,Public,Medium,64
1945,91,18,83,2,4,0.58,6,8,8,6,20,5.8,Low,Near,No,Low,Male,High,Yes,No,Medium,High School,Medium,Neutral,In Relationship,Private,Medium,68
1946,70,22,74,2,2,2,8,7,7,6,19,5,High,Moderate,Yes,Low,Male,Medium,Yes,No,Low,High School,Medium,Negative,Single,Public,High,65
1947,77,20,61,2,3,0.51,9,8,8,5,22,5.1,Low,Near,No,Medium,Male,Medium,Yes,No,Medium,High School,Medium,Neutral,Single,Public,Medium,65
1948,74,27,64,1,3,0.5700000000000001,9,7,7,6,19,5.7,Low,Near,Yes,Low,Male,Medium,No,No,High,High School,Medium,Neutral,In Relationship,Public,Medium,65
1949,94,20,99,0,4,0.37000000000000005,6,4,4,8,22,3.7,Medium,Near,Yes,Medium,Female,High,Yes,No,Medium,College,Low,Negative,In Relationship,Public,Medium,70
1950,65,9,67,1,3,0.5900000000000001,9,7,7,6,21,5.9,High,Near,Yes,High,Female,Medium,Yes,No,Medium,High School,Medium,Neutral,Single,Public,Medium,62
1951,83,28,81,0,4,2.64,9,8,8,5,19,6.6,Low,Moderate,No,Low,Male,High,Yes,No,Medium,High School,High,Neutral,In Relationship,Public,Medium,68
1952,66,15,75,0,3,0.8800000000000001,7,4,4,8,20,2.2,High,Near,Yes,High,Male,Medium,Yes,No,Low,College,Low,Negative,Single,Public,High,62
1953,88,16,51,0,3,1.8,7,7,7,6,21,4.5,High,Near,Yes,Medium,Female,Medium,Yes,No,Medium,College,Medium,Positive,Complicated,Public,Medium,68
1954,96,16,97,0,5,2.2800000000000002,9,8,8,6,20,5.7,Medium,Near,Yes,Medium,Male,High,Yes,No,Medium,College,High,Neutral,Single,Private,High,72
1955,77,28,54,1,3,2.4000000000000004,9,8,8,6,19,6,Medium,Near,Yes,High,Female,Medium,Yes,No,Low,Postgraduate,High,Positive,Single,Public,Medium,70
1956,80,7,83,3,3,0.4,9,5,5,7,20,4,Medium,Far,No,Medium,Female,Medium,No,No,Low,High School,High,Neutral,In Relationship,Public,Medium,62
1957,97,39,91,2,3,1.8800000000000001,10,5,5,7,22,4.7,High,Moderate,Yes,Low,Female,Medium,Yes,No,Medium,High School,High,Positive,Single,Public,Medium,79
1958,81,26,87,2,1,1.52,8,7,7,5,21,3.8,High,Near,Yes,High,Male,Low,Yes,No,Medium,Postgraduate,Medium,Neutral,In Relationship,Public,High,73
1959,80,21,90,1,2,3.12,7,9,9,5,20,7.8,High,Far,Yes,Low,Male,Medium,Yes,No,High,College,High,Negative,In Relationship,Public,Low,68
1960,83,20,87,0,2,0.67,9,8,8,5,21,6.7,Medium,Near,Yes,High,Male,Medium,Yes,No,Low,High School,High,Neutral,In Relationship,Public,Medium,68
1961,88,22,72,2,2,2.2,10,8,8,5,22,5.5,Medium,Moderate,Yes,Low,Female,Medium,Yes,No,Medium,High School,Medium,Neutral,Single,Public,High,69
1962,64,23,95,1,2,0.51,6,7,7,6,22,5.1,Low,Far,Yes,Low,Female,Medium,Yes,Yes,High,College,Medium,Positive,Single,Public,Medium,63
1963,93,24,96,5,4,0.39,7,5,5,7,21,3.9,Medium,Near,Yes,High,Female,High,No,No,Medium,Postgraduate,Medium,Negative,Single,Public,Medium,74
1964,77,23,72,2,5,2.2800000000000002,5,7,7,6,23,5.7,Medium,Moderate,Yes,High,Female,High,Yes,No,Medium,College,Medium,Negative,Single,Public,High,69
1965,63,21,74,0,3,1.64,8,5,5,7,20,4.1,Low,Near,No,Low,Female,Medium,Yes,No,Medium,High School,Medium,Negative,Single,Public,Medium,61
1966,91,19,74,4,2,2.64,8,8,8,5,24,6.6,Low,Near,Yes,Medium,Female,Medium,Yes,Yes,Low,Postgraduate,Medium,Neutral,Single,Public,Medium,69
1967,75,19,64,2,3,1.4800000000000002,6,4,4,8,19,3.7,Low,Near,No,Low,Female,Medium,Yes,No,High,High School,Medium,Neutral,Single,Public,Medium,64
1968,64,19,56,2,4,2.08,9,8,8,6,19,5.2,Medium,Far,Yes,Low,Female,High,Yes,No,Low,Postgraduate,Medium,Positive,In Relationship,Public,Medium,63
1969,85,27,63,1,2,1.8,6,8,8,5,19,4.5,High,Near,No,Low,Male,Medium,Yes,No,Low,College,Low,Negative,Single,Public,Medium,68
1970,95,24,92,2,3,1.72,6,5,5,7,20,4.3,Medium,Far,Yes,Low,Male,Medium,Yes,No,Medium,High School,High,Neutral,Single,Public,Medium,72
1971,96,2,77,3,2,2.4800000000000004,9,8,8,5,23,6.2,High,Far,Yes,Medium,Female,Medium,Yes,No,Medium,High School,Low,Neutral,Single,Public,Medium,65
1972,98,24,93,2,4,0.24,6,4,4,8,24,2.4,Low,Near,No,Low,Male,High,No,No,Low,College,Low,Positive,Complicated,Public,Low,69
1973,95,21,87,2,4,0.33,5,4,4,8,22,3.3,Low,Near,No,Medium,Male,High,Yes,No,Low,High School,Medium,Neutral,In Relationship,Private,Medium,70
1974,60,20,67,1,4,0.27999999999999997,8,4,4,8,22,2.8,Medium,Moderate,Yes,Medium,Female,High,Yes,No,Low,Postgraduate,Medium,Neutral,Single,Public,Medium,63
1975,75,18,59,0,2,1.92,7,7,7,6,19,4.8,Medium,Near,Yes,Medium,Female,Medium,Yes,Yes,Low,High School,Low,Positive,Single,Public,Medium,62
1976,93,27,78,1,2,0.43,9,4,4,8,21,4.3,Medium,Near,Yes,Low,Female,Medium,Yes,No,Low,Postgraduate,Medium,Positive,Single,Public,Medium,72
1977,75,26,97,1,4,1.8,8,8,8,6,22,4.5,High,Far,No,Low,Male,High,Yes,No,Medium,High School,High,Neutral,In Relationship,Public,Medium,69
1978,84,15,92,2,3,0.43,4,4,4,8,24,4.3,Medium,Moderate,No,Medium,Female,Medium,Yes,No,Low,High School,Medium,Negative,Single,Public,Medium,66
1979,84,22,88,2,4,1.6800000000000002,9,5,5,7,21,4.2,Medium,Near,Yes,Low,Male,High,Yes,No,Medium,Postgraduate,Medium,Neutral,In Relationship,Private,High,71
1980,75,14,88,2,3,0.45,10,4,4,8,19,4.5,Low,Moderate,No,Low,Female,Medium,Yes,No,Medium,College,Low,Negative,Single,Private,Medium,62
1981,96,12,76,2,2,2.12,9,7,7,5,19,5.3,Low,Near,Yes,Medium,Male,Medium,Yes,No,Medium,High School,Medium,Positive,Single,Public,High,68
1982,80,16,58,0,2,1.8800000000000001,9,5,5,7,19,4.7,Low,Near,No,Medium,Female,Medium,Yes,No,Low,High School,High,Neutral,In Relationship,Public,Medium,63
1983,79,25,64,0,3,1.7600000000000002,7,7,7,6,20,4.4,Medium,Far,Yes,Low,Female,Medium,Yes,No,Medium,College,Medium,Neutral,Complicated,Public,Medium,66
1984,100,26,79,1,3,2.52,6,8,8,5,22,6.3,Medium,Moderate,Yes,Medium,Male,Medium,Yes,No,High,College,High,Positive,Single,Public,High,75
1985,80,23,66,1,4,0.45,7,4,4,8,19,4.5,Low,Near,Yes,High,Female,High,Yes,No,High,College,Medium,Positive,Single,Private,High,69
1986,67,24,89,2,3,1.7600000000000002,8,5,5,7,20,4.4,Medium,Near,No,High,Female,Medium,Yes,No,Medium,High School,High,Positive,In Relationship,Private,Low,68
1987,81,23,69,5,2,1.64,8,8,8,5,19,4.1,Medium,Moderate,No,Medium,Male,Medium,Yes,No,Medium,High School,High,Negative,Single,Public,Medium,69
1988,93,16,56,2,4,1.16,6,5,5,7,19,2.9,Low,Near,No,Low,Male,High,Yes,No,Medium,High School,High,Positive,In Relationship,Public,Medium,67
1989,91,23,89,3,3,0.58,6,8,8,5,22,5.8,Medium,Near,Yes,Medium,Male,Medium,Yes,No,Medium,Postgraduate,High,Negative,In Relationship,Private,Medium,73
1990,92,25,85,1,1,2.64,5,8,8,5,20,6.6,High,Near,Yes,Low,Male,Low,Yes,No,Low,College,Medium,Negative,Single,Public,Medium,71
1991,88,25,63,2,3,1.8399999999999999,8,7,7,6,19,4.6,Medium,Moderate,Yes,High,Female,Medium,Yes,No,Medium,High School,High,Positive,Single,Public,Medium,71
1992,70,27,99,2,2,0.25,6,4,4,8,23,2.5,Medium,Near,No,Low,Female,Medium,Yes,No,High,High School,Medium,Neutral,Single,Private,Medium,68
1993,94,24,70,1,1,0.75,7,8,8,5,21,7.5,Low,Near,No,High,Male,Low,Yes,No,Medium,High School,High,Neutral,In Relationship,Public,Medium,70
1994,96,22,84,1,3,2.72,10,8,8,5,21,6.8,High,Near,Yes,High,Male,Medium,Yes,No,Low,High School,Low,Negative,Single,Public,High,71
1995,68,26,96,1,2,2.2800000000000002,8,7,7,6,21,5.7,High,Near,No,Medium,Male,Medium,Yes,No,High,High School,Medium,Neutral,Single,Public,High,69
1996,65,20,58,3,4,0.35000000000000003,7,5,5,7,21,3.5,Medium,Near,No,Low,Male,High,No,No,Medium,High School,High,Neutral,Single,Private,Medium,63
1997,99,15,94,2,3,0.71,8,8,8,5,21,7.1,Medium,Near,Yes,Medium,Male,Medium,Yes,No,Medium,Postgraduate,Low,Neutral,In Relationship,Private,Medium,71
1998,95,19,85,2,3,0.24,9,4,4,8,21,2.4,Medium,Near,Yes,Low,Male,Medium,No,No,Medium,College,Medium,Negative,In Relationship,Public,Medium,69
1999,96,16,58,2,5,2.2399999999999998,5,7,7,6,24,5.6,Medium,Moderate,Yes,High,Male,High,Yes,No,Medium,Postgraduate,High,Positive,In Relationship,Public,Low,71
2000,95,16,83,2,3,3,6,9,9,5,19,7.5,Low,Near,No,Low,Female,Medium,Yes,No,Low,High School,Medium,Neutral,In Relationship,Private,High,68
2001,82,19,94,1,3,0.44000000000000006,7,5,5,7,20,4.4,Medium,Near,No,Medium,Female,Medium,Yes,No,Medium,High School,Medium,Positive,In Relationship,Public,Medium,68
2002,86,15,90,0,3,1.4000000000000001,6,4,4,8,19,3.5,Low,Far,No,Medium,Male,Medium,Yes,No,Medium,Postgraduate,Medium,Neutral,Single,Public,High,66
2003,82,18,88,3,3,2.04,7,7,7,6,20,5.1,Medium,Moderate,No,Low,Female,Medium,Yes,No,Medium,College,Medium,Negative,Single,Public,Medium,67
2004,62,9,58,0,5,2.3600000000000003,5,7,7,6,22,5.9,High,Moderate,Yes,Medium,Female,High,Yes,No,Low,College,Low,Positive,Single,Private,High,59
2005,90,21,60,1,2,0.6000000000000001,8,8,8,5,22,6,Medium,Near,No,Low,Female,Medium,Yes,No,Medium,College,Low,Negative,In Relationship,Public,Medium,66
2006,80,20,77,0,3,1.04,6,4,4,8,20,2.6,Low,Near,No,Medium,Male,Medium,Yes,No,Low,High School,Low,Negative,Single,Private,High,64
2007,86,15,79,1,3,0.55,7,7,7,6,24,5.5,Medium,Moderate,No,Low,Female,Medium,Yes,Yes,Medium,High School,Medium,Neutral,In Relationship,Public,Medium,64
2008,80,24,97,0,4,1.7600000000000002,7,5,5,7,21,4.4,High,Moderate,Yes,Low,Female,High,Yes,No,Medium,High School,Medium,Neutral,In Relationship,Private,High,69
2009,80,26,73,1,3,0.22999999999999998,8,3,3,8,23,2.3,Low,Near,No,Medium,Male,Medium,Yes,No,High,High School,High,Neutral,In Relationship,Public,Medium,69
2010,67,10,65,3,3,0.45999999999999996,4,7,7,6,21,4.6,Medium,Near,No,Medium,Male,Medium,No,No,Medium,High School,Medium,Positive,Single,Public,Medium,61
2011,71,15,60,0,3,1.56,8,5,5,7,19,3.9,High,Far,No,Low,Female,Medium,Yes,No,Medium,High School,High,Negative,Single,Private,High,62
2012,66,15,53,2,3,2.52,7,8,8,5,22,6.3,Medium,Near,No,Medium,Female,Medium,Yes,No,Medium,College,Low,Negative,Single,Public,High,61
2013,68,14,53,1,2,1.36,8,6,6,7,19,3.4,Medium,Near,Yes,Medium,Female,Medium,Yes,No,High,College,Medium,Positive,Single,Private,High,63
2014,99,25,79,2,4,3.08,5,9,9,5,19,7.7,Low,Near,No,Low,Female,High,Yes,No,Low,College,Medium,Positive,In Relationship,Public,Medium,71
2015,66,19,59,1,2,0.27999999999999997,8,3,3,8,19,2.8,High,Moderate,Yes,Medium,Female,Medium,Yes,No,Medium,Postgraduate,High,Positive,Single,Public,Low,65
2016,71,18,93,1,4,3.4000000000000004,9,9,9,5,19,8.5,High,Moderate,Yes,Low,Male,High,Yes,No,Medium,College,High,Neutral,In Relationship,Private,High,68
2017,84,8,80,1,4,0.45,7,6,6,6,20,4.5,High,Moderate,No,High,Male,High,Yes,No,Medium,High School,High,Positive,In Relationship,Public,High,67
2018,84,24,93,2,1,0.25,6,4,4,8,23,2.5,High,Near,Yes,Low,Female,Low,Yes,No,High,High School,Low,Neutral,Single,Public,Medium,70
2019,66,13,71,3,3,0.48,6,6,6,6,20,4.8,Medium,Near,Yes,Medium,Male,Medium,Yes,No,Medium,High School,High,Neutral,Single,Public,Medium,64
2020,92,20,80,0,3,0.65,8,8,8,5,20,6.5,High,Near,No,Medium,Male,Medium,Yes,No,High,College,Medium,Neutral,Single,Private,Medium,71
2021,91,22,76,2,3,2.4000000000000004,8,9,9,5,20,6,Medium,Moderate,Yes,Medium,Female,Medium,Yes,No,Low,College,High,Neutral,Complicated,Public,Medium,71
2022,69,28,99,0,3,0.5599999999999999,8,8,8,5,18,5.6,High,Moderate,No,High,Female,Medium,Yes,No,Low,High School,Medium,Negative,Single,Private,Medium,67
2023,72,12,90,0,3,0.5599999999999999,7,7,7,6,22,5.6,Low,Far,Yes,High,Male,Medium,Yes,No,Medium,Postgraduate,Medium,Positive,Single,Public,Medium,63
2024,98,2,80,2,1,1.64,7,7,7,6,21,4.1,High,Near,Yes,Low,Male,Low,Yes,No,High,High School,Low,Neutral,Single,Public,High,66
2025,93,21,80,3,1,0.71,7,8,8,5,21,7.1,Low,Moderate,Yes,High,Male,Low,Yes,No,Medium,High School,Medium,Neutral,In Relationship,Public,Medium,70
2026,88,31,62,2,4,0.6400000000000001,6,8,8,5,22,6.4,Low,Near,No,Low,Male,High,Yes,No,Medium,High School,Medium,Positive,Single,Private,Medium,70
2027,63,27,87,3,3,2.6,8,9,9,5,19,6.5,Medium,Near,Yes,Low,Female,Medium,Yes,No,Medium,High School,Low,Positive,Single,Private,High,67
2028,77,21,99,3,3,1.92,7,7,7,6,21,4.8,Medium,Near,No,Medium,Male,Medium,Yes,No,High,Postgraduate,Low,Neutral,In Relationship,Public,High,69
2029,82,17,56,3,2,2.2399999999999998,9,7,7,6,20,5.6,Low,Near,No,High,Female,Medium,Yes,No,Low,High School,High,Positive,Single,Public,Medium,66
2030,67,25,82,1,3,2.2,9,8,8,6,20,5.5,High,Far,No,Medium,Female,Medium,Yes,No,Medium,Postgraduate,Medium,Positive,In Relationship,Public,Medium,67
2031,78,14,76,0,2,0.55,7,7,7,6,22,5.5,Medium,Near,Yes,High,Female,Medium,Yes,Yes,Medium,College,High,Negative,Single,Public,Medium,65
2032,84,23,93,1,3,0.33,8,4,4,8,22,3.3,High,Far,Yes,High,Male,Medium,Yes,No,Medium,Postgraduate,High,Positive,In Relationship,Public,Medium,72
2033,73,23,50,1,3,2.72,6,9,9,4,19,6.8,High,Near,No,Medium,Male,Medium,Yes,No,Medium,College,High,Positive,In Relationship,Public,Medium,68
2034,91,26,57,3,3,0.39,7,5,5,7,22,3.9,Medium,Near,Yes,Medium,Male,Medium,Yes,No,Low,College,High,Negative,In Relationship,Public,Medium,72
2035,94,37,52,1,3,0.37000000000000005,8,5,5,7,21,3.7,Medium,Near,Yes,Low,Male,Medium,Yes,No,High,Postgraduate,High,Positive,Single,Private,Medium,76
2036,73,22,58,4,3,1.8800000000000001,5,6,6,7,20,4.7,Low,Near,Yes,Low,Female,Medium,Yes,Yes,Medium,College,Medium,Positive,Single,Public,Medium,65
2037,94,17,85,1,4,2.2,8,7,7,6,21,5.5,Medium,Near,No,Medium,Male,High,Yes,No,Medium,High School,Low,Positive,Single,Public,Low,68
2038,64,20,57,3,4,0.73,6,7,7,6,21,7.3,Medium,Near,Yes,Low,Female,High,Yes,No,Medium,College,Medium,Neutral,Single,Public,High,65
2039,94,9,81,0,3,0.6200000000000001,6,8,8,5,22,6.2,Medium,Near,Yes,Low,Male,Medium,Yes,No,Low,High School,Medium,Positive,In Relationship,Public,High,66
2040,66,16,93,7,2,3.12,6,9,9,5,20,7.8,Medium,Far,No,Low,Male,Medium,Yes,No,Medium,High School,Low,Negative,In Relationship,Public,Medium,63
2041,63,18,52,2,3,2.12,7,8,8,5,18,5.3,Low,Moderate,No,High,Female,Medium,Yes,No,Medium,Postgraduate,Medium,Positive,Single,Public,High,63
2042,86,17,51,2,2,3.04,5,9,9,5,20,7.6,Medium,Moderate,Yes,Low,Male,Medium,Yes,No,Medium,Postgraduate,Medium,Neutral,In Relationship,Private,Medium,66
2043,79,21,99,2,4,0.42000000000000004,8,4,4,8,24,4.2,Low,Near,Yes,Low,Male,High,Yes,No,Medium,High School,High,Positive,Single,Public,High,69
2044,96,15,84,3,1,2.16,7,7,7,6,22,5.4,High,Near,Yes,Medium,Male,Low,Yes,No,High,Postgraduate,Medium,Positive,Single,Public,Low,72
2045,75,27,57,3,3,0.6000000000000001,10,8,8,5,21,6,Low,Near,Yes,High,Male,Medium,Yes,No,Medium,High School,Medium,Negative,In Relationship,Public,Low,66
2046,71,20,65,2,4,2.32,7,7,7,6,22,5.8,Medium,Moderate,Yes,Medium,Female,High,No,No,Medium,High School,Medium,Negative,In Relationship,Public,Medium,64
2047,80,20,99,0,3,1.52,8,5,5,7,20,3.8,Low,Near,Yes,Low,Male,Medium,Yes,No,Low,High School,Medium,Positive,In Relationship,Private,High,67
2048,78,18,61,1,5,1.52,6,6,6,7,21,3.8,High,Near,Yes,Low,Male,High,Yes,No,Low,High School,High,Positive,Single,Private,Medium,67
2049,74,21,88,1,1,0.58,5,8,8,5,22,5.8,Medium,Near,Yes,Medium,Male,Low,Yes,No,Medium,College,Low,Neutral,In Relationship,Public,High,66
2050,88,25,62,2,2,0.47000000000000003,8,8,8,5,22,4.7,Low,Near,Yes,Low,Female,Medium,Yes,No,Low,High School,Medium,Neutral,Single,Public,Medium,68
2051,90,15,70,0,2,1.56,5,7,7,6,21,3.9,Medium,Moderate,No,Medium,Male,Medium,Yes,No,Medium,High School,Medium,Neutral,Single,Private,Medium,65
2052,94,16,94,2,3,0.5900000000000001,8,8,8,5,21,5.9,High,Near,Yes,Low,Male,Medium,Yes,No,High,High School,Medium,Negative,In Relationship,Private,High,71
2053,99,18,51,1,4,1.7600000000000002,10,6,6,7,19,4.4,High,Near,Yes,Medium,Male,High,Yes,No,Medium,Postgraduate,Medium,Neutral,Single,Public,Low,71
2054,71,12,65,1,2,1.64,8,6,6,7,22,4.1,Medium,Moderate,Yes,Medium,Male,Medium,Yes,No,Medium,High School,Medium,Neutral,In Relationship,Private,High,62
2055,89,15,74,2,2,0.75,8,8,8,5,21,7.5,High,Near,Yes,Medium,Male,Medium,Yes,No,Low,College,Medium,Positive,In Relationship,Public,High,69
2056,76,17,81,4,2,0.71,7,8,8,5,20,7.1,Low,Near,No,High,Male,Medium,Yes,No,Low,High School,Medium,Neutral,In Relationship,Private,Medium,65
2057,87,25,51,3,3,0.5700000000000001,6,7,7,6,19,5.7,Low,Near,No,Medium,Male,Medium,Yes,No,Low,Postgraduate,High,Neutral,In Relationship,Public,Medium,70
2058,79,22,71,2,2,1.6800000000000002,7,8,8,5,20,4.2,Medium,Moderate,Yes,Low,Male,Medium,Yes,No,Medium,College,Medium,Neutral,In Relationship,Private,Medium,66
2059,100,21,67,0,3,0.45,6,6,6,6,20,4.5,Medium,Far,No,High,Male,Medium,Yes,No,Medium,High School,Medium,Positive,In Relationship,Public,Medium,70
2060,89,25,51,2,2,2.2800000000000002,5,7,7,6,23,5.7,High,Moderate,No,Medium,Female,Medium,Yes,No,Low,Postgraduate,Medium,Negative,Single,Private,High,70
2061,98,19,68,1,4,1.8399999999999999,7,8,8,5,20,4.6,High,Moderate,Yes,Low,Female,High,Yes,No,Medium,High School,Low,Neutral,In Relationship,Private,Medium,69
2062,93,22,97,2,3,1.92,9,7,7,6,19,4.8,Low,Near,Yes,Medium,Male,Medium,Yes,Yes,Medium,High School,High,Neutral,In Relationship,Public,Medium,71
2063,96,19,64,1,3,1.7600000000000002,5,7,7,6,22,4.4,Medium,Near,No,Medium,Male,Medium,Yes,No,Medium,High School,Medium,Neutral,Single,Public,Medium,69
2064,93,22,79,2,2,0.44000000000000006,9,4,4,8,22,4.4,Medium,Near,No,Medium,Female,Medium,Yes,No,Medium,Postgraduate,High,Positive,Single,Public,High,73
2065,78,17,65,1,4,2.32,9,7,7,6,22,5.8,Medium,Moderate,Yes,Medium,Female,High,Yes,No,Low,High School,Medium,Neutral,Single,Public,High,65
2066,70,5,55,3,3,0.21000000000000002,8,3,3,8,22,2.1,High,Near,Yes,Low,Male,Medium,Yes,No,Medium,High School,High,Neutral,Single,Public,Medium,62
2067,75,19,64,2,5,1.7600000000000002,8,5,5,7,20,4.4,High,Moderate,No,High,Female,High,Yes,No,Medium,Postgraduate,Medium,Negative,In Relationship,Public,Low,67
2068,61,29,74,1,3,2.72,7,8,8,5,21,6.8,Medium,Moderate,Yes,Medium,Male,Medium,Yes,No,High,Postgraduate,Low,Neutral,Single,Public,Medium,65
2069,81,26,65,1,3,2.32,7,9,9,5,18,5.8,Medium,Far,No,Medium,Male,Medium,Yes,No,Low,High School,Low,Neutral,Single,Public,Medium,65
2070,80,26,81,0,2,1.4800000000000002,6,4,4,8,19,3.7,High,Near,Yes,Medium,Female,Medium,Yes,No,Medium,College,Medium,Neutral,Single,Public,Medium,70
2071,81,27,97,1,2,2.04,7,7,7,6,21,5.1,Medium,Near,Yes,Medium,Female,Medium,Yes,No,Low,College,Medium,Neutral,Single,Public,Medium,70
2072,99,21,53,0,4,1.2800000000000002,7,5,5,7,20,3.2,High,Near,Yes,Medium,Female,High,Yes,No,Medium,Postgraduate,Medium,Neutral,In Relationship,Public,Low,71
2073,96,21,86,1,3,0.43,10,5,5,7,20,4.3,Low,Near,No,Low,Male,Medium,Yes,No,Low,College,High,Neutral,In Relationship,Public,High,71
2074,66,16,50,1,4,1.9600000000000002,8,7,7,6,20,4.9,Medium,Moderate,Yes,Medium,Male,High,Yes,No,Low,High School,Medium,Neutral,Single,Public,High,62
2075,75,18,50,4,2,0.55,7,8,8,5,20,5.5,Low,Near,No,Low,Female,Medium,Yes,No,Medium,Postgraduate,Medium,Positive,Complicated,Public,Medium,65
2076,77,24,57,3,2,0.6400000000000001,7,8,8,5,23,6.4,Medium,Far,Yes,Medium,Male,Medium,Yes,No,Medium,College,High,Positive,Single,Public,High,84
2077,74,27,74,2,2,1.56,6,6,6,7,21,3.9,Medium,Far,Yes,Medium,Male,Medium,Yes,No,Medium,College,Medium,Neutral,Complicated,Public,High,68
2078,92,19,52,3,1,1.64,6,8,8,5,19,4.1,Medium,Near,Yes,High,Male,Low,Yes,No,Medium,High School,High,Positive,Single,Public,Medium,70
2079,81,17,86,1,3,2.68,8,8,8,5,20,6.7,High,Near,No,Medium,Male,Medium,Yes,No,Medium,Postgraduate,Medium,Neutral,Single,Private,Medium,68
2080,83,20,51,2,4,1.2800000000000002,6,4,4,8,22,3.2,Medium,Near,No,Low,Male,High,Yes,No,Medium,Postgraduate,Medium,Negative,Single,Public,High,67
2081,94,24,75,1,4,0.37000000000000005,6,3,3,8,19,3.7,Medium,Near,Yes,Low,Female,High,Yes,No,Low,High School,Low,Negative,Single,Public,High,69
2082,92,11,84,2,1,1.08,6,4,4,8,19,2.7,High,Near,Yes,Low,Female,Low,Yes,No,Medium,High School,High,Negative,Single,Public,Low,68
2083,65,6,62,3,1,2.04,6,8,8,5,21,5.1,High,Near,No,Low,Male,Low,No,No,Medium,High School,High,Neutral,In Relationship,Public,Low,59
2084,89,17,79,0,2,2.2399999999999998,9,8,8,5,20,5.6,Low,Near,Yes,Medium,Female,Medium,No,No,Medium,College,High,Positive,Complicated,Public,Medium,67
2085,77,13,63,0,1,0.27,7,4,4,8,22,2.7,High,Moderate,Yes,High,Male,Low,Yes,No,Low,High School,Medium,Positive,In Relationship,Public,Low,63
2086,72,17,61,1,4,0.27,7,4,4,8,22,2.7,High,Near,Yes,Medium,Female,High,Yes,No,Low,High School,High,Negative,In Relationship,Public,Medium,65
2087,62,19,91,1,3,1.32,7,4,4,8,19,3.3,Medium,Near,No,Low,Male,Medium,Yes,No,Low,College,Medium,Positive,Single,Public,Medium,63
2088,79,17,67,1,3,2.12,7,8,8,6,22,5.3,Medium,Near,No,Low,Female,Medium,Yes,No,Low,High School,Medium,Positive,In Relationship,Private,Medium,64
2089,74,29,91,3,4,2,6,7,7,6,22,5,Medium,Far,Yes,Low,Female,High,Yes,No,High,College,High,Positive,Single,Public,High,72
2090,70,22,61,1,3,2.68,5,9,9,4,21,6.7,Medium,Moderate,Yes,Low,Male,Medium,Yes,No,High,College,Low,Negative,Single,Public,Medium,63
2091,88,22,68,2,2,0.36000000000000004,9,4,4,8,21,3.6,Medium,Near,No,Medium,Male,Medium,No,Yes,Medium,High School,Medium,Neutral,In Relationship,Public,Medium,66
2092,91,24,55,0,2,0.73,8,8,8,5,20,7.3,Medium,Moderate,Yes,Medium,Female,Medium,Yes,No,Low,College,Medium,Neutral,In Relationship,Private,Low,67
2093,70,13,75,1,2,0.47000000000000003,8,8,8,5,22,4.7,High,Moderate,Yes,High,Male,Medium,Yes,Yes,High,Postgraduate,High,Positive,Single,Public,Medium,66
2094,62,26,69,2,3,2.2800000000000002,8,7,7,6,20,5.7,Medium,Moderate,Yes,Medium,Female,Medium,Yes,No,Medium,College,Medium,Positive,Single,Public,High,66
2095,94,20,50,1,4,2.64,10,9,9,4,19,6.6,Medium,Near,Yes,Low,Female,High,Yes,Yes,Low,Postgraduate,Medium,Negative,In Relationship,Private,High,68
2096,60,24,73,1,5,1.8,6,8,8,6,22,4.5,High,Moderate,No,Low,Male,High,Yes,No,Medium,Postgraduate,High,Positive,In Relationship,Private,Medium,66
2097,97,14,54,3,2,2.44,5,9,9,5,19,6.1,Medium,Near,Yes,Medium,Female,Medium,Yes,No,Medium,College,Medium,Negative,Complicated,Public,Medium,68
2098,85,11,92,2,4,0.6000000000000001,8,7,7,6,19,6,Medium,Far,Yes,Medium,Female,High,Yes,No,Low,High School,Medium,Negative,Single,Public,Medium,65
2099,73,25,75,0,2,1.32,5,4,4,7,21,3.3,Medium,Near,Yes,Medium,Female,Medium,Yes,No,Low,College,Medium,Positive,In Relationship,Private,Medium,67
2100,70,22,85,0,3,0.61,7,7,7,6,21,6.1,Low,Far,No,High,Male,Medium,Yes,No,Medium,High School,High,Negative,Single,Private,Medium,64
2101,60,15,91,0,2,0.48,7,5,5,7,23,4.8,High,Far,No,Low,Male,Medium,Yes,No,Low,College,Low,Negative,In Relationship,Private,Medium,59
2102,69,15,53,0,3,2.44,8,8,8,5,24,6.1,Medium,Near,Yes,High,Male,Medium,No,No,Low,High School,Medium,Negative,Single,Private,Medium,60
2103,66,27,67,1,4,2.32,6,7,7,6,22,5.8,High,Far,No,High,Female,High,Yes,No,Low,College,Low,Negative,Single,Public,High,65
2104,84,13,51,0,4,0.58,9,7,7,6,22,5.8,Medium,Near,Yes,Low,Female,High,Yes,No,High,High School,Medium,Negative,In Relationship,Public,Medium,64
2105,67,30,52,1,1,1.4400000000000002,6,5,5,8,20,3.6,High,Near,No,Low,Female,Low,Yes,No,Medium,High School,Medium,Neutral,In Relationship,Public,Medium,66
2106,81,15,52,0,2,0.33,8,5,5,7,22,3.3,Medium,Near,Yes,Medium,Male,Medium,Yes,No,Medium,Postgraduate,Medium,Neutral,In Relationship,Public,Medium,65
2107,84,24,74,2,2,1.92,6,7,7,6,21,4.8,Medium,Far,Yes,Medium,Male,Medium,Yes,No,Medium,High School,Medium,Positive,In Relationship,Public,High,69
2108,72,18,73,0,4,2.72,8,9,9,4,19,6.8,High,Near,Yes,Medium,Female,High,Yes,Yes,Medium,High School,High,Positive,In Relationship,Private,Medium,66
2109,61,24,53,1,5,2.08,5,6,6,6,23,5.2,Medium,Near,Yes,Low,Female,High,Yes,No,Medium,College,High,Neutral,In Relationship,Private,High,65
2110,61,17,63,1,4,2.52,7,9,9,5,19,6.3,Medium,Moderate,No,Medium,Female,High,Yes,No,Low,College,High,Positive,Complicated,Public,Medium,62
2111,61,19,62,2,2,0.47000000000000003,9,5,5,7,22,4.7,Low,Far,No,Medium,Female,Medium,Yes,No,Medium,High School,Medium,Neutral,In Relationship,Public,Medium,60
2112,90,20,65,4,4,2.3600000000000003,7,7,7,6,20,5.9,Medium,Moderate,No,Low,Female,High,No,No,Low,College,Low,Positive,Single,Public,High,68
2113,73,14,82,1,3,0.65,9,8,8,5,19,6.5,High,Near,Yes,Medium,Female,Medium,Yes,No,Medium,High School,Medium,Negative,Single,Public,Medium,64
2114,92,24,85,0,3,2.16,7,8,8,5,20,5.4,High,Near,No,Medium,Female,Medium,Yes,No,High,College,High,Positive,Single,Public,Medium,73
2115,77,17,67,1,1,1.9600000000000002,6,7,7,5,20,4.9,Medium,Near,Yes,Low,Male,Low,Yes,No,Low,College,Medium,Positive,Single,Public,Medium,64
2116,78,19,89,2,4,1.92,7,8,8,6,21,4.8,High,Moderate,No,Medium,Female,High,Yes,No,Medium,High School,High,Neutral,In Relationship,Public,Medium,69
2117,81,14,71,1,3,1.52,8,5,5,8,21,3.8,Medium,Near,No,Low,Female,Medium,Yes,Yes,Low,Postgraduate,Low,Neutral,In Relationship,Public,High,63
2118,89,5,76,2,3,0.7200000000000001,4,9,9,4,22,7.2,Medium,Near,Yes,Medium,Male,Medium,Yes,No,High,College,Medium,Neutral,Single,Public,Medium,65
2119,71,19,57,2,4,1.36,8,5,5,7,20,3.4,Medium,Moderate,No,Medium,Male,High,Yes,No,Medium,High School,Medium,Positive,In Relationship,Public,High,65
2120,65,34,62,0,3,2.16,6,7,7,5,21,5.4,Medium,Near,Yes,Medium,Male,Medium,Yes,No,High,High School,Medium,Negative,Single,Public,High,67
2121,82,25,86,0,4,2.52,5,8,8,5,21,6.3,Medium,Near,Yes,Low,Male,High,No,No,Medium,High School,Medium,Positive,Single,Public,Low,67
2122,73,20,99,1,3,0.42000000000000004,8,4,4,8,19,4.2,Medium,Near,No,Medium,Male,Medium,Yes,No,Low,High School,Medium,Positive,Single,Private,Medium,66
2123,78,18,85,1,2,0.5599999999999999,9,7,7,6,19,5.6,High,Near,Yes,Low,Male,Medium,Yes,No,High,Postgraduate,Medium,Negative,Single,Private,High,68
2124,86,20,53,1,2,1.32,7,6,6,7,20,3.3,Low,Near,Yes,Low,Male,Medium,Yes,No,Medium,High School,Medium,Negative,Single,Public,High,65
2125,80,23,57,1,4,0.55,5,8,8,5,20,5.5,Low,Near,Yes,Low,Male,High,Yes,No,Medium,Postgraduate,Low,Neutral,Complicated,Public,Medium,66
2126,85,13,72,2,1,2.2,6,7,7,6,21,5.5,Low,Moderate,Yes,Low,Female,Low,Yes,No,Medium,College,High,Positive,Single,Public,Medium,66
2127,82,27,87,2,2,2.5600000000000005,6,8,8,5,21,6.4,Medium,Near,Yes,Low,Male,Medium,No,No,Low,High School,Medium,Positive,Single,Public,High,69
2128,90,24,58,2,2,2.2399999999999998,7,7,7,6,24,5.6,Medium,Near,No,Low,Male,Medium,Yes,No,Medium,Postgraduate,Medium,Neutral,Single,Private,Medium,70
2129,88,24,88,2,2,2.68,7,8,8,5,21,6.7,Low,Moderate,Yes,Medium,Male,Medium,Yes,No,Medium,Postgraduate,Medium,Neutral,Single,Private,High,71
2130,81,23,78,4,3,0.54,8,7,7,6,24,5.4,Medium,Moderate,No,Low,Male,Medium,Yes,No,High,High School,High,Positive,In Relationship,Public,Low,70
2131,87,20,89,2,3,0.29,8,4,4,8,22,2.9,Medium,Moderate,No,Medium,Male,Medium,Yes,No,Low,High School,Medium,Neutral,In Relationship,Public,Medium,68
2132,95,24,78,2,2,1.7600000000000002,8,5,5,7,21,4.4,High,Far,Yes,Low,Female,Medium,Yes,No,Medium,Postgraduate,High,Negative,In Relationship,Public,High,73
2133,77,24,80,1,2,1.4400000000000002,8,5,5,7,20,3.6,High,Moderate,No,Low,Female,Medium,Yes,Yes,High,High School,Medium,Positive,In Relationship,Public,High,68
2134,77,18,62,2,4,1.04,7,4,4,8,20,2.6,Medium,Near,Yes,High,Male,High,Yes,No,Low,College,Medium,Neutral,Single,Private,Medium,66
2135,91,17,86,1,3,1.8399999999999999,10,7,7,6,20,4.6,Low,Moderate,Yes,Medium,Female,Medium,Yes,Yes,Low,Postgraduate,Medium,Neutral,In Relationship,Public,Medium,67
2136,83,21,92,2,4,1.4400000000000002,8,4,4,8,20,3.6,Low,Near,Yes,Medium,Male,High,Yes,Yes,Low,High School,Medium,Negative,Single,Private,Medium,66
2137,63,29,94,0,2,0.47000000000000003,8,5,5,7,24,4.7,High,Near,Yes,Medium,Female,Medium,Yes,No,Medium,Postgraduate,Medium,Positive,In Relationship,Private,High,69
2138,96,13,51,1,3,0.5700000000000001,10,7,7,6,22,5.7,Medium,Near,No,Low,Female,Medium,Yes,No,Medium,Postgraduate,Medium,Positive,Single,Public,Low,67
2139,61,11,81,5,4,2.2,7,8,8,5,19,5.5,Low,Near,Yes,Medium,Male,High,Yes,Yes,High,High School,Medium,Positive,Complicated,Public,Low,61
2140,90,21,99,2,3,0.68,6,8,8,5,19,6.8,Medium,Near,No,Low,Female,Medium,Yes,No,Medium,College,Medium,Negative,In Relationship,Private,Medium,70
2141,90,20,79,2,2,1.6,9,7,7,6,19,4,High,Near,No,Low,Female,Medium,Yes,No,Medium,High School,High,Negative,Single,Public,Medium,70
2142,98,21,59,3,3,0.54,9,7,7,6,21,5.4,Medium,Near,Yes,Medium,Female,Medium,No,Yes,High,College,Medium,Neutral,In Relationship,Public,Medium,70
2143,62,21,94,1,3,0.31000000000000005,7,4,4,8,22,3.1,Medium,Moderate,No,Low,Female,Medium,Yes,No,Low,College,Medium,Positive,In Relationship,Private,High,64
2144,84,19,63,0,3,0.43,10,5,5,7,20,4.3,Medium,Far,No,Low,Female,Medium,Yes,No,Medium,College,High,Negative,In Relationship,Public,Medium,65
2145,77,29,52,5,4,1.9600000000000002,7,5,5,7,23,4.9,Medium,Near,No,Low,Female,High,Yes,No,Medium,College,Medium,Positive,In Relationship,Public,Medium,70
2146,73,10,72,1,2,2.32,8,7,7,6,22,5.8,High,Moderate,Yes,Low,Female,Medium,Yes,No,Low,College,Low,Positive,Single,Public,High,62
2147,64,15,55,1,3,0.42000000000000004,9,6,6,7,21,4.2,High,Near,Yes,Medium,Female,Medium,Yes,No,High,College,High,Neutral,In Relationship,Public,Low,64
2148,83,19,56,1,3,0.63,7,8,8,5,21,6.3,High,Far,Yes,Medium,Female,Medium,Yes,No,Medium,College,Medium,Positive,In Relationship,Private,Low,67
2149,79,10,73,1,4,2.44,8,8,8,5,24,6.1,Medium,Near,No,Low,Female,High,No,No,High,High School,High,Neutral,Single,Public,Low,63
2150,64,19,81,0,3,1.9600000000000002,9,7,7,5,20,4.9,Medium,Near,Yes,Medium,Male,Medium,Yes,Yes,High,High School,Low,Neutral,Single,Public,High,62
2151,84,30,95,2,2,1.2800000000000002,6,5,5,7,20,3.2,Medium,Near,No,High,Male,Medium,Yes,No,Medium,College,Low,Negative,In Relationship,Public,High,72
2152,90,20,85,3,2,1.4400000000000002,6,4,4,8,22,3.6,Medium,Near,No,Low,Male,Medium,No,No,High,College,Low,Neutral,Single,Private,High,69
2153,91,21,92,5,2,0.6200000000000001,9,8,8,5,22,6.2,High,Near,Yes,Low,Male,Medium,Yes,No,Medium,High School,Medium,Negative,Single,Private,Medium,72
2154,96,12,71,2,2,0.48,7,7,7,6,21,4.8,Medium,Near,Yes,Medium,Male,Medium,Yes,No,High,College,Low,Positive,In Relationship,Private,Medium,68
2155,76,16,66,1,3,2.3600000000000003,6,7,7,6,20,5.9,Medium,Near,No,Medium,Female,Medium,Yes,No,Low,Postgraduate,Low,Neutral,Single,Private,Medium,64
2156,98,18,80,3,1,2.08,7,6,6,6,23,5.2,High,Near,Yes,Low,Female,Low,Yes,No,Low,College,High,Neutral,In Relationship,Private,Medium,72
2157,95,18,85,2,3,1.52,8,7,7,5,21,3.8,High,Near,Yes,Low,Female,Medium,Yes,No,Low,College,High,Positive,In Relationship,Public,High,73
2158,72,28,78,5,2,0.25,5,4,4,8,23,2.5,Medium,Far,Yes,Medium,Male,Medium,No,No,Low,College,High,Negative,Single,Private,Low,67
2159,66,23,63,0,4,0.42000000000000004,8,6,6,7,21,4.2,Low,Near,Yes,Low,Female,High,Yes,No,Medium,College,High,Negative,In Relationship,Public,Medium,64
2160,77,13,68,3,3,0.35000000000000003,8,4,4,8,22,3.5,Medium,Near,Yes,High,Female,Medium,Yes,No,Low,High School,Medium,Neutral,In Relationship,Private,Medium,65
2161,76,21,72,1,3,1.9600000000000002,9,7,7,5,20,4.9,High,Moderate,Yes,Low,Female,Medium,Yes,No,Low,High School,High,Neutral,Single,Public,High,67
2162,83,23,51,3,2,1.7600000000000002,7,5,5,7,23,4.4,Medium,Moderate,Yes,Medium,Male,Medium,Yes,No,Low,College,Medium,Neutral,In Relationship,Public,High,68
2163,83,27,94,2,2,2.2399999999999998,9,8,8,5,20,5.6,High,Near,Yes,Low,Male,Medium,Yes,No,Medium,High School,Medium,Positive,Complicated,Public,High,72
2164,90,29,76,1,3,1.8399999999999999,7,6,6,7,19,4.6,Low,Moderate,Yes,Medium,Female,Medium,Yes,No,Low,High School,High,Positive,Single,Public,Low,71
2165,80,14,88,1,3,0.7200000000000001,7,9,9,4,22,7.2,Medium,Near,Yes,Medium,Male,Medium,Yes,No,Medium,High School,Medium,Neutral,Single,Private,Medium,66
2166,64,15,59,0,3,1.9600000000000002,7,7,7,6,19,4.9,Medium,Near,No,Low,Female,Medium,Yes,Yes,Low,High School,High,Neutral,Complicated,Public,Medium,59
2167,94,12,78,1,2,2.2800000000000002,10,7,7,6,23,5.7,Medium,Near,Yes,Medium,Female,Medium,Yes,No,Medium,High School,Medium,Neutral,Single,Public,High,68
2168,72,19,96,3,2,1.8399999999999999,5,6,6,7,19,4.6,High,Moderate,Yes,Low,Female,Medium,No,No,Low,High School,Low,Positive,Single,Public,Low,64
2169,99,23,61,2,3,1.8,8,7,7,6,20,4.5,Medium,Near,No,High,Female,Medium,Yes,Yes,Low,High School,Low,Positive,Complicated,Private,High,70
2170,65,26,67,4,3,1.16,7,4,4,8,19,2.9,Medium,Moderate,Yes,High,Female,Medium,Yes,No,Medium,High School,Low,Negative,Single,Private,Medium,65
2171,98,20,69,2,2,0.5599999999999999,7,7,7,6,19,5.6,Medium,Near,Yes,High,Female,Medium,No,No,High,College,High,Negative,Single,Public,High,72
2172,64,18,69,3,3,2.8800000000000003,8,9,9,4,19,7.2,High,Moderate,No,High,Male,Medium,Yes,No,Medium,College,High,Positive,Single,Public,Medium,66
2173,69,21,80,2,5,2.64,9,8,8,5,19,6.6,Medium,Near,Yes,Medium,Male,High,Yes,No,High,College,Medium,Positive,In Relationship,Public,High,68
2174,62,15,70,1,3,0.66,8,7,7,6,22,6.6,High,Near,No,Low,Male,Medium,Yes,No,Medium,College,Medium,Positive,Single,Private,Medium,62
2175,88,33,84,1,3,0.71,9,8,8,5,20,7.1,Low,Near,No,Low,Male,Medium,Yes,No,Medium,High School,Medium,Negative,In Relationship,Public,Medium,70
2176,94,10,74,3,3,1.8399999999999999,7,7,7,6,20,4.6,Medium,Moderate,Yes,High,Male,Medium,Yes,No,High,College,High,Positive,In Relationship,Public,Medium,70
2177,77,21,58,0,3,0.37000000000000005,7,5,5,7,22,3.7,Low,Near,Yes,Low,Male,Medium,Yes,No,Medium,College,Medium,Negative,Single,Public,High,64
2178,97,32,97,1,5,2.2,5,7,7,6,21,5.5,Low,Moderate,Yes,Low,Female,High,Yes,No,Low,College,High,Positive,Single,Public,High,76
2179,84,20,62,1,2,0.39,10,5,5,7,21,3.9,Medium,Moderate,Yes,Medium,Male,Medium,Yes,No,High,College,Medium,Neutral,In Relationship,Public,Medium,67
2180,85,19,78,2,3,1.56,7,6,6,7,20,3.9,High,Near,No,Low,Male,Medium,Yes,No,Low,College,High,Negative,Complicated,Private,High,69
2181,94,18,53,4,3,1.8399999999999999,7,7,7,6,19,4.6,Low,Far,Yes,Medium,Female,Medium,Yes,No,Medium,High School,Medium,Positive,Single,Public,High,68
2182,72,19,96,1,2,0.27999999999999997,8,4,4,8,23,2.8,Medium,Moderate,Yes,Medium,Female,Medium,Yes,No,Low,Postgraduate,Medium,Positive,In Relationship,Public,High,67
2183,74,28,96,0,3,0.5,9,6,6,6,20,5,Medium,Near,Yes,High,Female,Medium,Yes,No,Low,High School,Medium,Neutral,In Relationship,Private,High,69
2184,96,7,68,2,1,0.38,6,4,4,8,21,3.8,Medium,Near,Yes,Low,Female,Low,Yes,No,Medium,High School,High,Neutral,In Relationship,Public,High,67
2185,96,29,56,0,4,2.2399999999999998,9,7,7,6,21,5.6,High,Near,Yes,Low,Male,High,Yes,No,Low,High School,High,Neutral,In Relationship,Private,High,73
2186,99,11,88,4,3,2.12,7,8,8,6,22,5.3,High,Near,Yes,Medium,Male,Medium,No,No,High,College,Medium,Neutral,In Relationship,Private,Low,71
2187,96,18,63,4,3,2.2800000000000002,9,7,7,6,21,5.7,Low,Near,No,Low,Male,Medium,Yes,No,Medium,Postgraduate,Medium,Neutral,Single,Private,Medium,70
2188,65,17,85,1,3,1.6800000000000002,6,7,7,5,19,4.2,Medium,Near,Yes,Low,Male,Medium,Yes,No,Medium,High School,High,Neutral,Single,Private,Medium,65
2189,93,24,96,0,1,0.61,8,8,8,5,21,6.1,Medium,Moderate,Yes,Medium,Male,Low,Yes,No,Medium,Postgraduate,High,Positive,In Relationship,Public,Medium,73
2190,76,10,80,1,4,1.4800000000000002,7,7,7,6,20,3.7,Medium,Near,Yes,Low,Female,High,Yes,No,Medium,Postgraduate,Medium,Positive,Single,Public,High,65
2191,100,23,93,4,3,1.92,5,5,5,8,19,4.8,Medium,Moderate,Yes,Low,Male,Medium,Yes,No,Medium,Postgraduate,Low,Neutral,Single,Private,Medium,73
2192,79,32,61,0,3,1.52,5,4,4,8,22,3.8,High,Near,Yes,Low,Male,Medium,Yes,No,Medium,College,Low,Positive,Single,Public,High,70
2193,82,12,96,0,4,0.54,6,7,7,6,24,5.4,Medium,Near,Yes,Low,Male,High,Yes,Yes,High,College,High,Positive,In Relationship,Private,Low,66
2194,81,21,61,3,5,0.27999999999999997,8,4,4,8,21,2.8,Medium,Moderate,Yes,Medium,Female,High,Yes,No,High,High School,Low,Negative,In Relationship,Public,Low,66
2195,73,16,61,4,5,0.38,4,5,5,7,22,3.8,Medium,Moderate,Yes,Low,Male,High,Yes,No,Low,High School,Medium,Neutral,Single,Private,High,64
2196,63,23,94,2,5,1.4400000000000002,8,6,6,7,19,3.6,Medium,Near,Yes,Medium,Male,High,Yes,No,High,Postgraduate,Medium,Neutral,Single,Public,Medium,68
2197,96,20,78,1,2,3.3200000000000003,7,9,9,5,19,8.3,Medium,Near,No,High,Male,Medium,Yes,No,Medium,High School,Medium,Neutral,In Relationship,Public,High,70
2198,92,16,90,6,3,1.72,4,5,5,7,20,4.3,Medium,Near,Yes,High,Male,Medium,Yes,No,High,High School,Medium,Neutral,Single,Private,Medium,72
2199,66,23,90,2,3,1.64,6,5,5,7,20,4.1,High,Near,No,Low,Male,Medium,Yes,No,Medium,High School,Medium,Neutral,Single,Public,Medium,66
2200,91,31,82,2,3,0.4,6,5,5,7,20,4,Medium,Near,Yes,Medium,Male,Medium,Yes,No,Medium,High School,Medium,Positive,In Relationship,Public,High,74
2201,85,19,59,0,4,1.8800000000000001,7,8,8,6,22,4.7,Medium,Moderate,No,Medium,Male,High,Yes,No,Low,College,High,Negative,In Relationship,Private,High,67
2202,76,24,85,2,2,0.5599999999999999,9,7,7,6,19,5.6,High,Near,Yes,Low,Female,Medium,Yes,No,Medium,Postgraduate,High,Positive,In Relationship,Private,Medium,71
2203,70,12,53,2,2,1.72,9,7,7,6,21,4.3,High,Near,Yes,Low,Male,Medium,Yes,Yes,Medium,High School,Low,Neutral,Single,Public,Medium,60
2204,94,14,60,3,3,0.44000000000000006,6,4,4,8,22,4.4,Medium,Near,No,High,Female,Medium,Yes,No,Medium,College,Low,Neutral,Single,Public,Medium,68
2205,88,23,82,0,3,0.48,6,5,5,7,23,4.8,Medium,Near,No,Medium,Male,Medium,Yes,No,Medium,College,Medium,Negative,In Relationship,Private,Medium,69
2206,82,29,95,2,3,0.36000000000000004,5,5,5,7,21,3.6,High,Near,No,Medium,Male,Medium,Yes,No,Medium,College,High,Neutral,In Relationship,Public,High,74
2207,84,22,89,2,3,2.2,6,8,8,6,20,5.5,Medium,Near,Yes,Medium,Male,Medium,Yes,No,Medium,High School,High,Neutral,In Relationship,Public,Medium,71
2208,64,18,67,0,4,0.45999999999999996,6,5,5,7,19,4.6,Medium,Near,Yes,Low,Male,High,Yes,No,High,College,High,Negative,In Relationship,Private,Medium,63
2209,79,20,91,2,4,1.8399999999999999,7,7,7,6,22,4.6,Low,Moderate,Yes,Low,Male,High,No,Yes,High,College,High,Negative,Single,Private,Medium,66
2210,68,12,98,1,4,2.2800000000000002,7,7,7,6,23,5.7,High,Near,No,Medium,Male,High,Yes,No,Medium,High School,Medium,Neutral,Single,Private,High,65
2211,68,24,67,0,3,2.08,6,7,7,6,20,5.2,Low,Far,No,Low,Female,Medium,No,Yes,High,High School,Low,Positive,Single,Private,High,60
2212,86,25,59,3,3,0.65,6,8,8,5,24,6.5,Low,Near,Yes,Low,Female,Medium,Yes,No,Medium,High School,Medium,Positive,Single,Public,Medium,69
2213,96,17,60,1,3,0.41,6,5,5,7,21,4.1,Medium,Near,No,Low,Female,Medium,Yes,No,Medium,College,High,Neutral,In Relationship,Public,Medium,69
2214,76,17,70,2,4,2.72,6,9,9,4,19,6.8,High,Moderate,Yes,High,Male,High,Yes,No,Low,Postgraduate,Medium,Neutral,Single,Public,Medium,67
2215,68,22,53,1,2,0.44000000000000006,9,5,5,7,20,4.4,Medium,Moderate,Yes,Medium,Female,Medium,Yes,No,High,High School,High,Neutral,In Relationship,Public,Medium,65
2216,86,17,74,1,4,0.58,8,7,7,6,22,5.8,High,Near,Yes,Low,Male,High,Yes,No,Medium,College,High,Neutral,Single,Private,High,70
2217,95,20,87,0,3,2.68,8,8,8,5,23,6.7,Medium,Moderate,Yes,Low,Female,Medium,Yes,No,Low,Postgraduate,High,Positive,Single,Private,Medium,71
2218,90,33,77,3,6,2.2399999999999998,9,8,8,5,18,5.6,Medium,Moderate,Yes,Medium,Male,High,Yes,Yes,Medium,Postgraduate,Low,Negative,Single,Public,High,73
2219,95,19,99,0,2,1.8800000000000001,8,5,5,7,19,4.7,High,Moderate,Yes,Low,Male,Medium,Yes,No,Medium,Postgraduate,Low,Neutral,In Relationship,Public,Medium,70
2220,81,18,73,1,2,2.64,9,8,8,5,19,6.6,Low,Near,Yes,Medium,Female,Medium,Yes,No,High,High School,High,Neutral,In Relationship,Public,High,67
2221,90,16,51,1,5,1.56,8,4,4,8,22,3.9,High,Moderate,Yes,High,Female,High,Yes,No,Medium,High School,Low,Neutral,Single,Public,Medium,67
2222,66,24,74,0,2,0.6200000000000001,7,8,8,5,22,6.2,High,Moderate,No,High,Male,Medium,Yes,No,Medium,College,Low,Neutral,In Relationship,Public,High,65
2223,74,19,96,2,3,2.08,6,7,7,6,19,5.2,High,Near,Yes,High,Male,Medium,Yes,No,Medium,College,High,Neutral,Single,Public,Medium,69
2224,76,16,55,1,1,0.48,6,5,5,7,23,4.8,High,Near,Yes,Low,Male,Low,No,No,Medium,Postgraduate,High,Positive,In Relationship,Public,Medium,65
2225,80,28,61,1,3,0.5,8,7,7,6,21,5,High,Far,Yes,Low,Female,Medium,Yes,No,Low,College,Medium,Negative,In Relationship,Private,Medium,68
2226,97,29,86,0,3,0.37000000000000005,7,5,5,7,22,3.7,Medium,Near,No,Medium,Female,Medium,Yes,No,Medium,College,High,Positive,Single,Public,Medium,74
2227,95,16,65,0,3,0.27,5,4,4,8,22,2.7,Medium,Near,Yes,Medium,Female,Medium,Yes,No,High,College,Low,Neutral,In Relationship,Private,Medium,68
2228,65,9,88,1,3,1.8800000000000001,4,7,7,6,21,4.7,Medium,Near,No,Low,Male,Medium,Yes,No,Low,College,Medium,Positive,Single,Public,Medium,61
2229,67,26,71,3,3,1.6800000000000002,10,7,7,6,22,4.2,Low,Near,Yes,Low,Male,Medium,Yes,No,High,Postgraduate,Medium,Neutral,Single,Public,Medium,67
2230,74,16,90,1,4,2.12,6,7,7,5,19,5.3,High,Near,Yes,Low,Female,High,Yes,Yes,Medium,High School,High,Negative,Single,Private,Medium,66
2231,72,25,78,8,4,1.6,6,7,7,6,22,4,Low,Near,Yes,Medium,Male,High,Yes,No,Low,High School,Low,Positive,Single,Public,High,69
2232,85,8,54,1,3,1.7600000000000002,9,6,6,7,21,4.4,Low,Near,Yes,Low,Male,Medium,Yes,No,Low,High School,Medium,Positive,Single,Private,High,62
2233,96,25,69,0,4,1.4400000000000002,5,7,7,6,22,3.6,High,Moderate,Yes,Low,Male,High,Yes,No,Low,High School,Medium,Neutral,Single,Public,Medium,71
2234,98,13,67,1,4,0.68,8,8,8,5,19,6.8,High,Moderate,Yes,Medium,Female,High,Yes,No,Medium,Postgraduate,High,Positive,In Relationship,Private,Medium,71
2235,86,24,91,0,4,2.4800000000000004,10,8,8,5,23,6.2,High,Near,Yes,Low,Female,High,Yes,No,Low,College,Medium,Positive,Single,Private,High,72
2236,94,20,81,1,5,1.4400000000000002,10,7,7,6,19,3.6,High,Far,Yes,Medium,Female,High,Yes,Yes,Low,High School,Medium,Neutral,Single,Public,High,69
2237,81,14,89,6,3,2.5600000000000005,6,8,8,5,19,6.4,Medium,Near,No,Low,Female,Medium,No,No,Medium,College,Low,Neutral,Single,Private,High,67
2238,68,18,69,1,4,2.2,7,8,8,5,22,5.5,High,Moderate,No,Low,Female,High,Yes,Yes,Medium,High School,Medium,Neutral,Single,Public,High,63
2239,81,24,85,1,4,0.65,6,8,8,5,22,6.5,Medium,Moderate,Yes,Medium,Male,High,No,No,Medium,College,Medium,Neutral,Single,Public,High,68
2240,82,21,53,0,2,1.92,7,7,7,6,19,4.8,High,Near,Yes,High,Male,Medium,Yes,No,Low,Postgraduate,High,Positive,Single,Public,Medium,69
2241,90,24,52,0,3,2,9,7,7,6,19,5,Low,Near,Yes,Low,Female,Medium,Yes,Yes,Low,College,Medium,Negative,Single,Public,Medium,65
2242,69,32,64,0,3,1.32,5,5,5,7,19,3.3,High,Near,Yes,Medium,Female,Medium,Yes,No,Medium,Postgraduate,High,Negative,In Relationship,Public,Medium,70
2243,75,11,89,2,4,0.5,8,6,6,7,22,5,Medium,Moderate,No,High,Male,High,Yes,No,Medium,College,Medium,Positive,In Relationship,Private,High,65
2244,75,30,77,0,2,2.72,7,9,9,4,23,6.8,Medium,Moderate,No,Low,Male,Medium,Yes,No,Medium,High School,Medium,Positive,Single,Public,Medium,67
2245,98,21,70,0,1,3.04,9,9,9,5,20,7.6,High,Near,Yes,Low,Male,Low,Yes,No,Medium,College,Medium,Positive,In Relationship,Public,High,72
2246,78,15,95,1,3,0.63,9,8,8,5,23,6.3,High,Near,Yes,High,Male,Medium,Yes,No,High,High School,Medium,Positive,Single,Public,High,69
2247,90,12,75,2,3,1.9600000000000002,6,8,8,6,22,4.9,High,Near,Yes,Medium,Male,Medium,No,No,Low,Postgraduate,High,Neutral,In Relationship,Public,Medium,69
2248,90,19,81,4,4,1.64,7,7,7,6,21,4.1,Low,Near,No,High,Female,High,Yes,Yes,Medium,College,High,Neutral,Single,Public,High,71
2249,71,26,99,1,3,0.4,8,5,5,7,20,4,Low,Far,Yes,Medium,Male,Medium,Yes,No,Medium,High School,Medium,Positive,In Relationship,Public,High,67
2250,83,19,76,3,3,2.12,8,7,7,6,21,5.3,Low,Near,No,Low,Female,Medium,Yes,No,Low,Postgraduate,Low,Neutral,Single,Public,Low,65
2251,96,29,89,2,2,1.4400000000000002,4,5,5,7,20,3.6,Low,Far,No,Low,Female,Medium,Yes,No,Medium,High School,Low,Neutral,In Relationship,Public,High,70
2252,79,11,71,1,2,1.8800000000000001,8,7,7,6,21,4.7,Medium,Moderate,No,Medium,Female,Medium,Yes,No,Low,College,Medium,Positive,Single,Private,Medium,63
2253,98,20,52,0,3,1.56,9,5,5,7,19,3.9,High,Far,Yes,Medium,Male,Medium,Yes,No,Medium,College,High,Positive,Single,Private,Medium,71
2254,69,12,92,1,3,0.38,7,4,4,8,21,3.8,Medium,Near,Yes,Medium,Female,Medium,Yes,No,Low,College,High,Neutral,In Relationship,Public,Medium,64
2255,63,22,97,5,3,0.37000000000000005,8,5,5,7,22,3.7,High,Near,Yes,Medium,Male,Medium,Yes,No,High,High School,Medium,Neutral,In Relationship,Private,Medium,69
2256,96,25,72,0,3,2.32,9,9,9,5,19,5.8,Medium,Near,No,Low,Male,Medium,Yes,No,Low,High School,Low,Positive,Complicated,Private,Medium,69
2257,94,17,75,1,3,0.47000000000000003,7,5,5,7,22,4.7,Medium,Moderate,Yes,Low,Male,Medium,Yes,No,Medium,Postgraduate,Medium,Positive,Single,Public,High,70
2258,100,4,71,2,4,1.4800000000000002,8,7,7,6,21,3.7,Low,Moderate,No,Low,Female,High,Yes,No,Low,High School,High,Negative,Single,Private,Medium,64
2259,87,21,100,1,3,2.2,7,8,8,6,20,5.5,High,Near,No,Low,Male,Medium,Yes,No,Low,High School,Medium,Positive,In Relationship,Public,Medium,70
2260,97,23,95,0,4,1.8399999999999999,7,5,5,7,20,4.6,High,Moderate,No,Medium,Female,High,Yes,No,Medium,Postgraduate,Medium,Positive,Single,Private,High,74
2261,93,22,52,1,3,0.5599999999999999,6,7,7,6,19,5.6,Medium,Near,Yes,Low,Female,Medium,Yes,No,Medium,College,Medium,Negative,Single,Public,Medium,69
2262,94,27,89,3,2,2.32,7,8,8,5,19,5.8,Medium,Near,Yes,Low,Female,Medium,Yes,No,Medium,College,Low,Positive,Complicated,Private,Medium,73
2263,83,14,80,1,3,2.72,10,8,8,5,23,6.8,Medium,Near,Yes,Medium,Female,Medium,Yes,Yes,Medium,College,Medium,Neutral,Single,Private,High,66
2264,75,24,51,1,3,2.2399999999999998,6,7,7,6,24,5.6,High,Near,Yes,Medium,Male,Medium,No,No,High,High School,High,Negative,In Relationship,Public,High,67
2265,97,27,72,6,2,1.4000000000000001,8,5,5,7,19,3.5,High,Near,No,Low,Female,Medium,Yes,No,Medium,College,High,Neutral,In Relationship,Public,Medium,76
2266,77,9,57,2,3,1.36,7,5,5,8,21,3.4,Medium,Near,No,Medium,Male,Medium,Yes,No,Low,High School,Medium,Negative,In Relationship,Public,Low,61
2267,82,22,94,0,4,0.44000000000000006,9,6,6,7,22,4.4,Medium,Moderate,Yes,Medium,Female,High,Yes,No,High,High School,Low,Positive,In Relationship,Public,Medium,68
2268,78,17,51,1,3,0.44000000000000006,9,4,4,8,22,4.4,Low,Moderate,Yes,Low,Male,Medium,Yes,No,High,High School,Medium,Neutral,Single,Private,Medium,63
2269,83,20,94,1,2,0.26,6,4,4,8,21,2.6,Low,Near,Yes,Low,Male,Medium,Yes,No,Medium,High School,High,Neutral,In Relationship,Public,Medium,67
2270,79,22,97,3,3,1.6800000000000002,6,5,5,8,21,4.2,Low,Moderate,Yes,High,Male,Medium,Yes,No,Low,High School,Low,Negative,In Relationship,Public,Medium,66
2271,62,17,54,2,3,1.56,6,6,6,7,20,3.9,Low,Near,Yes,Medium,Male,Medium,Yes,No,Low,College,High,Neutral,Complicated,Public,High,62
2272,95,16,86,0,3,0.15000000000000002,6,2,2,9,23,1.5,Low,Near,Yes,Low,Male,Medium,Yes,No,Medium,High School,High,Neutral,Single,Private,High,69
2273,78,20,77,3,3,0.5700000000000001,6,7,7,6,21,5.7,Medium,Moderate,No,Medium,Male,Medium,Yes,No,Medium,High School,Medium,Positive,Single,Private,Medium,67
2274,84,13,98,2,2,1.9600000000000002,8,7,7,6,19,4.9,Medium,Moderate,No,Medium,Female,Medium,No,No,Low,College,Medium,Positive,Complicated,Public,Medium,66
2275,66,13,90,2,3,1.52,6,5,5,7,20,3.8,Medium,Moderate,Yes,Low,Male,Medium,Yes,Yes,Medium,High School,High,Positive,In Relationship,Public,Medium,63
2276,60,24,85,1,2,1.2400000000000002,6,4,4,8,19,3.1,Medium,Moderate,No,High,Male,Medium,Yes,No,Low,Postgraduate,Medium,Neutral,Single,Public,Medium,64
2277,70,13,96,2,5,2.3600000000000003,6,7,7,6,19,5.9,Medium,Moderate,Yes,Medium,Male,High,Yes,No,High,Postgraduate,Low,Negative,Single,Private,Medium,64
2278,88,24,58,1,3,0.65,8,8,8,5,22,6.5,Medium,Near,No,Low,Male,Medium,Yes,No,Medium,High School,Low,Negative,Single,Public,High,67
2279,64,23,69,4,3,2.2399999999999998,7,7,7,6,21,5.6,Medium,Moderate,Yes,High,Male,Medium,Yes,No,High,High School,Low,Positive,In Relationship,Public,Medium,66
2280,96,10,92,1,1,1.64,7,7,7,6,21,4.1,High,Near,Yes,Low,Female,Low,Yes,No,Medium,High School,High,Neutral,Single,Public,Low,68
2281,69,16,55,1,1,1.6,6,7,7,5,21,4,High,Moderate,Yes,Medium,Male,Low,Yes,No,Medium,High School,Medium,Negative,In Relationship,Public,High,62
2282,68,27,97,1,4,2.08,5,8,8,5,21,5.2,Medium,Near,Yes,Medium,Male,High,Yes,No,Low,College,Medium,Negative,In Relationship,Public,Medium,68
2283,67,14,87,1,3,2.72,9,8,8,5,19,6.8,Low,Near,No,Medium,Male,Medium,Yes,No,Medium,High School,High,Positive,In Relationship,Private,Medium,63
2284,61,17,72,1,2,2.68,7,9,9,4,19,6.7,High,Moderate,No,Medium,Male,Medium,Yes,No,Low,High School,Medium,Neutral,Single,Public,High,62
2285,91,23,67,2,2,0.30000000000000004,10,3,3,8,19,3,High,Near,No,Low,Male,Medium,Yes,No,High,College,High,Positive,Single,Public,Medium,72
2286,95,25,57,4,3,1.8800000000000001,8,7,7,5,22,4.7,Low,Moderate,No,Low,Female,Medium,Yes,No,Low,High School,Medium,Neutral,In Relationship,Public,Medium,69
2287,85,18,55,3,3,0.24,10,4,4,8,23,2.4,Low,Near,Yes,Medium,Male,Medium,Yes,No,High,High School,Medium,Neutral,Complicated,Public,High,67
2288,68,16,71,1,3,1.9600000000000002,8,7,7,6,19,4.9,High,Moderate,Yes,High,Male,Medium,Yes,No,Medium,High School,Medium,Neutral,Single,Private,High,65
2289,71,29,92,1,3,2.16,7,7,7,6,22,5.4,Medium,Near,No,Low,Female,Medium,Yes,No,Low,High School,High,Positive,Single,Public,Medium,69
2290,79,30,77,1,2,0.5599999999999999,6,7,7,6,21,5.6,High,Near,Yes,Low,Male,Medium,Yes,No,Medium,High School,High,Positive,In Relationship,Public,Medium,72
2291,98,26,73,2,3,1.8399999999999999,6,7,7,6,19,4.6,Medium,Near,Yes,Low,Female,Medium,Yes,No,Medium,High School,Low,Negative,Single,Public,Low,70
2292,70,21,66,1,4,1.7600000000000002,9,7,7,6,22,4.4,High,Moderate,No,Medium,Male,High,Yes,No,Medium,College,High,Neutral,Single,Public,Low,91
2293,89,15,58,2,3,1.32,7,6,6,7,20,3.3,Low,Moderate,Yes,Low,Male,Medium,Yes,No,Low,High School,High,Negative,Single,Public,Medium,65
2294,78,15,100,0,3,0.32000000000000006,8,5,5,7,22,3.2,Medium,Near,Yes,Low,Female,Medium,Yes,Yes,Low,High School,Low,Negative,In Relationship,Public,Medium,62
2295,72,23,51,2,3,0.43,8,4,4,8,20,4.3,High,Far,Yes,Low,Male,Medium,Yes,No,Medium,College,Low,Positive,Single,Private,Medium,65
2296,78,23,66,1,1,0.6000000000000001,8,8,8,5,21,6,Medium,Moderate,Yes,Medium,Female,Low,Yes,No,Medium,College,Medium,Neutral,In Relationship,Public,High,67
2297,63,28,88,4,4,0.24,6,4,4,8,21,2.4,Low,Far,No,Medium,Male,High,Yes,No,High,High School,Medium,Neutral,In Relationship,Public,High,67
2298,92,24,76,2,2,0.33,9,4,4,8,22,3.3,High,Near,No,High,Female,Medium,Yes,No,Medium,High School,Medium,Positive,In Relationship,Public,Medium,72
2299,70,11,66,1,3,2.72,7,8,8,5,19,6.8,Low,Near,Yes,Medium,Female,Medium,Yes,No,Low,High School,Medium,Negative,In Relationship,Public,High,60
2300,89,26,100,0,3,1.8800000000000001,7,7,7,6,20,4.7,Low,Near,No,Medium,Female,Medium,Yes,No,Low,High School,Medium,Neutral,Single,Public,Low,69
2301,63,14,81,0,5,2.08,8,6,6,6,23,5.2,Medium,Near,No,Medium,Female,High,Yes,No,Low,High School,Medium,Positive,In Relationship,Private,Low,61
2302,98,18,65,1,4,1.92,7,7,7,5,19,4.8,Medium,Near,Yes,High,Female,High,Yes,No,Medium,Postgraduate,Low,Neutral,Single,Private,Medium,70
2303,68,22,92,2,3,2.2,4,8,8,6,20,5.5,High,Near,No,High,Male,Medium,Yes,No,High,High School,Medium,Neutral,In Relationship,Public,Medium,68
2304,95,32,58,2,4,1.7600000000000002,9,5,5,8,20,4.4,High,Near,Yes,Medium,Male,High,Yes,No,Medium,High School,Medium,Positive,In Relationship,Private,Medium,75
2305,92,39,73,1,4,0.71,9,9,9,4,21,7.1,Medium,Moderate,No,Medium,Male,High,Yes,No,Medium,Postgraduate,Medium,Negative,Single,Public,Medium,75
2306,99,24,92,2,3,1.8800000000000001,4,7,7,6,19,4.7,Medium,Far,No,High,Male,Medium,Yes,No,Low,High School,High,Neutral,Complicated,Private,Medium,72
2307,79,19,99,1,4,0.43,5,4,4,8,20,4.3,Medium,Moderate,Yes,Low,Female,High,Yes,No,High,College,Low,Negative,Single,Private,Medium,66
2308,89,23,69,5,4,1.36,10,4,4,8,20,3.4,High,Near,No,Medium,Male,High,Yes,No,Low,High School,Low,Neutral,Single,Public,Medium,71
2309,75,25,57,4,5,0.42000000000000004,7,5,5,7,22,4.2,High,Near,No,Low,Male,High,Yes,No,High,College,Low,Positive,In Relationship,Public,High,70
2310,67,18,78,2,3,2.32,7,7,7,6,22,5.8,High,Near,Yes,Medium,Female,Medium,Yes,Yes,Low,High School,Medium,Negative,Single,Public,Medium,63
2311,78,31,97,0,3,3.2,6,9,9,5,20,8,High,Near,Yes,Medium,Male,Medium,Yes,No,Low,High School,High,Neutral,In Relationship,Public,High,72
2312,67,21,83,1,5,1.8800000000000001,5,7,7,6,21,4.7,Medium,Near,Yes,Low,Male,High,Yes,No,Medium,High School,Medium,Neutral,Single,Private,High,65
2313,99,23,80,3,2,1.72,7,5,5,7,23,4.3,Medium,Near,Yes,Low,Male,Medium,Yes,No,Low,High School,Medium,Neutral,In Relationship,Private,Low,71
2314,64,24,65,0,3,0.37000000000000005,8,5,5,7,21,3.7,Medium,Near,Yes,Medium,Female,Medium,Yes,No,Medium,College,Medium,Positive,Single,Public,Medium,65
2315,84,23,80,1,3,0.54,7,7,7,6,21,5.4,Low,Moderate,Yes,Medium,Female,Medium,Yes,No,Medium,College,Medium,Positive,In Relationship,Private,High,69
2316,85,25,94,3,3,2.2399999999999998,8,7,7,6,21,5.6,Low,Moderate,Yes,Medium,Male,Medium,Yes,No,Medium,High School,Medium,Positive,In Relationship,Public,High,71
2317,82,16,69,2,4,2.16,10,8,8,5,20,5.4,High,Near,Yes,Low,Male,High,Yes,No,Medium,College,Medium,Positive,Single,Public,Medium,68
2318,86,17,62,2,4,2.5600000000000005,6,8,8,5,19,6.4,Medium,Near,No,Medium,Female,High,Yes,No,Low,High School,Low,Positive,Single,Public,High,66
2319,65,13,74,0,2,3.28,7,9,9,5,20,8.2,Medium,Moderate,No,High,Male,Medium,Yes,Yes,Low,High School,High,Neutral,In Relationship,Public,Medium,60
2320,82,23,69,0,3,1.72,9,5,5,7,20,4.3,Medium,Near,No,High,Female,Medium,Yes,No,Medium,High School,Medium,Positive,Single,Public,Medium,68
2321,71,25,73,1,4,2.64,6,8,8,5,19,6.6,High,Near,Yes,Low,Female,High,Yes,No,Medium,High School,Medium,Neutral,In Relationship,Private,Medium,67
2322,98,23,55,3,4,3.28,7,9,9,5,20,8.2,Low,Near,No,High,Male,High,Yes,No,Medium,High School,Medium,Neutral,In Relationship,Private,High,71
2323,90,30,67,2,6,1.4800000000000002,10,4,4,8,19,3.7,Medium,Near,No,Medium,Male,High,Yes,No,High,High School,High,Neutral,Single,Private,Medium,74
2324,99,20,91,2,4,2.8800000000000003,6,9,9,4,19,7.2,Medium,Near,No,Medium,Male,High,Yes,No,Medium,High School,Low,Negative,Single,Public,Low,70
2325,62,24,70,2,2,0.34,9,4,4,8,21,3.4,High,Moderate,No,Low,Female,Medium,Yes,No,Low,College,Low,Positive,In Relationship,Public,Medium,63
2326,71,13,98,0,3,0.65,7,8,8,5,23,6.5,Medium,Near,No,Medium,Male,Medium,Yes,No,Medium,College,Medium,Positive,Single,Public,Medium,64
2327,68,18,85,3,3,2.68,10,9,9,4,19,6.7,High,Near,Yes,Low,Male,Medium,Yes,No,High,High School,Medium,Neutral,Single,Public,Medium,66
2328,60,24,68,0,3,0.49000000000000005,5,7,7,6,20,4.9,Medium,Near,Yes,Medium,Female,Medium,Yes,No,Medium,Postgraduate,Medium,Neutral,Complicated,Public,Low,64
2329,70,25,63,1,3,1.4000000000000001,7,6,6,7,20,3.5,High,Moderate,Yes,Medium,Male,Medium,Yes,No,Medium,College,High,Positive,Single,Private,High,69
2330,87,18,84,2,4,3.24,5,9,9,5,19,8.1,High,Near,Yes,Medium,Male,High,Yes,No,Medium,Postgraduate,Medium,Positive,In Relationship,Private,Low,71
2331,69,20,65,1,2,0.38,6,6,6,7,20,3.8,Medium,Near,No,Low,Female,Medium,Yes,No,Medium,High School,High,Neutral,Complicated,Public,Medium,64
2332,80,11,96,1,3,1.8399999999999999,6,7,7,6,20,4.6,Medium,Near,Yes,Low,Male,Medium,Yes,No,Low,High School,Medium,Neutral,Single,Public,High,65
2333,96,18,56,2,1,0.37000000000000005,7,5,5,7,22,3.7,Medium,Near,No,Medium,Female,Low,Yes,No,Low,College,High,Neutral,Single,Private,Medium,69
2334,88,25,51,1,1,1.8,5,5,5,7,19,4.5,High,Near,No,Medium,Female,Low,Yes,No,Medium,High School,Medium,Neutral,In Relationship,Public,Low,68
2335,76,23,61,3,4,1.6800000000000002,7,8,8,5,20,4.2,Medium,Near,Yes,Medium,Male,High,Yes,No,Medium,High School,Medium,Positive,In Relationship,Public,Low,68
2336,75,23,80,0,4,2,8,8,8,6,21,5,Medium,Moderate,Yes,Low,Female,High,Yes,No,High,High School,High,Neutral,In Relationship,Private,High,68
2337,78,20,92,1,3,0.75,5,8,8,5,21,7.5,Medium,Far,Yes,Medium,Male,Medium,Yes,No,Low,High School,Low,Positive,In Relationship,Public,Medium,65
2338,67,20,59,1,4,0.43,6,5,5,7,20,4.3,High,Near,No,Medium,Female,High,Yes,No,Low,College,High,Negative,In Relationship,Private,Medium,65
2339,85,16,79,1,3,2.3600000000000003,10,9,9,5,18,5.9,Low,Near,No,High,Male,Medium,Yes,No,Low,College,Medium,Neutral,Complicated,Private,Medium,66
2340,75,24,57,0,1,1.8399999999999999,7,7,7,6,22,4.6,Low,Near,No,Medium,Male,Low,Yes,No,Medium,Postgraduate,High,Neutral,Single,Public,Medium,66
2341,94,23,78,2,4,1.7600000000000002,4,5,5,7,23,4.4,Low,Moderate,Yes,High,Male,High,Yes,No,Medium,High School,Medium,Neutral,In Relationship,Public,High,71
2342,90,23,51,0,1,0.44000000000000006,5,5,5,7,22,4.4,Medium,Near,Yes,Low,Male,Low,Yes,No,Medium,High School,High,Negative,Single,Public,High,68
2343,84,17,78,0,5,2.44,7,8,8,5,23,6.1,Medium,Moderate,Yes,High,Female,High,Yes,Yes,Low,College,Low,Neutral,Single,Public,High,65
2344,75,7,76,0,4,0.4,7,5,5,7,22,4,High,Moderate,Yes,Medium,Female,High,Yes,No,Medium,College,Medium,Positive,In Relationship,Private,Low,63
2345,68,27,52,1,5,2.32,6,9,9,5,19,5.8,Medium,Far,No,Medium,Female,High,Yes,No,Medium,Postgraduate,High,Neutral,Complicated,Private,Low,66
2346,91,17,84,7,4,1.6800000000000002,10,5,5,7,20,4.2,Low,Moderate,Yes,Low,Male,High,Yes,Yes,Medium,College,High,Neutral,In Relationship,Public,High,71
2347,79,15,79,2,4,1.92,10,7,7,6,22,4.8,Medium,Moderate,Yes,Low,Male,High,Yes,No,Medium,College,Low,Neutral,Single,Private,Medium,65
2348,69,24,81,3,4,2.6,7,9,9,5,19,6.5,High,Near,Yes,Medium,Female,High,Yes,No,Low,High School,Medium,Neutral,Single,Private,Medium,68
2349,68,18,76,2,3,1.7600000000000002,8,7,7,6,22,4.4,Medium,Near,Yes,High,Male,Medium,Yes,No,High,Postgraduate,Medium,Neutral,Single,Public,Medium,66
2350,67,26,86,2,2,2.32,8,7,7,6,22,5.8,High,Near,No,Low,Female,Medium,Yes,Yes,Medium,High School,Low,Negative,In Relationship,Public,Medium,64
2351,91,24,76,1,4,0.30000000000000004,9,4,4,8,21,3,Low,Near,Yes,Low,Female,High,Yes,No,High,College,Medium,Positive,In Relationship,Public,Low,70
2352,69,24,96,4,4,0.47000000000000003,6,5,5,7,20,4.7,Low,Moderate,Yes,High,Male,High,Yes,No,Medium,College,High,Positive,In Relationship,Public,Medium,70
2353,81,12,97,1,5,0.65,10,8,8,5,23,6.5,High,Near,No,Low,Female,High,Yes,No,Low,High School,Medium,Positive,Single,Private,Medium,66
2354,78,27,86,3,2,1.6800000000000002,7,7,7,6,20,4.2,Medium,Moderate,Yes,Medium,Female,Medium,Yes,No,Medium,High School,Medium,Positive,Complicated,Public,Medium,70
2355,83,22,96,2,0,0.9199999999999999,8,4,4,8,19,2.3,High,Near,No,Medium,Female,Low,No,No,Medium,College,High,Positive,Single,Public,High,71
2356,95,18,96,2,4,0.55,7,7,7,6,20,5.5,High,Moderate,No,Medium,Male,High,Yes,Yes,Medium,High School,Low,Positive,In Relationship,Private,High,70
2357,95,21,63,1,4,0.5599999999999999,7,7,7,6,21,5.6,Medium,Near,No,Low,Male,High,Yes,No,Medium,Postgraduate,Medium,Positive,In Relationship,Private,Medium,70
2358,78,9,100,2,2,0.7200000000000001,7,9,9,4,22,7.2,Medium,Near,Yes,Medium,Male,Medium,Yes,No,Low,High School,High,Positive,Single,Public,Medium,66
2359,61,22,63,1,3,1.32,5,6,6,7,20,3.3,Medium,Near,No,Low,Male,Medium,Yes,No,Low,Postgraduate,High,Positive,Single,Public,Medium,64
2360,77,14,51,5,3,0.6900000000000001,4,8,8,5,20,6.9,High,Moderate,No,Low,Male,Medium,Yes,No,Low,College,High,Positive,In Relationship,Public,Medium,66
2361,84,12,98,1,3,1.4000000000000001,7,5,5,7,19,3.5,Medium,Near,Yes,Low,Female,Medium,Yes,No,High,High School,High,Positive,Single,Public,Medium,68
2362,82,11,61,2,2,1.8800000000000001,6,7,7,6,19,4.7,Low,Near,No,Medium,Female,Medium,Yes,No,Low,High School,Low,Neutral,Complicated,Public,Medium,61
2363,86,27,79,2,4,0.5700000000000001,8,7,7,6,21,5.7,Medium,Near,Yes,Low,Male,High,Yes,No,Medium,College,Medium,Positive,Single,Private,High,72
2364,66,16,99,1,3,1.04,8,4,4,8,20,2.6,High,Moderate,No,Low,Male,Medium,Yes,No,Medium,High School,High,Positive,Single,Private,High,66
2365,86,29,52,1,3,0.6400000000000001,7,8,8,5,20,6.4,Low,Near,Yes,Low,Female,Medium,Yes,No,Medium,College,Low,Positive,Single,Public,Medium,68
2366,67,17,63,1,4,0.53,9,7,7,6,23,5.3,Medium,Far,No,Low,Male,High,Yes,No,High,College,Low,Negative,In Relationship,Public,High,61
2367,90,10,80,0,5,1.92,7,6,6,7,21,4.8,Medium,Near,Yes,Medium,Female,High,Yes,No,Low,High School,High,Neutral,Single,Public,Medium,67
2368,74,13,88,3,3,0.48,5,5,5,7,20,4.8,High,Near,Yes,Low,Female,Medium,Yes,Yes,Low,College,High,Neutral,Single,Private,Medium,66
2369,88,27,90,3,4,1.9600000000000002,7,7,7,6,21,4.9,Medium,Moderate,Yes,Medium,Female,High,Yes,No,Medium,Postgraduate,Medium,Positive,Single,Public,Medium,74
2370,62,19,94,0,4,0.7200000000000001,9,9,9,4,22,7.2,Medium,Near,Yes,High,Female,High,Yes,No,Medium,Postgraduate,High,Neutral,Single,Public,Low,66
2371,76,17,58,4,2,1.2400000000000002,4,4,4,8,19,3.1,Medium,Moderate,Yes,Medium,Female,Medium,Yes,No,Medium,Postgraduate,High,Neutral,Single,Private,Medium,67
2372,88,21,69,4,3,2.2800000000000002,7,7,7,6,21,5.7,Low,Near,Yes,Medium,Male,Medium,Yes,No,Medium,College,High,Neutral,Single,Private,Medium,71
2373,69,23,86,0,4,2.8000000000000003,8,9,9,4,19,7,Low,Far,Yes,Medium,Male,High,Yes,No,High,College,High,Neutral,Single,Public,High,66
2374,92,27,86,0,3,2.68,10,8,8,5,21,6.7,Medium,Moderate,Yes,Low,Male,Medium,Yes,No,High,High School,Medium,Positive,Single,Private,Low,71
2375,85,29,65,4,4,0.47000000000000003,9,5,5,7,24,4.7,Medium,Moderate,Yes,Low,Male,High,No,No,High,Postgraduate,High,Neutral,In Relationship,Private,Medium,72
2376,84,18,65,2,3,1.4800000000000002,7,7,7,6,20,3.7,Medium,Near,Yes,Medium,Female,Medium,Yes,No,Medium,High School,Medium,Negative,Single,Public,Medium,66
2377,74,12,66,1,2,1.56,8,6,6,7,20,3.9,Low,Near,Yes,Low,Male,Medium,Yes,No,Low,High School,High,Positive,Single,Public,Medium,62
2378,79,18,95,1,2,0.22999999999999998,4,3,3,8,23,2.3,Medium,Moderate,Yes,Low,Female,Medium,Yes,No,Low,High School,High,Negative,In Relationship,Public,High,66
2379,84,22,95,2,3,0.27999999999999997,5,4,4,8,22,2.8,High,Moderate,Yes,Low,Male,Medium,Yes,No,Medium,High School,Low,Neutral,Single,Public,High,69
2380,79,14,51,0,4,0.43,8,5,5,7,19,4.3,Medium,Near,Yes,Medium,Male,High,Yes,No,Medium,High School,Medium,Negative,Single,Public,High,64
2381,88,14,66,4,3,2.16,7,7,7,5,21,5.4,Medium,Near,Yes,Medium,Female,Medium,Yes,No,Medium,High School,Medium,Positive,Single,Public,High,69
2382,77,22,70,2,4,1.2800000000000002,7,6,6,7,19,3.2,Low,Near,Yes,Medium,Male,High,Yes,No,Medium,Postgraduate,High,Positive,Single,Private,Medium,69
2383,68,20,99,0,2,0.43,7,5,5,7,19,4.3,Low,Moderate,Yes,Low,Female,Medium,Yes,Yes,High,College,High,Positive,Single,Public,Medium,64
2384,69,20,97,3,3,2.8000000000000003,7,9,9,4,19,7,High,Near,Yes,Medium,Female,Medium,Yes,Yes,Medium,College,Medium,Positive,Single,Public,High,68
2385,60,15,81,4,2,0.5700000000000001,7,7,7,6,21,5.7,Medium,Near,Yes,Low,Male,Medium,Yes,No,Low,High School,Medium,Positive,Single,Public,High,63
2386,72,19,52,1,2,1.92,5,7,7,5,19,4.8,Medium,Near,Yes,Low,Male,Medium,Yes,No,Low,High School,High,Positive,Single,Public,Medium,64
2387,90,14,60,2,4,1.72,7,5,5,7,23,4.3,High,Near,Yes,Medium,Male,High,Yes,No,Medium,Postgraduate,Medium,Neutral,In Relationship,Public,Medium,69
2388,92,25,72,1,4,1.8800000000000001,5,7,7,5,22,4.7,High,Near,No,Medium,Female,High,Yes,No,Medium,High School,Low,Positive,In Relationship,Public,Medium,71
2389,68,26,98,2,3,1,6,4,4,8,19,2.5,High,Far,No,Medium,Female,Medium,Yes,No,Low,College,Medium,Neutral,Single,Private,Medium,67
2390,98,9,55,3,2,3.4000000000000004,9,9,9,5,19,8.5,Medium,Near,No,Low,Male,Medium,Yes,No,Low,High School,High,Positive,In Relationship,Public,Medium,67
2391,80,14,90,2,2,0.6200000000000001,7,8,8,5,22,6.2,Low,Far,Yes,Low,Female,Medium,Yes,No,High,College,High,Negative,Single,Public,High,66
2392,97,11,60,0,3,1.2800000000000002,8,4,4,8,20,3.2,High,Near,Yes,Medium,Male,Medium,Yes,No,Medium,High School,Medium,Positive,Single,Private,Low,67
2393,88,16,75,2,4,0.5599999999999999,7,7,7,6,21,5.6,High,Near,No,Medium,Female,High,Yes,No,Low,Postgraduate,Low,Neutral,In Relationship,Public,Medium,68
2394,89,19,88,1,2,0.38,6,5,5,7,22,3.8,Medium,Near,Yes,Medium,Female,Medium,Yes,No,Low,High School,Medium,Positive,Single,Public,High,69
2395,63,11,85,0,4,0.48,5,5,5,7,20,4.8,High,Moderate,Yes,Low,Female,High,No,Yes,High,High School,High,Positive,Single,Public,High,62
2396,69,14,89,2,5,0.6400000000000001,6,8,8,5,22,6.4,Medium,Moderate,Yes,High,Female,High,Yes,No,High,High School,Medium,Positive,Single,Private,High,66
2397,60,14,91,1,3,1.92,7,6,6,7,21,4.8,Medium,Near,Yes,Low,Male,Medium,Yes,No,Medium,Postgraduate,Medium,Negative,Single,Private,High,63
2398,89,21,65,2,3,0.5900000000000001,8,7,7,6,21,5.9,Low,Near,Yes,Low,Female,Medium,Yes,No,Medium,College,Low,Neutral,Single,Public,Low,67
2399,74,20,68,3,4,1.64,7,6,6,7,22,4.1,Medium,Far,No,Medium,Male,High,Yes,No,High,High School,High,Positive,In Relationship,Public,Medium,68
2400,91,16,91,2,2,2.32,8,7,7,6,19,5.8,Low,Far,No,Medium,Female,Medium,Yes,No,Low,High School,Medium,Neutral,Single,Public,Medium,66
2401,74,21,52,3,1,2.2399999999999998,5,7,7,6,24,5.6,Medium,Near,Yes,Medium,Male,Low,Yes,No,Medium,High School,Medium,Positive,In Relationship,Private,Medium,66
2402,93,17,76,0,3,0.52,8,6,6,6,20,5.2,Medium,Moderate,No,Low,Female,Medium,Yes,No,Low,High School,High,Negative,In Relationship,Private,Medium,67
2403,65,18,96,1,2,1.7600000000000002,5,7,7,6,22,4.4,Medium,Near,Yes,High,Female,Medium,Yes,No,Medium,High School,High,Neutral,Single,Private,Medium,66
2404,67,30,94,1,2,0.30000000000000004,8,4,4,8,21,3,Medium,Near,Yes,Medium,Female,Medium,Yes,No,Medium,College,Medium,Neutral,In Relationship,Public,Medium,69
2405,74,28,90,2,3,0.42000000000000004,8,6,6,7,21,4.2,High,Near,No,Medium,Male,Medium,Yes,No,High,Postgraduate,Medium,Positive,In Relationship,Public,Medium,72
2406,76,12,51,0,1,2.12,4,8,8,5,18,5.3,Low,Near,Yes,Low,Female,Low,Yes,No,Medium,High School,Medium,Neutral,Single,Private,Medium,60
2407,74,25,94,0,4,0.42000000000000004,8,6,6,7,21,4.2,High,Moderate,Yes,Low,Female,High,Yes,No,High,High School,Low,Positive,In Relationship,Public,Medium,68
2408,91,25,96,3,3,3,8,9,9,5,19,7.5,Medium,Near,Yes,Medium,Female,Medium,Yes,No,Medium,High School,Low,Neutral,In Relationship,Public,Medium,72
2409,64,13,83,1,4,2.8000000000000003,9,9,9,4,24,7,High,Near,Yes,High,Male,High,Yes,No,Low,High School,Medium,Positive,Single,Public,Medium,64
2410,74,25,65,0,1,0.29,6,5,5,7,22,2.9,Medium,Moderate,Yes,High,Male,Low,Yes,No,High,High School,Low,Neutral,Complicated,Public,Medium,65
2411,93,29,74,3,3,0.48,7,6,6,7,22,4.8,High,Near,No,Medium,Male,Medium,Yes,No,Medium,High School,High,Positive,In Relationship,Private,High,76
2412,63,13,88,0,2,0.2,8,3,3,8,24,2,Medium,Near,No,Low,Male,Medium,Yes,No,Medium,High School,Low,Negative,Single,Private,Medium,59
2413,98,14,91,0,4,2.16,8,8,8,5,19,5.4,Medium,Moderate,Yes,Low,Male,High,Yes,No,Low,High School,Medium,Negative,In Relationship,Public,Medium,67
2414,99,26,67,4,4,1.6800000000000002,8,6,6,7,19,4.2,Medium,Near,Yes,Medium,Male,High,Yes,Yes,Medium,High School,Medium,Positive,Single,Private,Medium,73
2415,64,22,66,1,4,1.16,6,4,4,8,19,2.9,High,Near,No,Medium,Male,High,Yes,No,Low,College,Medium,Neutral,Single,Public,Medium,64
2416,72,23,87,3,3,0.51,8,8,8,5,22,5.1,High,Near,No,Medium,Male,Medium,Yes,No,Low,High School,Medium,Neutral,Single,Public,Low,67
2417,75,22,84,3,3,2.2399999999999998,8,7,7,6,21,5.6,Medium,Near,Yes,High,Male,Medium,Yes,No,Low,College,High,Negative,In Relationship,Public,Medium,69
2418,91,22,76,1,3,0.38,7,4,4,8,23,3.8,Low,Moderate,Yes,Low,Female,Medium,Yes,No,Medium,College,Medium,Neutral,In Relationship,Public,High,69
2419,84,12,71,2,3,1.72,6,6,6,7,22,4.3,High,Moderate,Yes,Medium,Male,Medium,No,No,Medium,College,High,Positive,Single,Public,Medium,67
2420,86,26,83,2,4,0.22000000000000003,6,3,3,8,24,2.2,High,Near,Yes,Low,Male,High,Yes,No,Medium,High School,Medium,Positive,Single,Public,Medium,72
2421,90,27,52,2,2,0.5700000000000001,9,8,8,5,18,5.7,Medium,Near,No,Low,Male,Medium,No,Yes,Low,College,Low,Positive,In Relationship,Public,High,86
2422,65,19,54,0,3,1.32,8,4,4,7,21,3.3,High,Far,Yes,Low,Female,Medium,Yes,No,Medium,High School,Medium,Neutral,In Relationship,Private,High,62
2423,93,20,79,1,3,2.16,7,7,7,5,21,5.4,Low,Near,No,Medium,Female,Medium,Yes,No,Medium,Postgraduate,Medium,Neutral,Single,Public,Low,69
2424,88,11,61,2,3,1.6,7,4,4,8,22,4,High,Near,Yes,Medium,Male,Medium,Yes,No,Low,Postgraduate,High,Neutral,Single,Public,Medium,68
2425,83,23,89,1,3,0.41,4,5,5,7,22,4.1,High,Far,Yes,Medium,Male,Medium,Yes,No,Low,High School,High,Negative,In Relationship,Public,Medium,99
2426,96,23,89,1,3,1.64,7,7,7,5,22,4.1,Medium,Far,Yes,Low,Female,Medium,Yes,No,Medium,College,Low,Positive,In Relationship,Private,Medium,70
2427,88,20,85,2,3,1.8800000000000001,5,7,7,6,20,4.7,Medium,Near,Yes,Medium,Male,Medium,Yes,No,Medium,High School,Low,Negative,Single,Public,Medium,68
2428,68,27,95,0,4,1.92,7,7,7,5,19,4.8,Medium,Near,Yes,Medium,Male,High,Yes,No,Low,High School,Medium,Positive,Single,Public,Medium,67
2429,77,18,57,1,2,3.28,9,9,9,5,20,8.2,Medium,Near,Yes,Low,Male,Medium,Yes,No,Low,Postgraduate,High,Negative,In Relationship,Public,High,66
2430,80,23,63,0,2,2.52,6,8,8,5,21,6.3,High,Near,No,High,Male,Medium,Yes,No,Low,High School,Low,Positive,Single,Private,Medium,66
2431,62,14,63,2,2,1.8399999999999999,7,7,7,6,22,4.6,High,Moderate,Yes,Low,Female,Medium,Yes,No,Medium,College,Medium,Positive,Single,Public,Medium,62
2432,98,20,89,3,2,1.32,8,5,5,7,19,3.3,Medium,Near,Yes,High,Male,Medium,Yes,Yes,High,College,Medium,Negative,In Relationship,Public,Medium,72
2433,65,19,76,0,3,2.12,7,8,8,5,19,5.3,High,Near,Yes,Medium,Female,Medium,No,No,Medium,Postgraduate,Medium,Neutral,In Relationship,Public,Medium,64
2434,88,21,63,1,3,2.32,6,9,9,5,19,5.8,Medium,Near,Yes,Medium,Female,Medium,Yes,No,Low,High School,Medium,Neutral,Complicated,Public,Medium,68
2435,80,18,57,2,3,0.58,7,8,8,6,20,5.8,High,Far,Yes,Low,Female,Medium,Yes,No,Medium,Postgraduate,Medium,Positive,In Relationship,Public,Low,66
2436,61,19,95,4,3,1.64,8,7,7,5,22,4.1,High,Near,Yes,Medium,Male,Medium,Yes,No,High,College,Medium,Positive,In Relationship,Private,Medium,68
2437,97,25,85,3,1,2.04,7,7,7,6,19,5.1,High,Near,Yes,High,Male,Low,Yes,No,High,Postgraduate,Low,Neutral,Single,Public,Medium,75
2438,94,17,76,3,3,2.12,7,8,8,5,19,5.3,Low,Far,No,Low,Male,Medium,Yes,Yes,High,College,Low,Neutral,In Relationship,Public,High,67
2439,81,10,98,2,2,0.37000000000000005,9,5,5,7,21,3.7,Medium,Near,Yes,Low,Male,Medium,Yes,No,Medium,College,Low,Neutral,Single,Public,Medium,65
2440,69,30,92,2,3,1.32,8,4,4,8,19,3.3,Medium,Near,No,Medium,Female,Medium,Yes,No,Medium,High School,Medium,Neutral,Single,Public,Low,68
2441,65,28,59,2,5,1.7600000000000002,5,5,5,7,23,4.4,Medium,Near,Yes,Low,Male,High,Yes,No,High,High School,Medium,Neutral,In Relationship,Private,Medium,67
2442,75,12,75,1,2,1.1199999999999999,8,4,4,8,20,2.8,Medium,Near,Yes,Low,Female,Medium,Yes,No,High,College,Medium,Negative,Single,Private,Medium,63
2443,70,24,74,2,3,0.6400000000000001,8,7,7,6,22,6.4,High,Near,Yes,Medium,Male,Medium,Yes,No,Low,High School,Medium,Negative,Single,Public,High,67
2444,80,17,92,0,4,1.32,5,6,6,7,20,3.3,Medium,Near,Yes,Low,Female,High,Yes,No,Medium,Postgraduate,Medium,Negative,Single,Private,Medium,67
2445,99,22,57,2,3,0.47000000000000003,4,5,5,7,22,4.7,Medium,Near,Yes,Medium,Female,Medium,Yes,No,High,College,Medium,Positive,In Relationship,Public,High,73
2446,83,22,73,0,3,0.2,5,3,3,8,24,2,Medium,Near,Yes,Low,Male,Medium,No,No,High,High School,Medium,Positive,Single,Public,Medium,67
2447,96,19,82,1,4,0.53,7,7,7,6,23,5.3,Medium,Near,No,High,Male,High,Yes,No,Medium,Postgraduate,Medium,Neutral,In Relationship,Public,Medium,71
2448,86,15,97,2,4,2,9,7,7,6,20,5,Medium,Near,No,Medium,Male,High,Yes,No,Medium,High School,Low,Negative,In Relationship,Public,Medium,67
2449,79,16,95,0,5,2.64,6,9,9,4,19,6.6,Low,Near,Yes,High,Male,High,Yes,No,Medium,College,High,Neutral,In Relationship,Public,Medium,68
2450,94,15,77,1,1,1.6,8,4,4,8,22,4,Low,Near,Yes,High,Male,Low,Yes,No,Medium,College,Low,Positive,Single,Private,High,68
2451,79,15,80,1,4,2.04,4,7,7,6,21,5.1,Medium,Far,Yes,High,Male,High,Yes,No,Medium,High School,High,Negative,Single,Private,Medium,66
2452,95,20,93,0,2,0.48,7,5,5,7,22,4.8,Low,Near,Yes,Low,Male,Medium,No,No,Low,High School,High,Neutral,Single,Public,High,68
2453,72,16,87,2,4,2.72,6,9,9,4,19,6.8,Low,Near,No,Medium,Female,High,No,No,Medium,High School,Medium,Positive,Single,Private,Low,63
2454,65,24,94,2,2,1.7600000000000002,10,7,7,6,22,4.4,High,Moderate,No,Medium,Male,Medium,Yes,No,Medium,Postgraduate,High,Neutral,Single,Public,Medium,68
2455,94,29,95,1,5,1.52,4,5,5,7,20,3.8,High,Near,Yes,Medium,Male,High,Yes,No,Medium,High School,Low,Positive,In Relationship,Public,Medium,74
2456,83,17,92,3,2,2.52,7,8,8,6,20,6.3,Medium,Moderate,Yes,Low,Male,Medium,Yes,Yes,Low,High School,Low,Neutral,Single,Public,Medium,65
2457,96,21,50,1,2,1.8,4,7,7,6,20,4.5,Medium,Moderate,Yes,Low,Male,Medium,Yes,No,Medium,Postgraduate,Medium,Positive,Single,Private,Low,69
2458,98,23,66,1,1,1.1199999999999999,6,5,5,7,20,2.8,High,Moderate,No,Low,Male,Low,Yes,No,Medium,High School,Medium,Neutral,In Relationship,Public,Medium,70
2459,62,23,70,3,2,1.8,4,6,6,7,22,4.5,Low,Moderate,Yes,Medium,Female,Medium,Yes,No,High,College,Medium,Positive,Single,Public,High,65
2460,80,20,84,1,4,1.2800000000000002,10,4,4,8,20,3.2,Medium,Near,No,Medium,Male,High,Yes,No,Medium,College,Medium,Positive,Single,Public,Medium,68
2461,75,24,65,0,5,1.4000000000000001,6,7,7,6,20,3.5,Medium,Moderate,No,Medium,Male,High,No,No,Medium,College,Low,Positive,Single,Public,Medium,65
2462,85,23,66,0,2,0.27999999999999997,7,4,4,8,21,2.8,High,Near,No,High,Male,Medium,No,No,Low,College,Medium,Neutral,In Relationship,Public,High,68
2463,92,13,70,4,3,2.64,7,9,9,4,19,6.6,High,Near,Yes,Low,Male,Medium,Yes,No,Low,High School,Medium,Neutral,In Relationship,Public,Medium,68
2464,71,25,98,0,1,2.04,5,7,7,6,21,5.1,Medium,Far,Yes,Low,Male,Low,Yes,No,Low,Postgraduate,Medium,Positive,Single,Public,Medium,66
2465,82,25,72,0,0,0.37000000000000005,9,4,4,8,22,3.7,Medium,Near,No,High,Female,Low,Yes,No,High,College,High,Positive,In Relationship,Public,Medium,70
2466,88,15,57,1,2,1.8800000000000001,8,6,6,7,22,4.7,Medium,Far,No,High,Male,Medium,Yes,No,Medium,High School,Medium,Positive,Single,Private,Medium,66
2467,65,20,50,0,5,0.31000000000000005,8,4,4,8,22,3.1,High,Near,Yes,Low,Male,High,Yes,No,Medium,High School,Medium,Positive,In Relationship,Public,Medium,64
2468,93,24,62,1,1,1.92,5,8,8,5,21,4.8,High,Near,No,Low,Female,Low,Yes,No,Medium,College,Medium,Neutral,In Relationship,Public,Medium,70
2469,84,19,97,1,3,1.7600000000000002,9,6,6,7,21,4.4,Medium,Near,No,High,Male,Medium,Yes,Yes,Low,High School,High,Negative,Single,Public,Medium,68
2470,98,26,98,4,2,0.45999999999999996,9,5,5,7,22,4.6,High,Moderate,Yes,Low,Male,Medium,Yes,No,Low,College,Low,Positive,In Relationship,Public,Low,74
2471,74,34,76,2,2,0.6000000000000001,7,7,7,6,22,6,Low,Near,Yes,Low,Female,Medium,Yes,No,Medium,College,High,Positive,Single,Public,High,71
2472,64,15,82,0,3,1.8,8,8,8,6,22,4.5,Medium,Near,Yes,Low,Male,Medium,Yes,No,Low,High School,Medium,Negative,In Relationship,Public,Medium,61
2473,80,12,90,3,3,2.7600000000000002,7,9,9,5,19,6.9,Low,Near,No,Low,Female,Medium,Yes,No,Medium,High School,Medium,Neutral,In Relationship,Public,Medium,64
2474,63,22,53,2,1,1.8,5,5,5,8,20,4.5,Low,Moderate,No,High,Male,Low,Yes,No,High,Postgraduate,High,Neutral,Single,Public,Medium,64
2475,99,24,69,0,3,2.2800000000000002,7,7,7,6,23,5.7,Medium,Near,Yes,Medium,Male,Medium,Yes,No,Medium,High School,High,Positive,Single,Private,Medium,73
2476,62,19,82,0,3,2,6,7,7,6,22,5,High,Moderate,Yes,Low,Male,Medium,Yes,Yes,Medium,College,Medium,Negative,Single,Public,High,62
2477,90,29,95,0,2,1.8,7,5,5,7,19,4.5,Medium,Near,Yes,High,Male,Medium,Yes,Yes,Medium,High School,Low,Neutral,In Relationship,Public,High,71
2478,81,12,86,2,2,1.4000000000000001,9,6,6,7,20,3.5,Medium,Near,Yes,Medium,Male,Medium,Yes,No,Medium,Postgraduate,High,Negative,Single,Public,High,68
2479,75,24,68,2,2,0.5599999999999999,5,7,7,6,19,5.6,Low,Near,Yes,Medium,Male,Medium,Yes,No,High,Postgraduate,Medium,Neutral,Single,Public,Medium,67
2480,63,16,95,1,4,0.34,6,4,4,8,21,3.4,Medium,Far,No,Medium,Female,High,Yes,No,High,College,Medium,Negative,In Relationship,Public,Medium,63
2481,85,30,83,2,3,0.5700000000000001,6,7,7,6,22,5.7,Medium,Near,No,Medium,Female,Medium,Yes,No,Medium,College,Low,Positive,Single,Public,Medium,71
2482,83,32,92,1,3,2.72,6,9,9,4,22,6.8,Medium,Near,Yes,High,Male,Medium,Yes,No,Low,High School,Medium,Neutral,Single,Public,Medium,72
2483,71,15,69,3,3,2.2399999999999998,6,8,8,6,19,5.6,Medium,Moderate,No,Medium,Female,Medium,No,No,High,Postgraduate,High,Positive,Single,Public,High,66
2484,96,17,50,1,4,2.5600000000000005,7,8,8,6,19,6.4,Medium,Near,Yes,Medium,Female,High,Yes,No,Low,High School,Medium,Negative,Single,Private,Medium,67
2485,72,25,58,0,4,0.61,8,7,7,6,21,6.1,Medium,Moderate,Yes,Low,Female,High,Yes,No,Medium,College,High,Negative,Single,Public,Medium,66
2486,78,18,96,4,4,1.8800000000000001,8,5,5,7,22,4.7,Medium,Near,No,High,Male,High,Yes,Yes,Medium,College,Low,Positive,Single,Public,Medium,68
2487,82,20,52,0,3,2,7,8,8,6,21,5,Low,Near,Yes,Medium,Female,Medium,Yes,No,Low,College,Low,Neutral,In Relationship,Private,Medium,64
2488,64,20,80,1,3,1.9600000000000002,8,7,7,6,21,4.9,Medium,Near,Yes,Medium,Male,Medium,Yes,No,High,High School,Medium,Positive,Single,Private,Medium,65
2489,97,8,70,0,1,0.37000000000000005,10,5,5,7,22,3.7,Medium,Near,Yes,Low,Male,Low,Yes,No,High,High School,High,Neutral,Single,Public,Low,66
2490,75,20,71,1,4,0.7200000000000001,7,9,9,4,22,7.2,High,Moderate,Yes,Medium,Male,High,Yes,No,High,College,High,Positive,Single,Public,High,69
2491,63,16,70,2,5,0.5599999999999999,9,7,7,6,22,5.6,High,Moderate,No,Medium,Female,High,Yes,No,Low,College,High,Negative,In Relationship,Private,High,64
2492,75,17,53,1,3,0.7200000000000001,8,7,7,6,22,7.2,High,Near,Yes,Low,Female,Medium,Yes,No,Medium,College,Low,Positive,Single,Public,High,65
2493,84,29,56,3,4,0.63,10,8,8,5,21,6.3,Medium,Far,Yes,Low,Female,High,Yes,No,High,Postgraduate,High,Neutral,In Relationship,Public,High,72
2494,81,12,53,1,3,2.8000000000000003,8,9,9,4,19,7,Medium,Near,No,Medium,Male,Medium,Yes,No,Low,College,High,Positive,Single,Private,High,65
2495,88,25,53,2,4,1.8399999999999999,6,7,7,6,20,4.6,High,Near,Yes,Medium,Female,High,Yes,No,Medium,College,Low,Negative,In Relationship,Public,High,70
2496,62,18,54,2,3,1.9600000000000002,7,7,7,6,20,4.9,Medium,Moderate,Yes,Medium,Male,Medium,Yes,No,Medium,Postgraduate,Medium,Positive,Single,Private,High,64
2497,71,18,85,1,2,0.35000000000000003,7,4,4,8,22,3.5,Low,Moderate,Yes,Low,Male,Medium,Yes,No,Low,High School,Medium,Neutral,In Relationship,Public,Low,62
2498,93,25,56,0,3,0.35000000000000003,8,4,4,8,22,3.5,High,Near,No,Low,Male,Medium,Yes,No,High,High School,Medium,Neutral,In Relationship,Private,Low,69
2499,63,22,63,1,2,2.2,6,7,7,6,21,5.5,Low,Moderate,No,Medium,Male,Medium,Yes,No,Low,Postgraduate,High,Negative,Single,Public,Low,62
2500,94,23,83,2,2,1.4400000000000002,9,4,4,8,20,3.6,Low,Near,Yes,Low,Female,Medium,Yes,No,Medium,High School,Low,Positive,Single,Private,Medium,69
2501,64,26,56,3,3,0.43,7,5,5,7,21,4.3,High,Near,No,Medium,Male,Medium,Yes,No,Medium,High School,Medium,Positive,In Relationship,Public,Medium,66
2502,93,18,96,2,2,0.32000000000000006,8,3,3,8,19,3.2,High,Moderate,Yes,Medium,Female,Medium,Yes,No,Medium,High School,Medium,Positive,Single,Public,Low,71
2503,74,16,74,4,3,0.32000000000000006,7,4,4,8,21,3.2,High,Near,Yes,Low,Male,Medium,Yes,No,Low,High School,Medium,Positive,In Relationship,Private,Low,66
2504,84,13,98,0,4,0.48,7,5,5,7,20,4.8,Medium,Near,No,Low,Male,High,No,Yes,Medium,High School,High,Neutral,Single,Public,Low,64
2505,66,15,60,2,3,2.2399999999999998,7,7,7,6,20,5.6,High,Moderate,Yes,High,Female,Medium,Yes,No,High,High School,Medium,Negative,Single,Private,Medium,63
2506,63,38,52,1,3,0.7200000000000001,8,7,7,6,22,7.2,High,Moderate,No,Medium,Male,Medium,Yes,No,High,College,Medium,Positive,Single,Private,Medium,69
2507,69,27,80,1,4,2.32,10,7,7,6,22,5.8,High,Near,Yes,Medium,Female,High,No,Yes,Medium,High School,High,Positive,In Relationship,Public,High,68
2508,65,12,66,0,2,0.45,4,5,5,7,21,4.5,High,Near,Yes,Medium,Female,Medium,Yes,No,Medium,High School,High,Neutral,In Relationship,Public,High,63
2509,72,12,79,1,3,0.67,8,8,8,5,21,6.7,Medium,Far,Yes,High,Male,Medium,Yes,No,High,College,Medium,Positive,In Relationship,Public,Medium,64
2510,81,23,74,0,0,2.12,7,8,8,6,22,5.3,Low,Near,Yes,Low,Female,Low,Yes,No,Medium,Postgraduate,Medium,Neutral,In Relationship,Public,Medium,66
2511,84,23,73,1,4,0.35000000000000003,7,4,4,8,22,3.5,High,Near,Yes,High,Male,High,Yes,No,Medium,High School,Medium,Positive,In Relationship,Public,Medium,71
2512,92,23,93,0,4,1.1199999999999999,4,4,4,8,20,2.8,Medium,Near,Yes,High,Female,High,Yes,No,High,High School,High,Negative,Single,Public,Medium,72
2513,86,18,60,2,1,0.55,8,7,7,6,24,5.5,Medium,Near,No,Low,Male,Low,Yes,No,Medium,College,High,Neutral,In Relationship,Private,High,88
2514,84,19,75,1,2,0.49000000000000005,7,5,5,7,19,4.9,High,Far,Yes,Low,Male,Medium,Yes,No,Low,College,Medium,Negative,Single,Public,Medium,66
2515,76,22,71,0,2,1.8399999999999999,6,5,5,8,21,4.6,Medium,Moderate,Yes,Low,Male,Medium,Yes,No,Medium,High School,Medium,Neutral,In Relationship,Private,High,65
2516,79,21,84,2,3,1.72,7,6,6,7,22,4.3,Medium,Near,Yes,Medium,Male,Medium,Yes,No,Low,High School,Low,Neutral,In Relationship,Private,Medium,66
2517,77,7,53,4,2,2.32,7,7,7,6,21,5.8,Medium,Moderate,Yes,Low,Female,Medium,Yes,No,High,College,Low,Positive,In Relationship,Private,Medium,62
2518,94,19,76,4,3,2.2399999999999998,4,7,7,6,24,5.6,Low,Moderate,No,Low,Female,Medium,Yes,No,Medium,High School,Medium,Negative,Single,Private,High,68
2519,69,15,74,2,5,1.56,7,6,6,7,21,3.9,Medium,Near,Yes,Low,Female,High,Yes,No,High,Postgraduate,Medium,Neutral,Complicated,Private,Medium,65
2520,60,21,99,0,3,3.4000000000000004,8,9,9,5,19,8.5,High,Near,No,Low,Male,Medium,Yes,No,Low,High School,Low,Positive,In Relationship,Private,Low,62
2521,86,38,88,1,4,0.35000000000000003,6,3,3,8,19,3.5,Medium,Moderate,No,Low,Female,High,Yes,No,High,High School,High,Negative,Single,Public,High,74
2522,68,22,58,0,3,1.8399999999999999,7,6,6,7,21,4.6,Low,Near,Yes,Medium,Male,Medium,Yes,No,Medium,Postgraduate,Medium,Neutral,Single,Public,Medium,64
2523,96,18,75,2,2,0.37000000000000005,7,5,5,7,22,3.7,High,Near,No,Medium,Male,Medium,Yes,No,High,High School,High,Negative,Single,Public,High,72
2524,94,26,89,0,3,3,9,9,9,5,19,7.5,Medium,Near,No,Low,Female,Medium,Yes,Yes,Medium,High School,Medium,Neutral,In Relationship,Public,Medium,70
2525,63,23,76,2,1,2.68,7,8,8,5,21,6.7,Medium,Far,No,Medium,Male,Low,Yes,No,Medium,High School,High,Positive,Single,Public,High,65
2526,64,23,68,3,3,1.72,8,5,5,7,21,4.3,High,Near,Yes,Low,Female,Medium,Yes,No,Low,High School,Medium,Neutral,In Relationship,Public,High,66
2527,80,24,69,0,3,0.48,7,7,7,6,21,4.8,Medium,Far,Yes,Medium,Male,Medium,Yes,No,Low,College,Medium,Positive,In Relationship,Private,High,67
2528,84,32,68,1,5,2,10,7,7,6,22,5,High,Near,Yes,Low,Male,High,Yes,No,Medium,High School,Medium,Positive,Single,Public,Medium,73
2529,71,13,51,4,4,0.5599999999999999,6,7,7,6,21,5.6,High,Moderate,Yes,High,Female,High,Yes,No,Low,College,Medium,Positive,In Relationship,Public,Medium,65
2530,89,23,87,4,3,1.92,6,5,5,7,20,4.8,High,Near,No,Medium,Female,Medium,Yes,No,Medium,College,High,Neutral,In Relationship,Private,High,74
2531,84,14,81,0,2,2.5600000000000005,7,8,8,5,19,6.4,Medium,Near,No,High,Female,Medium,Yes,No,Medium,College,Medium,Neutral,Single,Public,Medium,66
2532,73,23,63,1,3,0.45,6,5,5,7,22,4.5,Medium,Near,No,High,Male,Medium,Yes,No,Medium,High School,Medium,Positive,In Relationship,Public,Medium,67
2533,61,14,82,0,0,1.72,5,7,7,5,20,4.3,Medium,Near,No,Low,Female,Low,No,No,Low,High School,Medium,Neutral,Single,Public,Medium,58
2534,90,17,65,2,3,0.4,8,4,4,8,22,4,High,Moderate,No,Low,Male,Medium,Yes,No,Medium,Postgraduate,High,Positive,In Relationship,Public,High,71
2535,69,18,62,1,3,0.6400000000000001,4,8,8,5,20,6.4,High,Moderate,Yes,Medium,Male,Medium,Yes,No,High,High School,Low,Neutral,Single,Public,Low,63
2536,93,26,87,1,3,0.54,6,7,7,6,24,5.4,High,Near,No,Medium,Female,Medium,Yes,No,Medium,College,Low,Positive,In Relationship,Public,High,73
2537,77,26,90,1,2,0.5,5,6,6,6,20,5,Medium,Far,Yes,Medium,Female,Medium,Yes,No,Medium,High School,High,Neutral,Single,Private,Medium,68
2538,83,13,81,4,5,1.4800000000000002,7,4,4,8,19,3.7,Medium,Near,Yes,Low,Female,High,Yes,No,Medium,College,Low,Negative,Single,Public,Medium,66
2539,95,20,89,3,3,0.44000000000000006,4,6,6,7,21,4.4,Medium,Near,No,Low,Male,Medium,Yes,Yes,Medium,High School,Low,Negative,In Relationship,Public,Medium,68
2540,95,16,68,2,4,1.64,8,7,7,6,21,4.1,Low,Near,No,Medium,Female,High,No,No,Low,High School,Medium,Neutral,Single,Public,High,66
2541,75,12,54,1,3,0.58,8,7,7,6,19,5.8,High,Near,No,Medium,Female,Medium,Yes,No,Low,High School,Medium,Negative,Single,Public,High,62
2542,68,19,80,0,3,0.43,5,5,5,7,19,4.3,Medium,Moderate,Yes,Medium,Male,Medium,Yes,Yes,Medium,High School,Medium,Neutral,Single,Public,Medium,78
2543,91,18,63,1,4,1.4000000000000001,7,6,6,7,20,3.5,Medium,Near,No,Medium,Male,High,Yes,No,Medium,College,Medium,Negative,Single,Public,Medium,68
2544,77,35,89,5,4,1.7600000000000002,8,7,7,6,22,4.4,High,Near,Yes,High,Female,High,Yes,No,Medium,College,High,Positive,Single,Public,Medium,77
2545,68,23,68,1,2,0.45999999999999996,8,6,6,6,20,4.6,Low,Near,Yes,Medium,Male,Medium,Yes,No,Medium,College,High,Neutral,Single,Public,Medium,65
2546,96,12,84,3,4,0.39,5,5,5,7,21,3.9,High,Near,Yes,High,Female,High,Yes,No,Low,Postgraduate,High,Positive,In Relationship,Public,Medium,73
2547,68,17,78,4,2,0.5900000000000001,5,7,7,6,24,5.9,Low,Near,Yes,Low,Male,Medium,Yes,No,Medium,College,Medium,Positive,Single,Public,Low,64
2548,61,26,91,0,4,1.4000000000000001,9,6,6,7,20,3.5,High,Near,Yes,High,Female,High,No,No,Medium,College,Low,Positive,Single,Private,High,67
2549,61,33,92,1,4,3.04,6,9,9,5,20,7.6,Medium,Near,No,Medium,Female,High,Yes,No,Medium,High School,High,Positive,In Relationship,Public,Medium,69
2550,85,10,53,1,3,0.26,6,4,4,8,23,2.6,Low,Moderate,Yes,Low,Male,Medium,Yes,Yes,High,High School,Low,Neutral,Single,Private,Medium,60
2551,86,9,65,0,3,0.45999999999999996,8,7,7,6,20,4.6,Medium,Near,No,Medium,Female,Medium,Yes,No,High,College,High,Positive,In Relationship,Public,Medium,66
2552,72,31,94,2,2,1.52,5,7,7,6,19,3.8,High,Near,Yes,Low,Male,Medium,Yes,No,High,High School,Low,Positive,Single,Public,Low,70
2553,73,22,70,2,3,2.04,7,7,7,6,21,5.1,Medium,Near,Yes,Low,Male,Medium,No,No,Low,College,High,Positive,Single,Public,Medium,66
2554,74,15,76,1,4,0.61,8,8,8,5,20,6.1,Medium,Far,Yes,Medium,Male,High,Yes,No,Medium,High School,High,Neutral,Single,Public,Low,64
2555,87,23,59,1,4,1.6800000000000002,5,7,7,6,19,4.2,High,Near,No,High,Male,High,Yes,No,Medium,College,Medium,Neutral,Single,Public,Low,70
2556,62,4,78,3,2,1.8800000000000001,6,5,5,7,20,4.7,Medium,Far,No,High,Female,Medium,Yes,No,High,High School,Medium,Neutral,In Relationship,Public,Medium,58
2557,97,20,63,0,3,1.8399999999999999,5,6,6,7,19,4.6,High,Far,Yes,Low,Female,Medium,Yes,No,Medium,College,Medium,Negative,Single,Public,Medium,69
2558,69,22,91,0,1,0.55,6,7,7,6,23,5.5,Medium,Moderate,Yes,High,Male,Low,Yes,Yes,Low,High School,Medium,Neutral,In Relationship,Private,High,64
2559,100,26,60,2,4,2.08,9,7,7,6,20,5.2,Medium,Near,No,Medium,Male,High,Yes,No,Medium,High School,Low,Positive,Single,Public,Medium,72
2560,67,14,68,1,3,0.5599999999999999,9,7,7,6,21,5.6,Medium,Near,Yes,Low,Male,Medium,Yes,Yes,Low,High School,Medium,Neutral,In Relationship,Public,Medium,60
2561,91,21,55,2,3,1.8800000000000001,7,5,5,7,19,4.7,Medium,Near,Yes,High,Female,Medium,Yes,No,High,High School,Medium,Neutral,In Relationship,Private,Medium,70
2562,69,14,79,1,1,0.35000000000000003,8,5,5,7,21,3.5,Low,Moderate,Yes,High,Female,Low,Yes,No,Medium,Postgraduate,Medium,Negative,Single,Public,Medium,62
2563,63,22,97,1,3,1.9600000000000002,8,7,7,6,19,4.9,Medium,Moderate,Yes,High,Female,Medium,Yes,No,Medium,High School,Medium,Neutral,Complicated,Public,High,66
2564,95,15,59,0,5,1.6,6,6,6,7,19,4,Medium,Far,Yes,Medium,Female,High,Yes,No,Low,High School,Medium,Positive,Single,Private,Medium,66
2565,94,18,51,1,3,2.3600000000000003,7,8,8,5,19,5.9,Medium,Moderate,Yes,Low,Male,Medium,Yes,Yes,Medium,College,Low,Neutral,Complicated,Public,Medium,65
2566,76,14,71,1,3,0.55,5,8,8,5,20,5.5,Medium,Near,Yes,Low,Male,Medium,Yes,No,Medium,High School,High,Negative,Complicated,Public,Medium,64
2567,88,24,87,1,3,2.8800000000000003,6,9,9,5,20,7.2,Medium,Near,Yes,High,Female,Medium,Yes,No,Medium,High School,High,Positive,In Relationship,Private,Low,72
2568,82,25,99,3,2,0.31000000000000005,7,3,3,8,19,3.1,Medium,Near,Yes,Low,Female,Medium,Yes,No,High,High School,Medium,Neutral,Single,Public,High,71
2569,94,19,53,1,3,1.7600000000000002,5,5,5,8,20,4.4,High,Near,No,Medium,Female,Medium,Yes,No,Medium,High School,Low,Neutral,In Relationship,Public,Medium,68
2570,73,20,89,2,5,2.8000000000000003,5,9,9,4,19,7,Medium,Moderate,Yes,Medium,Female,High,Yes,Yes,Medium,High School,High,Positive,In Relationship,Public,High,68
2571,81,11,68,2,3,2.44,6,8,8,5,20,6.1,Medium,Far,Yes,High,Female,Medium,Yes,No,High,Postgraduate,Low,Negative,Single,Private,Medium,64
2572,79,18,58,3,3,2.16,9,7,7,6,20,5.4,Medium,Near,Yes,Medium,Female,Medium,Yes,No,Medium,High School,Low,Negative,In Relationship,Public,High,65
2573,74,20,60,1,3,0.36000000000000004,9,4,4,8,21,3.6,High,Moderate,Yes,Low,Female,Medium,No,No,Medium,High School,Medium,Positive,In Relationship,Public,Medium,64
2574,96,36,96,1,3,0.49000000000000005,7,6,6,7,21,4.9,Low,Moderate,No,Low,Female,Medium,Yes,No,Medium,College,Medium,Positive,In Relationship,Public,High,75
2575,67,13,90,2,2,0.65,8,8,8,5,24,6.5,Medium,Near,Yes,Low,Male,Medium,Yes,No,Medium,High School,Low,Negative,Single,Private,Medium,61
2576,66,29,66,0,3,0.58,6,7,7,6,22,5.8,High,Near,No,Medium,Male,Medium,Yes,No,Medium,Postgraduate,High,Negative,In Relationship,Private,Medium,68
2577,83,26,97,2,4,0.51,4,8,8,5,22,5.1,Medium,Moderate,No,Low,Male,High,Yes,No,Low,College,Medium,Negative,Single,Public,High,70
2578,86,22,55,5,3,2.64,6,9,9,4,19,6.6,Medium,Near,No,High,Female,Medium,Yes,No,Medium,Postgraduate,High,Negative,In Relationship,Private,Low,71
2579,68,31,66,0,3,2.08,7,7,7,6,20,5.2,High,Near,Yes,Low,Male,Medium,Yes,No,Low,High School,Low,Positive,Single,Public,Medium,66
2580,76,22,83,0,1,1.32,7,5,5,7,19,3.3,Low,Near,Yes,Low,Male,Low,Yes,No,Low,College,High,Positive,In Relationship,Public,Medium,66
2581,98,22,100,0,3,2.2399999999999998,7,8,8,5,18,5.6,Medium,Far,Yes,Low,Male,Medium,Yes,No,Low,High School,Medium,Neutral,Single,Public,Medium,70
2582,70,20,73,0,5,1.32,7,6,6,7,20,3.3,Medium,Near,No,Low,Female,High,Yes,No,Medium,High School,Low,Negative,Single,Public,Medium,62
2583,87,27,91,4,4,0.42000000000000004,6,4,4,7,22,4.2,Low,Moderate,Yes,High,Male,High,Yes,No,Low,High School,High,Neutral,In Relationship,Public,Medium,72
2584,90,27,96,0,4,1.4000000000000001,8,7,7,6,20,3.5,Medium,Moderate,No,Medium,Male,High,Yes,No,High,High School,High,Negative,Single,Public,Medium,72
2585,78,16,50,2,2,1.36,5,6,6,7,19,3.4,Medium,Moderate,Yes,Low,Male,Medium,Yes,No,Medium,College,Low,Positive,Single,Private,Medium,63
2586,98,12,64,5,5,1.32,8,4,4,7,21,3.3,Low,Near,Yes,Low,Female,High,No,No,Medium,College,High,Neutral,In Relationship,Public,Medium,69
2587,89,19,55,0,2,1.2400000000000002,6,4,4,8,19,3.1,Medium,Moderate,Yes,Medium,Male,Medium,Yes,No,Medium,Postgraduate,Medium,Positive,Single,Public,High,68
2588,78,15,89,0,3,0.48,10,7,7,6,21,4.8,High,Near,Yes,Medium,Male,Medium,Yes,No,Low,High School,High,Neutral,In Relationship,Public,Medium,67
2589,83,20,78,3,2,0.47000000000000003,7,5,5,7,20,4.7,High,Near,Yes,Low,Female,Medium,Yes,No,High,College,High,Neutral,In Relationship,Private,Medium,71
2590,88,27,55,2,5,1.92,6,7,7,6,21,4.8,Medium,Far,Yes,Low,Male,High,No,No,Low,High School,Low,Positive,Single,Public,Medium,67
2591,84,17,71,0,4,2.32,6,7,7,6,21,5.8,Low,Near,Yes,Medium,Male,High,Yes,Yes,Low,High School,Low,Negative,In Relationship,Private,Medium,62
2592,95,20,76,0,4,0.27999999999999997,6,4,4,8,22,2.8,Medium,Moderate,No,Low,Female,High,Yes,No,Medium,High School,Medium,Positive,Single,Private,High,69
2593,74,20,85,2,0,1.6800000000000002,8,6,6,7,19,4.2,Medium,Near,Yes,Low,Male,Low,Yes,No,Medium,High School,High,Positive,Single,Public,Medium,67
2594,72,25,89,2,3,1.4400000000000002,7,7,7,6,22,3.6,High,Near,Yes,Low,Female,Medium,Yes,No,Medium,Postgraduate,Medium,Positive,Single,Public,High,71
2595,69,7,54,1,2,0.6400000000000001,8,8,8,5,20,6.4,High,Far,Yes,Medium,Male,Medium,Yes,No,High,High School,Medium,Positive,Single,Public,High,87
2596,62,16,74,2,3,2.2800000000000002,8,8,8,5,21,5.7,Medium,Moderate,No,High,Male,Medium,Yes,No,Medium,High School,Low,Neutral,In Relationship,Private,High,62
2597,62,21,58,2,1,0.43,7,4,4,8,21,4.3,Low,Near,Yes,Low,Female,Low,Yes,No,Medium,College,High,Positive,Single,Public,High,64
2598,95,27,88,3,2,1.9600000000000002,8,8,8,5,21,4.9,High,Far,No,Medium,Female,Medium,Yes,No,High,High School,Medium,Positive,In Relationship,Private,Medium,74
2599,87,17,83,0,2,0.61,9,7,7,6,21,6.1,High,Moderate,Yes,Low,Male,Medium,Yes,No,Medium,College,High,Neutral,Single,Public,High,69
2600,86,9,86,1,1,2.2,8,8,8,6,20,5.5,Medium,Near,No,Low,Male,Low,Yes,No,Medium,High School,High,Neutral,In Relationship,Public,High,65
2601,85,24,54,2,3,1.6800000000000002,7,7,7,5,19,4.2,Medium,Moderate,Yes,Medium,Female,Medium,No,No,Medium,College,Low,Neutral,Single,Public,Low,66
2602,94,16,76,3,4,2.6,8,9,9,5,18,6.5,Medium,Near,Yes,Medium,Female,High,Yes,No,Low,Postgraduate,Medium,Negative,Single,Public,Medium,70
2603,79,13,92,3,3,0.48,5,5,5,7,23,4.8,High,Near,No,Medium,Male,Medium,Yes,No,Medium,High School,High,Neutral,In Relationship,Public,Medium,68
2604,95,16,86,4,2,0.65,10,7,7,6,21,6.5,Low,Near,No,High,Female,Medium,Yes,No,Medium,College,Low,Positive,Single,Public,Medium,70
2605,74,19,93,1,3,3.16,8,9,9,5,19,7.9,High,Near,No,Medium,Male,Medium,Yes,No,High,High School,High,Negative,In Relationship,Public,Medium,68
2606,97,16,60,0,3,2.92,8,9,9,5,19,7.3,Low,Near,Yes,Low,Male,Medium,Yes,No,Medium,High School,High,Positive,In Relationship,Public,High,69
2607,88,7,64,2,4,0.47000000000000003,7,7,7,6,20,4.7,High,Moderate,Yes,Medium,Male,High,Yes,No,Low,Postgraduate,Medium,Neutral,Complicated,Public,High,66
2608,70,25,72,0,4,1.64,4,5,5,7,21,4.1,Medium,Moderate,Yes,Low,Male,High,Yes,No,Medium,College,Medium,Neutral,In Relationship,Public,Low,65
2609,83,28,76,1,3,1.8,7,7,7,6,20,4.5,Medium,Near,Yes,Medium,Male,Medium,Yes,No,Medium,College,Medium,Positive,Complicated,Public,Medium,71
2610,81,24,63,1,3,2.52,7,8,8,6,20,6.3,Low,Moderate,Yes,Low,Male,Medium,Yes,No,Medium,High School,Medium,Positive,Single,Public,Medium,66
2611,66,13,69,2,4,2.32,6,9,9,5,19,5.8,Medium,Near,Yes,Low,Male,High,Yes,No,Low,High School,Low,Positive,Complicated,Private,Medium,61
2612,84,19,84,3,2,0.48,6,5,5,7,24,4.8,Medium,Moderate,Yes,Medium,Male,Medium,Yes,No,Medium,Postgraduate,Medium,Neutral,In Relationship,Public,High,69
2613,73,20,82,1,3,2,6,8,8,5,20,5,Medium,Near,No,Medium,Male,Medium,Yes,No,Low,College,Medium,Negative,In Relationship,Private,High,65
2614,62,24,56,0,2,0.45999999999999996,8,5,5,7,22,4.6,Medium,Moderate,Yes,Medium,Male,Medium,Yes,No,Medium,College,Medium,Positive,In Relationship,Private,Medium,63
2615,98,24,99,2,2,1.8399999999999999,9,7,7,6,19,4.6,Low,Far,Yes,Low,Female,Medium,Yes,No,High,Postgraduate,Medium,Neutral,Single,Public,High,73
2616,86,16,78,1,4,2,7,8,8,5,20,5,Medium,Moderate,Yes,Low,Male,High,Yes,No,Low,Postgraduate,High,Positive,In Relationship,Private,Medium,68
2617,95,20,74,1,4,0.47000000000000003,6,7,7,6,20,4.7,Medium,Far,Yes,High,Female,High,Yes,No,Medium,High School,Medium,Positive,Complicated,Public,Low,70
2618,87,23,98,3,3,0.58,6,7,7,6,22,5.8,Medium,Near,Yes,Medium,Male,Medium,Yes,No,Medium,College,Medium,Neutral,Single,Public,Medium,72
2619,74,29,57,3,2,0.52,7,6,6,6,20,5.2,Medium,Moderate,Yes,Medium,Male,Medium,No,No,Medium,High School,High,Positive,In Relationship,Private,Medium,68
2620,81,24,77,0,3,1.92,7,7,7,6,21,4.8,Medium,Near,No,High,Male,Medium,Yes,No,Medium,High School,Medium,Positive,In Relationship,Private,Medium,68
2621,87,25,90,1,4,1.2400000000000002,8,5,5,7,19,3.1,Medium,Near,Yes,Low,Female,High,Yes,No,Medium,High School,High,Negative,In Relationship,Public,Medium,71
2622,98,21,70,1,3,1.2400000000000002,6,4,4,8,19,3.1,Low,Moderate,Yes,Medium,Male,Medium,Yes,No,Medium,High School,Low,Positive,Single,Public,Medium,68
2623,70,28,87,3,3,1.92,8,8,8,6,21,4.8,Low,Moderate,Yes,Low,Male,Medium,Yes,No,High,Postgraduate,High,Neutral,In Relationship,Public,Medium,70
2624,95,22,95,2,4,2.4800000000000004,8,9,9,5,19,6.2,Low,Near,Yes,Low,Female,High,No,No,Medium,High School,Medium,Neutral,In Relationship,Private,High,70
2625,97,15,63,2,3,1.72,6,7,7,5,22,4.3,Medium,Near,Yes,Medium,Female,Medium,Yes,No,Low,High School,High,Neutral,In Relationship,Public,Medium,69
2626,87,28,62,2,4,2.2399999999999998,4,8,8,5,18,5.6,Medium,Near,Yes,Low,Female,High,Yes,No,High,High School,High,Positive,Single,Public,High,73
2627,97,24,68,1,4,0.47000000000000003,6,7,7,6,20,4.7,Medium,Near,Yes,Medium,Male,High,Yes,No,Low,College,Medium,Neutral,Complicated,Public,High,72
2628,76,17,71,0,3,0.32000000000000006,9,3,3,8,19,3.2,High,Near,No,Medium,Male,Medium,Yes,No,Medium,Postgraduate,Medium,Neutral,Single,Public,High,67
2629,98,17,56,2,3,1.8800000000000001,4,5,5,7,22,4.7,Medium,Near,No,Low,Female,Medium,Yes,No,Medium,High School,High,Positive,Single,Private,Low,69
2630,88,22,62,1,3,2.68,9,8,8,5,20,6.7,Medium,Near,Yes,High,Male,Medium,Yes,No,Medium,College,Low,Negative,Single,Private,Medium,68
2631,62,23,94,0,3,0.5599999999999999,4,7,7,6,22,5.6,Low,Far,No,Medium,Female,Medium,Yes,No,Medium,Postgraduate,High,Positive,Single,Private,Low,64
2632,96,21,78,2,3,2.6,6,9,9,5,19,6.5,High,Moderate,Yes,Medium,Female,Medium,Yes,No,Low,High School,Low,Neutral,Single,Private,High,71
2633,79,22,63,1,4,0.5700000000000001,6,7,7,6,21,5.7,Medium,Near,Yes,Medium,Female,High,Yes,No,Medium,High School,High,Neutral,Single,Public,High,68
2634,78,30,97,1,2,2.08,10,7,7,6,20,5.2,High,Far,Yes,Low,Male,Medium,Yes,No,Medium,High School,Medium,Positive,Single,Private,Low,70
2635,83,26,89,3,3,2.16,7,7,7,6,22,5.4,High,Moderate,Yes,Low,Male,Medium,Yes,No,Medium,High School,Medium,Positive,Single,Private,Medium,72
2636,66,21,68,2,1,0.48,7,5,5,7,24,4.8,High,Near,Yes,Low,Female,Low,Yes,No,High,High School,Low,Positive,In Relationship,Public,Medium,65
2637,79,26,88,1,3,0.36000000000000004,6,5,5,7,21,3.6,High,Near,No,Low,Male,Medium,Yes,Yes,Medium,College,Medium,Positive,In Relationship,Public,High,70
2638,93,14,80,2,4,1.4400000000000002,8,7,7,6,22,3.6,Medium,Near,No,Low,Male,High,Yes,No,Low,Postgraduate,Medium,Positive,Single,Private,Medium,69
2639,61,22,84,0,2,0.58,6,7,7,6,22,5.8,Medium,Near,No,Medium,Male,Medium,Yes,No,Low,Postgraduate,Medium,Positive,Single,Public,Medium,64
2640,71,31,66,3,1,0.48,7,6,6,7,21,4.8,High,Near,Yes,Low,Male,Low,Yes,No,Medium,High School,Low,Negative,In Relationship,Private,Medium,67
2641,60,19,60,1,2,0.44000000000000006,6,4,4,8,22,4.4,High,Near,Yes,Low,Male,Medium,Yes,No,High,College,High,Positive,Single,Public,Medium,65
2642,77,15,63,0,1,2.2399999999999998,8,7,7,6,24,5.6,Medium,Near,Yes,Medium,Female,Low,Yes,No,Medium,High School,Low,Neutral,In Relationship,Public,Medium,62
2643,89,16,54,2,2,1.64,8,8,8,5,19,4.1,Medium,Moderate,No,Low,Male,Medium,Yes,No,Medium,College,High,Positive,Single,Private,High,68
2644,92,13,74,2,2,1.72,6,7,7,5,22,4.3,High,Near,No,Low,Male,Medium,Yes,No,High,College,Medium,Neutral,In Relationship,Private,Medium,68
2645,98,15,70,1,3,2.16,6,8,8,5,20,5.4,Medium,Moderate,No,Medium,Male,Medium,Yes,No,Low,High School,Medium,Positive,Single,Private,High,68
2646,84,18,50,4,3,1.56,6,5,5,7,20,3.9,Low,Near,Yes,High,Male,Medium,Yes,No,Medium,Postgraduate,Medium,Negative,Single,Private,High,68
2647,70,12,93,1,4,2.52,7,8,8,6,20,6.3,Medium,Far,Yes,Low,Female,High,Yes,No,Medium,High School,Medium,Neutral,Single,Public,High,62
2648,97,20,84,4,5,1.8800000000000001,8,7,7,6,21,4.7,Low,Near,Yes,Medium,Female,High,Yes,No,Low,High School,Medium,Positive,Single,Public,Medium,72
2649,91,25,72,1,3,0.47000000000000003,7,5,5,7,22,4.7,Medium,Far,No,Medium,Male,Medium,Yes,No,Medium,College,Low,Neutral,In Relationship,Private,High,69
2650,83,15,98,3,3,0.26,4,4,4,8,23,2.6,High,Moderate,No,Low,Female,Medium,Yes,No,Low,High School,Medium,Positive,In Relationship,Public,High,68
2651,88,29,97,4,3,0.45999999999999996,8,7,7,6,21,4.6,Medium,Moderate,Yes,Low,Male,Medium,Yes,Yes,Medium,College,Low,Negative,Single,Public,High,71
2652,97,23,55,0,3,0.41,5,5,5,7,21,4.1,High,Moderate,Yes,Medium,Female,Medium,Yes,No,Medium,High School,Low,Neutral,In Relationship,Public,Low,69
2653,88,26,81,1,2,1.9600000000000002,6,8,8,5,21,4.9,High,Near,No,High,Male,Medium,Yes,No,Medium,High School,Low,Positive,In Relationship,Public,Medium,71
2654,75,16,91,2,5,0.6000000000000001,7,8,8,5,21,6,High,Far,Yes,Low,Male,High,Yes,No,Low,High School,Medium,Positive,In Relationship,Public,Low,65
2655,89,25,59,1,4,0.43,7,4,4,8,24,4.3,High,Near,No,Low,Male,High,Yes,Yes,Medium,High School,Medium,Neutral,Single,Public,Medium,68
2656,62,13,56,1,4,0.35000000000000003,8,5,5,7,21,3.5,Medium,Near,Yes,Low,Female,High,Yes,Yes,Low,High School,Medium,Positive,Single,Public,High,60
2657,75,25,63,3,4,0.29,6,4,4,8,22,2.9,Medium,Near,Yes,High,Male,High,Yes,No,Low,High School,Medium,Neutral,In Relationship,Private,Medium,68
2658,76,21,64,1,4,2.68,6,9,9,4,21,6.7,High,Near,No,Medium,Female,High,Yes,No,Medium,High School,Low,Neutral,Single,Public,Medium,66
2659,67,23,98,4,3,2.04,7,7,7,6,21,5.1,Medium,Moderate,No,Low,Male,Medium,Yes,No,Low,High School,Medium,Neutral,Single,Private,Medium,66
2660,61,13,89,4,4,0.48,8,5,5,7,20,4.8,Medium,Far,Yes,Low,Female,High,Yes,No,Low,High School,Medium,Neutral,Single,Private,Medium,62
2661,65,15,53,2,3,0.49000000000000005,8,5,5,7,19,4.9,Medium,Near,No,Low,Male,Medium,Yes,No,Medium,College,Medium,Negative,Single,Public,Medium,61
2662,86,24,89,2,3,0.48,7,5,5,7,20,4.8,Medium,Far,No,Low,Female,Medium,Yes,No,Low,Postgraduate,High,Negative,Single,Public,Medium,69
2663,92,14,58,1,2,1.4400000000000002,9,7,7,6,19,3.6,High,Near,Yes,High,Male,Medium,Yes,No,High,High School,Medium,Positive,Single,Public,Low,69
2664,100,23,68,4,3,1.52,9,5,5,8,21,3.8,Medium,Near,Yes,High,Male,Medium,Yes,No,Medium,Postgraduate,Medium,Negative,In Relationship,Private,High,74
2665,74,12,66,1,4,0.55,8,7,7,6,20,5.5,High,Near,Yes,Low,Female,High,Yes,No,Low,High School,Medium,Negative,In Relationship,Public,Medium,62
2666,84,25,64,0,3,0.49000000000000005,5,5,5,7,19,4.9,Medium,Moderate,Yes,Low,Female,Medium,Yes,No,Medium,College,Medium,Negative,Single,Public,Medium,67
2667,97,13,65,1,2,1.6,8,7,7,6,22,4,Medium,Near,No,Low,Female,Medium,Yes,No,High,High School,High,Positive,Single,Private,Medium,69
2668,67,23,88,1,4,1.64,7,5,5,7,20,4.1,Low,Near,Yes,Low,Male,High,Yes,No,Medium,High School,High,Positive,Single,Private,Medium,66
2669,89,24,63,2,3,2.2800000000000002,6,7,7,6,20,5.7,High,Near,Yes,High,Male,Medium,Yes,No,Medium,College,Medium,Positive,Single,Private,Medium,72
2670,90,16,90,2,3,2.12,6,7,7,5,19,5.3,Low,Near,No,High,Male,Medium,Yes,No,Medium,High School,High,Neutral,Single,Public,Medium,69
2671,64,23,55,0,4,1.7600000000000002,7,7,7,6,19,4.4,High,Moderate,Yes,Medium,Male,High,Yes,No,Medium,High School,Medium,Positive,Single,Public,Medium,65
2672,94,22,80,0,2,0.47000000000000003,6,6,6,7,21,4.7,High,Near,No,High,Male,Medium,Yes,No,Low,Postgraduate,Medium,Positive,In Relationship,Private,Medium,72
2673,93,17,93,2,4,0.44000000000000006,7,5,5,7,22,4.4,Medium,Near,Yes,Medium,Male,High,Yes,No,Low,High School,Low,Positive,Single,Private,Medium,69
2674,61,14,54,3,2,0.45,7,5,5,7,23,4.5,High,Near,No,Low,Female,Medium,Yes,Yes,Medium,High School,Medium,Positive,In Relationship,Public,Medium,60
2675,64,8,82,0,1,1.92,7,7,7,6,19,4.8,Medium,Near,No,High,Female,Low,Yes,Yes,High,Postgraduate,High,Neutral,In Relationship,Public,Medium,61
2676,62,22,76,1,3,1.52,8,5,5,7,20,3.8,Low,Near,No,Medium,Male,Medium,Yes,No,Medium,High School,High,Neutral,In Relationship,Public,Low,63
2677,73,11,67,3,5,0.73,7,8,8,5,20,7.3,Medium,Near,No,Medium,Male,High,No,Yes,Medium,Postgraduate,Medium,Positive,In Relationship,Private,High,63
2678,80,21,55,1,3,0.29,6,5,5,7,22,2.9,Medium,Moderate,Yes,High,Male,Medium,Yes,No,High,Postgraduate,Medium,Negative,In Relationship,Public,High,68
2679,81,18,84,1,4,2.32,4,7,7,6,22,5.8,Medium,Near,Yes,Medium,Female,High,Yes,No,Low,College,Medium,Positive,In Relationship,Private,Medium,68
2680,71,24,65,1,2,0.25,8,4,4,8,23,2.5,Medium,Near,No,Low,Male,Medium,Yes,No,Medium,High School,High,Negative,In Relationship,Private,Medium,65
2681,96,18,67,1,2,0.41,7,5,5,7,22,4.1,High,Near,No,High,Female,Medium,Yes,No,Medium,High School,Medium,Positive,Single,Public,Medium,71
2682,75,18,86,1,3,0.43,7,4,4,8,21,4.3,Medium,Near,Yes,Low,Male,Medium,Yes,No,Low,High School,Medium,Negative,Single,Private,Medium,64
2683,62,24,97,1,2,1.8399999999999999,9,7,7,6,22,4.6,Medium,Near,No,Medium,Male,Medium,Yes,No,Medium,Postgraduate,Medium,Negative,Single,Private,Medium,65
2684,72,22,67,2,4,2.04,5,7,7,6,19,5.1,Medium,Near,Yes,Medium,Female,High,Yes,No,Low,College,High,Neutral,Single,Public,Medium,67
2685,81,22,87,0,2,1.4400000000000002,7,7,7,6,22,3.6,Medium,Near,No,Low,Female,Medium,Yes,No,Low,High School,High,Neutral,Single,Public,Medium,67
2686,76,23,98,1,3,2.2,6,8,8,6,19,5.5,Medium,Moderate,Yes,Low,Male,Medium,Yes,No,Medium,College,Low,Neutral,Single,Public,High,67
2687,71,11,55,1,3,1.92,8,8,8,5,21,4.8,Medium,Near,Yes,Low,Female,Medium,Yes,No,Medium,College,Low,Negative,In Relationship,Public,Medium,87
2688,65,25,76,1,1,2.52,4,9,9,5,19,6.3,High,Moderate,Yes,High,Female,Low,Yes,No,High,High School,High,Neutral,Complicated,Private,Medium,67
2689,93,24,51,4,2,0.42000000000000004,8,4,4,8,24,4.2,Medium,Near,Yes,Medium,Male,Medium,Yes,Yes,High,High School,High,Positive,Single,Private,Medium,72
2690,100,14,91,0,3,2.8000000000000003,8,9,9,4,24,7,Low,Near,Yes,Low,Female,Medium,Yes,No,High,High School,Medium,Neutral,Single,Public,High,69
2691,73,19,64,1,3,0.54,6,7,7,6,21,5.4,Medium,Moderate,Yes,High,Female,Medium,Yes,No,Low,College,Medium,Positive,In Relationship,Public,Medium,65
2692,75,20,67,1,4,1.8800000000000001,7,5,5,7,19,4.7,Medium,Near,Yes,Low,Female,High,Yes,No,Low,High School,High,Positive,In Relationship,Private,Medium,66
2693,85,19,84,3,3,1.2800000000000002,6,4,4,8,20,3.2,High,Near,No,Medium,Male,Medium,Yes,No,Low,Postgraduate,High,Negative,Single,Private,Medium,70
2694,89,22,89,0,3,1.8,8,7,7,6,21,4.5,High,Moderate,Yes,Medium,Male,Medium,Yes,No,Medium,High School,High,Neutral,Single,Private,Medium,71
2695,76,29,70,1,4,2.7600000000000002,8,8,8,5,20,6.9,High,Moderate,Yes,Low,Female,High,No,No,Low,College,Medium,Neutral,In Relationship,Public,Low,67
2696,96,26,83,0,2,0.48,5,7,7,6,21,4.8,Medium,Far,No,Medium,Male,Medium,Yes,No,Medium,High School,High,Positive,In Relationship,Public,High,72
2697,82,12,98,0,1,2.52,5,8,8,5,21,6.3,Medium,Moderate,No,Low,Male,Low,Yes,No,Medium,High School,Low,Neutral,Single,Public,High,63
2698,78,24,94,0,4,1.72,9,5,5,7,19,4.3,Low,Moderate,Yes,Low,Female,High,Yes,No,Low,High School,High,Neutral,In Relationship,Public,High,67
2699,86,28,85,6,2,0.33,10,5,5,7,22,3.3,Medium,Near,No,Low,Male,Medium,Yes,No,Medium,High School,Low,Neutral,In Relationship,Public,High,72
2700,98,22,97,1,1,2.32,8,8,8,5,20,5.8,Medium,Near,No,High,Female,Low,Yes,Yes,Low,Postgraduate,Medium,Positive,Single,Private,Medium,72
2701,92,27,94,1,4,0.43,8,4,4,8,24,4.3,Medium,Near,No,Low,Female,High,No,No,Medium,College,Medium,Negative,Single,Private,Medium,70
2702,62,32,86,0,2,2.64,7,9,9,4,19,6.6,Medium,Near,No,Low,Female,Medium,Yes,No,Low,High School,High,Positive,In Relationship,Public,Medium,67
2703,73,26,96,0,3,2.08,7,7,7,6,22,5.2,Medium,Near,No,Medium,Female,Medium,Yes,No,High,High School,Medium,Neutral,Single,Private,High,68
2704,79,21,91,1,3,0.49000000000000005,8,5,5,7,24,4.9,Medium,Moderate,Yes,Low,Male,Medium,Yes,No,High,High School,Low,Positive,In Relationship,Public,Medium,67
2705,73,26,75,3,5,0.43,7,4,4,8,21,4.3,High,Near,No,Low,Male,High,Yes,No,Low,College,High,Positive,Single,Public,Medium,70
2706,88,21,75,1,2,0.44000000000000006,9,5,5,7,22,4.4,Low,Moderate,No,Medium,Female,Medium,No,No,High,Postgraduate,Medium,Neutral,Single,Private,High,67
2707,93,20,50,1,4,1.72,7,5,5,7,21,4.3,Medium,Near,Yes,High,Male,High,Yes,No,Medium,College,Medium,Positive,In Relationship,Public,High,71
2708,89,18,52,1,3,0.42000000000000004,7,5,5,7,20,4.2,Low,Near,Yes,High,Female,Medium,Yes,No,Medium,Postgraduate,High,Positive,In Relationship,Public,High,69
2709,100,29,87,3,5,2.3600000000000003,7,7,7,6,22,5.9,Medium,Near,Yes,Low,Female,High,No,No,Medium,College,Medium,Negative,Single,Public,Medium,74
2710,71,15,78,0,3,0.27,7,3,3,8,19,2.7,Low,Near,No,Medium,Male,Medium,Yes,No,Medium,High School,High,Positive,Single,Private,Medium,63
2711,95,29,88,0,2,0.65,9,8,8,5,19,6.5,Low,Near,Yes,Medium,Female,Medium,Yes,No,Medium,High School,Medium,Neutral,Single,Public,High,72
2712,91,23,97,2,3,1.7600000000000002,7,7,7,5,21,4.4,Low,Moderate,Yes,Low,Male,Medium,Yes,No,Low,College,High,Neutral,In Relationship,Public,Medium,71
2713,74,12,73,1,5,0.55,7,7,7,6,24,5.5,Medium,Near,No,Low,Male,High,Yes,No,Medium,High School,High,Neutral,In Relationship,Public,Medium,64
2714,89,22,54,1,3,0.6200000000000001,7,8,8,5,22,6.2,Medium,Near,Yes,High,Female,Medium,Yes,No,Medium,High School,Medium,Positive,In Relationship,Public,Medium,69
2715,64,7,81,2,3,1.72,6,7,7,5,22,4.3,High,Moderate,No,Low,Female,Medium,Yes,No,Medium,Postgraduate,High,Positive,In Relationship,Private,Low,62
2716,92,24,55,1,4,0.7400000000000001,5,8,8,5,19,7.4,Medium,Near,Yes,Medium,Male,High,No,No,Medium,College,Medium,Neutral,In Relationship,Public,Medium,69
2717,81,25,81,2,3,1.36,9,4,4,8,20,3.4,Low,Near,Yes,Low,Male,Medium,Yes,No,Low,High School,High,Neutral,Single,Public,Medium,68
2718,72,16,76,6,3,2.32,9,7,7,6,21,5.8,Medium,Near,Yes,Low,Male,Medium,Yes,No,High,High School,High,Negative,Single,Public,Low,67
2719,86,21,86,2,3,0.47000000000000003,9,5,5,7,22,4.7,Medium,Near,Yes,Medium,Male,Medium,Yes,No,High,Postgraduate,Medium,Neutral,In Relationship,Public,Medium,71
2720,86,32,68,1,4,0.38,5,5,5,7,22,3.8,Medium,Moderate,Yes,Medium,Male,High,Yes,No,Low,High School,Medium,Negative,Single,Public,Medium,70
2721,68,17,57,2,3,0.6400000000000001,9,7,7,6,22,6.4,Medium,Moderate,No,Medium,Male,Medium,Yes,No,Medium,High School,High,Neutral,Single,Public,Low,63
2722,61,14,62,0,4,0.5599999999999999,10,7,7,6,19,5.6,High,Moderate,No,High,Female,High,Yes,No,Medium,College,Low,Negative,In Relationship,Public,Medium,60
2723,77,29,84,0,3,0.67,9,8,8,5,21,6.7,Medium,Near,No,Low,Female,Medium,Yes,No,Medium,College,Medium,Neutral,In Relationship,Public,High,69
2724,83,32,74,3,3,0.38,9,4,4,8,21,3.8,Medium,Moderate,Yes,Low,Male,Medium,Yes,No,Medium,College,Medium,Neutral,In Relationship,Public,Medium,71
2725,95,20,77,1,2,1.8,8,8,8,6,22,4.5,Low,Near,Yes,High,Male,Medium,Yes,No,Medium,High School,Low,Positive,In Relationship,Public,High,69
2726,97,26,66,2,1,2.2,6,8,8,6,20,5.5,Low,Near,Yes,Medium,Female,Low,Yes,No,Medium,College,High,Positive,Single,Public,Medium,73
2727,81,28,92,1,3,1.8,8,8,8,6,22,4.5,High,Near,Yes,High,Female,Medium,Yes,No,Medium,College,Medium,Positive,In Relationship,Public,Medium,73
2728,90,16,100,1,3,0.52,5,7,7,6,21,5.2,Medium,Moderate,No,Low,Female,Medium,Yes,No,Medium,High School,Medium,Positive,In Relationship,Public,Medium,68
2729,78,17,66,2,4,0.6200000000000001,6,8,8,5,21,6.2,Medium,Moderate,Yes,Low,Male,High,Yes,No,Medium,College,High,Positive,Single,Public,Medium,67
2730,90,27,86,2,3,1.8399999999999999,7,7,7,6,22,4.6,High,Moderate,No,Medium,Male,Medium,Yes,No,High,College,Medium,Positive,Single,Public,Medium,74
2731,68,30,59,3,3,1.7600000000000002,7,7,7,5,21,4.4,High,Moderate,No,Low,Male,Medium,Yes,No,Medium,College,Medium,Positive,In Relationship,Public,Medium,68
2732,75,23,87,1,2,0.5599999999999999,8,7,7,6,19,5.6,Medium,Near,No,Medium,Female,Medium,Yes,No,Low,College,High,Positive,In Relationship,Public,High,69
2733,85,15,72,4,4,2.4800000000000004,4,8,8,6,19,6.2,Medium,Near,No,Low,Male,High,Yes,No,Medium,College,High,Neutral,Single,Private,High,69
2734,61,32,80,0,4,0.49000000000000005,7,5,5,7,24,4.9,High,Moderate,Yes,Low,Female,High,Yes,Yes,Medium,College,High,Positive,In Relationship,Public,Medium,68
2735,89,17,62,1,1,0.6000000000000001,8,7,7,6,22,6,High,Moderate,No,Low,Male,Low,Yes,No,Medium,High School,Low,Positive,Single,Public,High,66
2736,93,18,93,3,3,0.48,8,5,5,7,22,4.8,Low,Moderate,Yes,Low,Male,Medium,Yes,No,Medium,Postgraduate,Low,Negative,Single,Public,High,69
2737,76,22,59,1,2,0.55,8,7,7,6,23,5.5,Medium,Near,Yes,Low,Female,Medium,Yes,No,Medium,College,Medium,Positive,In Relationship,Public,Medium,66
2738,78,29,96,5,4,0.42000000000000004,7,4,4,8,24,4.2,Medium,Moderate,Yes,Low,Male,High,Yes,No,High,College,Low,Positive,Single,Public,Medium,72
2739,94,25,53,1,3,2.32,6,7,7,6,21,5.8,Low,Near,Yes,Medium,Female,Medium,Yes,No,Low,High School,Medium,Negative,Single,Public,Medium,69
2740,91,22,64,1,3,2.2399999999999998,8,8,8,5,21,5.6,Medium,Moderate,Yes,Low,Male,Medium,Yes,Yes,Medium,High School,Medium,Positive,In Relationship,Public,High,68
2741,72,23,78,1,3,1.6,7,7,7,6,19,4,Medium,Near,Yes,Low,Male,Medium,Yes,No,Medium,High School,Medium,Neutral,Single,Private,Medium,66
2742,73,20,93,1,4,1.4000000000000001,8,4,4,8,19,3.5,Low,Far,Yes,Low,Male,High,Yes,No,High,High School,Medium,Negative,Single,Public,High,65
2743,87,23,79,2,2,1.9600000000000002,8,8,8,6,22,4.9,Medium,Near,No,Low,Male,Medium,Yes,No,High,Postgraduate,Medium,Neutral,In Relationship,Public,High,71
2744,83,5,61,2,4,0.65,7,8,8,5,23,6.5,Medium,Moderate,Yes,Low,Male,High,Yes,No,Medium,High School,Medium,Negative,Single,Public,Medium,61
2745,66,18,93,1,3,0.6900000000000001,6,8,8,5,20,6.9,Medium,Near,Yes,Low,Female,Medium,Yes,Yes,Medium,College,Low,Neutral,In Relationship,Public,Medium,63
2746,72,21,80,1,3,1.8,9,7,7,6,20,4.5,High,Near,Yes,Medium,Female,Medium,Yes,No,Low,High School,Medium,Neutral,Complicated,Public,Medium,66
2747,96,13,62,0,2,0.6400000000000001,8,8,8,5,23,6.4,High,Near,No,High,Male,Medium,Yes,No,Medium,Postgraduate,Medium,Neutral,Single,Private,Medium,69
2748,88,22,78,0,2,1.52,10,5,5,7,20,3.8,High,Moderate,Yes,Medium,Male,Medium,Yes,No,Medium,High School,High,Positive,In Relationship,Private,High,71
2749,99,19,84,0,4,1.72,8,5,5,7,23,4.3,Medium,Near,Yes,High,Female,High,Yes,No,High,High School,High,Positive,In Relationship,Public,Medium,73
2750,91,31,84,2,2,1.72,8,7,7,5,20,4.3,Medium,Near,Yes,Low,Male,Medium,Yes,No,Low,High School,High,Negative,Single,Public,Medium,72
2751,98,29,86,2,4,2,5,7,7,6,20,5,High,Far,No,Medium,Male,High,Yes,No,Low,High School,Medium,Negative,In Relationship,Private,Medium,73
2752,69,17,95,1,2,0.25,7,4,4,8,22,2.5,High,Moderate,Yes,Low,Male,Medium,Yes,No,Medium,High School,Low,Positive,In Relationship,Private,High,65
2753,91,19,91,1,3,1.7600000000000002,7,5,5,7,21,4.4,High,Near,Yes,High,Female,Medium,Yes,No,Medium,High School,Low,Neutral,In Relationship,Public,High,71
2754,61,20,80,1,3,2.44,8,8,8,6,20,6.1,Medium,Near,Yes,Low,Male,Medium,Yes,No,Medium,High School,High,Positive,Single,Public,High,65
2755,87,17,52,1,5,1.8,8,7,7,6,21,4.5,Medium,Near,No,Medium,Male,High,Yes,No,Low,College,Medium,Positive,Single,Public,Medium,67
2756,79,21,87,1,2,0.63,8,8,8,5,23,6.3,High,Moderate,Yes,Low,Male,Medium,Yes,No,Medium,Postgraduate,Medium,Neutral,Single,Public,High,69
2757,74,15,99,0,3,0.22999999999999998,10,4,4,8,22,2.3,High,Moderate,No,Low,Male,Medium,No,No,Low,College,Low,Neutral,In Relationship,Private,Medium,63
2758,94,13,65,2,2,2.08,6,7,7,6,21,5.2,High,Moderate,Yes,Medium,Male,Medium,Yes,No,High,Postgraduate,Low,Neutral,In Relationship,Public,Medium,68
2759,94,24,80,1,4,0.27,8,3,3,8,19,2.7,Low,Near,Yes,Low,Female,High,No,No,High,High School,High,Neutral,Single,Public,Medium,70
2760,61,24,88,1,4,0.51,8,5,5,7,19,5.1,Medium,Moderate,Yes,Low,Female,High,Yes,No,Low,High School,Medium,Positive,Single,Private,Medium,64
2761,84,15,82,1,2,1.9600000000000002,10,8,8,5,21,4.9,Medium,Near,No,High,Male,Medium,Yes,Yes,Medium,High School,Medium,Negative,In Relationship,Private,Low,64
2762,75,25,96,1,0,2.12,8,8,8,5,18,5.3,High,Near,Yes,Low,Male,Low,Yes,No,High,College,Low,Neutral,Single,Private,Medium,68
2763,77,16,74,0,2,1.92,8,7,7,6,19,4.8,High,Moderate,Yes,High,Female,Medium,Yes,No,Medium,College,Medium,Neutral,Single,Private,Low,65
2764,93,22,77,0,1,2.52,8,8,8,5,21,6.3,Medium,Near,No,High,Female,Low,Yes,No,Medium,High School,High,Neutral,Single,Public,Medium,70
2765,72,25,52,0,2,1.72,8,5,5,7,19,4.3,Medium,Near,Yes,Medium,Male,Medium,Yes,No,Low,Postgraduate,Medium,Positive,Single,Private,Medium,66
2766,98,20,95,1,2,0.51,9,5,5,7,22,5.1,Low,Moderate,Yes,Low,Female,Medium,Yes,No,Low,High School,High,Positive,In Relationship,Public,Medium,70
2767,67,23,63,3,3,0.27999999999999997,6,3,3,8,19,2.8,Medium,Near,Yes,Low,Male,Medium,Yes,No,High,High School,Medium,Neutral,Single,Private,High,66
2768,87,17,99,2,2,1.8800000000000001,6,7,7,6,20,4.7,Medium,Near,No,Low,Male,Medium,Yes,No,Medium,Postgraduate,Medium,Neutral,Single,Private,Medium,69
2769,87,19,60,2,3,0.6400000000000001,10,8,8,5,22,6.4,High,Moderate,No,Medium,Male,Medium,Yes,No,High,High School,High,Positive,In Relationship,Private,Low,69
2770,70,19,63,1,3,1.08,4,4,4,8,19,2.7,High,Far,No,Low,Female,Medium,Yes,No,Medium,College,High,Neutral,Single,Private,Medium,64
2771,73,16,74,1,3,1.16,7,4,4,8,19,2.9,Medium,Moderate,Yes,Low,Male,Medium,Yes,No,Low,High School,Medium,Positive,Single,Public,High,64
2772,93,19,83,1,3,2.12,7,7,7,5,19,5.3,Medium,Near,Yes,Medium,Female,Medium,Yes,No,Medium,High School,Low,Positive,Single,Public,Medium,69
2773,90,11,72,3,3,2.08,7,8,8,6,21,5.2,Medium,Near,Yes,Medium,Female,Medium,Yes,No,High,High School,Medium,Negative,In Relationship,Public,Medium,67
2774,73,17,68,2,3,0.6400000000000001,9,8,8,5,22,6.4,Medium,Near,Yes,Medium,Female,Medium,Yes,Yes,Low,College,Low,Positive,Single,Public,Medium,63
2775,81,18,77,1,3,1.4800000000000002,8,7,7,6,21,3.7,High,Moderate,Yes,Medium,Male,Medium,Yes,No,Low,College,Low,Positive,Single,Public,High,67
2776,62,18,98,3,1,2.72,6,9,9,5,20,6.8,High,Near,No,Medium,Male,Low,Yes,No,Low,College,Medium,Neutral,In Relationship,Private,Medium,65
2777,68,19,98,2,1,0.6400000000000001,6,8,8,5,20,6.4,Medium,Moderate,Yes,Low,Female,Low,Yes,No,Low,High School,Medium,Positive,Single,Public,Medium,64
2778,79,20,66,3,3,0.30000000000000004,7,3,3,8,19,3,Medium,Near,No,High,Female,Medium,Yes,No,Low,College,High,Negative,Single,Public,Medium,68
2779,63,23,84,0,3,2.7600000000000002,9,8,8,5,21,6.9,Medium,Near,Yes,High,Female,Medium,Yes,No,High,High School,Low,Neutral,Single,Public,Medium,64
2780,94,25,86,2,4,0.47000000000000003,7,5,5,7,22,4.7,Medium,Moderate,No,Low,Male,High,No,No,Low,College,High,Negative,In Relationship,Private,Medium,70
2781,89,16,83,0,4,2.2,7,8,8,6,19,5.5,Medium,Moderate,Yes,Low,Male,High,Yes,No,High,Postgraduate,High,Positive,Single,Public,High,70
2782,98,13,56,1,3,2.2,6,8,8,6,19,5.5,Low,Moderate,Yes,High,Female,Medium,Yes,No,Medium,College,High,Negative,Single,Public,Low,67
2783,88,14,77,2,3,0.61,8,8,8,5,21,6.1,High,Far,Yes,Medium,Male,Medium,Yes,No,Medium,College,High,Positive,In Relationship,Public,Medium,69
2784,98,17,88,2,4,1.7600000000000002,7,7,7,6,20,4.4,Medium,Far,No,Low,Male,High,Yes,No,Medium,High School,High,Negative,In Relationship,Private,High,70
2785,82,18,60,5,3,0.37000000000000005,6,5,5,7,21,3.7,High,Near,No,Medium,Male,Medium,Yes,No,Medium,College,High,Negative,Single,Public,High,69
2786,84,15,67,1,3,1.8800000000000001,9,5,5,7,19,4.7,Low,Moderate,Yes,Medium,Male,Medium,Yes,No,Medium,College,Medium,Negative,In Relationship,Private,High,65
2787,99,12,60,0,1,1.56,10,6,6,7,20,3.9,High,Moderate,Yes,Low,Male,Low,Yes,No,Medium,High School,Medium,Negative,Single,Public,Low,66
2788,86,17,94,2,3,0.6400000000000001,7,8,8,5,20,6.4,High,Moderate,Yes,Medium,Male,Medium,Yes,No,Medium,High School,High,Neutral,Single,Public,Medium,70
2789,61,21,93,1,5,0.49000000000000005,7,5,5,7,19,4.9,Low,Near,Yes,Low,Male,High,Yes,No,Low,High School,Medium,Negative,Single,Private,High,63
2790,89,24,58,3,3,0.7000000000000001,5,8,8,5,19,7,Medium,Near,No,High,Female,Medium,Yes,No,Medium,High School,Low,Positive,In Relationship,Public,Medium,69
2791,96,17,88,4,4,2.64,8,8,8,5,20,6.6,High,Near,Yes,Low,Male,High,Yes,No,Medium,Postgraduate,High,Positive,Single,Private,Low,74
2792,92,18,68,2,3,0.75,8,8,8,5,21,7.5,Medium,Near,Yes,High,Male,Medium,Yes,No,Low,High School,Medium,Positive,In Relationship,Private,High,70
2793,83,14,84,1,3,0.47000000000000003,7,6,6,7,21,4.7,Medium,Near,No,Low,Female,Medium,Yes,No,Medium,High School,High,Neutral,In Relationship,Public,Medium,66
2794,87,20,75,0,3,2.64,6,8,8,5,20,6.6,High,Near,Yes,Low,Male,Medium,Yes,Yes,Medium,Postgraduate,Low,Positive,Single,Public,Medium,68
2795,100,15,74,2,5,2.3600000000000003,10,7,7,6,20,5.9,Low,Far,No,Medium,Male,High,Yes,No,Medium,High School,Medium,Negative,In Relationship,Public,Medium,67
2796,64,23,94,2,5,2.64,8,8,8,5,19,6.6,Medium,Moderate,Yes,Medium,Female,High,Yes,No,Low,High School,Medium,Positive,In Relationship,Private,Medium,66
2797,87,9,82,0,3,1.8399999999999999,6,6,6,7,21,4.6,Medium,Near,No,Low,Female,Medium,Yes,No,Medium,College,High,Negative,In Relationship,Public,Medium,65
2798,71,18,62,3,2,0.25,8,4,4,8,23,2.5,Medium,Near,Yes,High,Male,Medium,Yes,No,Medium,College,Low,Positive,In Relationship,Public,High,66
2799,86,22,56,1,4,2.32,7,7,7,6,21,5.8,Medium,Moderate,Yes,High,Male,High,Yes,No,Medium,High School,High,Positive,In Relationship,Private,Medium,69
2800,84,21,97,2,4,2.2399999999999998,7,8,8,5,18,5.6,Medium,Moderate,No,Low,Female,High,Yes,No,Medium,High School,Low,Neutral,Single,Public,Low,67
2801,66,36,58,1,3,1.92,8,7,7,6,21,4.8,High,Far,Yes,Medium,Male,Medium,Yes,No,High,College,Low,Positive,Single,Public,Medium,69
2802,68,22,87,2,3,0.27999999999999997,4,4,4,8,22,2.8,Medium,Far,No,Medium,Female,Medium,Yes,No,High,Postgraduate,Medium,Neutral,Complicated,Public,Medium,66
2803,85,14,75,2,1,1.8399999999999999,4,8,8,5,20,4.6,Medium,Far,No,High,Female,Low,Yes,Yes,High,High School,Medium,Negative,In Relationship,Public,Medium,64
2804,65,19,57,1,2,1.1199999999999999,9,4,4,8,20,2.8,Medium,Near,No,Medium,Female,Medium,Yes,Yes,Low,High School,Medium,Positive,Single,Public,Medium,61
2805,71,9,89,0,2,2.44,7,8,8,5,24,6.1,High,Near,Yes,Low,Male,Medium,Yes,No,Medium,High School,Low,Negative,Single,Public,Medium,61
2806,93,20,95,1,4,0.53,6,7,7,6,21,5.3,Medium,Moderate,Yes,Medium,Male,High,Yes,No,Low,College,Medium,Negative,In Relationship,Public,High,70
2807,73,15,56,1,2,1.8,5,7,7,6,21,4.5,High,Near,No,Medium,Female,Medium,Yes,No,Medium,Postgraduate,Medium,Positive,Complicated,Public,Medium,65
2808,80,25,53,1,3,2.64,7,8,8,5,24,6.6,Low,Moderate,No,Medium,Male,Medium,Yes,No,Medium,College,High,Neutral,Single,Private,Medium,67
2809,98,17,92,0,0,0.6000000000000001,7,8,8,5,22,6,Medium,Near,No,High,Male,Low,Yes,No,Medium,College,Low,Positive,In Relationship,Private,Medium,69
2810,69,19,75,2,5,1.9600000000000002,9,7,7,6,21,4.9,Low,Moderate,Yes,Medium,Female,High,Yes,No,Medium,High School,Medium,Negative,Single,Public,Low,63
2811,76,16,84,1,4,2.44,8,7,7,5,20,6.1,Medium,Near,No,High,Male,High,Yes,No,High,High School,Medium,Neutral,Single,Public,High,66
2812,84,30,72,3,2,0.47000000000000003,7,5,5,7,24,4.7,Medium,Near,Yes,Medium,Male,Medium,Yes,No,Medium,High School,High,Positive,In Relationship,Public,Medium,73
2813,90,18,71,0,3,2.16,8,7,7,6,22,5.4,High,Near,No,Low,Female,Medium,No,No,High,High School,High,Neutral,In Relationship,Public,Medium,68
2814,96,31,65,0,2,0.43,9,4,4,8,24,4.3,High,Far,Yes,Low,Male,Medium,Yes,No,High,High School,High,Positive,Single,Private,Medium,74
2815,97,25,78,0,3,0.51,8,6,6,6,20,5.1,Medium,Near,Yes,Medium,Male,Medium,Yes,No,Medium,High School,Low,Neutral,In Relationship,Public,Medium,70
2816,91,23,58,0,2,0.5599999999999999,8,7,7,6,19,5.6,Low,Far,Yes,Medium,Male,Medium,Yes,No,Medium,High School,High,Positive,Single,Public,Medium,68
2817,69,22,86,1,4,0.48,7,7,7,6,20,4.8,High,Moderate,No,High,Female,High,Yes,Yes,Low,High School,High,Positive,In Relationship,Public,Medium,67
2818,61,22,77,1,4,1.8,6,7,7,6,20,4.5,Medium,Moderate,No,Medium,Male,High,Yes,No,Low,Postgraduate,High,Positive,Single,Public,Medium,65
2819,75,8,92,5,4,2.64,5,9,9,4,19,6.6,Medium,Moderate,No,High,Male,High,Yes,No,Medium,High School,Medium,Positive,In Relationship,Public,High,66
2820,66,18,96,0,5,0.42000000000000004,5,5,5,7,22,4.2,Medium,Moderate,Yes,Low,Female,High,Yes,No,Medium,High School,High,Neutral,In Relationship,Public,Medium,64
2821,88,25,95,1,4,1.92,8,7,7,6,21,4.8,Medium,Near,Yes,High,Female,High,Yes,No,Low,High School,Medium,Neutral,In Relationship,Public,High,72
2822,86,20,80,2,2,1.72,8,6,6,7,20,4.3,Medium,Near,Yes,Medium,Male,Medium,Yes,No,High,College,Medium,Neutral,Single,Public,Medium,70
2823,62,12,66,1,2,2.2800000000000002,9,8,8,5,19,5.7,Medium,Moderate,Yes,Low,Female,Medium,Yes,No,Medium,College,Medium,Neutral,In Relationship,Private,Medium,60
2824,93,20,68,1,3,1.8399999999999999,8,8,8,6,21,4.6,Medium,Moderate,Yes,Low,Male,Medium,Yes,No,Medium,High School,Medium,Neutral,In Relationship,Public,Low,68
2825,70,30,83,1,2,1.7600000000000002,9,5,5,7,21,4.4,High,Near,Yes,High,Female,Medium,Yes,No,Medium,Postgraduate,Medium,Neutral,In Relationship,Private,Medium,71
2826,77,27,86,1,3,2,7,7,7,6,22,5,Medium,Moderate,Yes,High,Male,Medium,Yes,No,Low,High School,Medium,Neutral,Single,Public,Medium,68
2827,87,20,58,2,2,0.43,8,5,5,7,19,4.3,Medium,Near,Yes,Low,Male,Medium,Yes,Yes,Low,Postgraduate,High,Negative,Single,Public,Medium,67
2828,77,26,100,1,5,1.8800000000000001,5,7,7,6,20,4.7,Medium,Near,Yes,Low,Female,High,Yes,No,Low,High School,Medium,Positive,Single,Private,High,70
2829,78,18,55,0,3,0.55,7,7,7,6,20,5.5,High,Near,No,High,Male,Medium,Yes,No,High,High School,Medium,Negative,In Relationship,Public,Medium,65
2830,63,10,80,0,3,0.45,4,5,5,7,20,4.5,Medium,Near,No,Low,Male,Medium,Yes,No,Medium,College,Medium,Positive,In Relationship,Public,Medium,60
2831,76,14,77,2,4,1.8399999999999999,7,7,7,6,19,4.6,Low,Near,No,High,Male,High,No,No,Low,College,High,Positive,Single,Public,Medium,65
2832,91,29,80,0,4,0.6200000000000001,9,8,8,5,24,6.2,Medium,Near,No,Low,Female,High,Yes,No,Low,High School,Medium,Negative,Single,Public,High,70
2833,97,18,77,4,4,0.27999999999999997,7,4,4,8,23,2.8,Low,Near,Yes,Low,Male,High,Yes,No,Medium,Postgraduate,Low,Neutral,In Relationship,Private,Low,69
2834,77,19,53,1,3,2.44,8,9,9,5,19,6.1,Low,Near,No,Low,Male,Medium,Yes,No,Medium,High School,High,Positive,Complicated,Private,Medium,64
2835,77,18,100,2,3,3.2,7,9,9,5,20,8,Medium,Near,No,High,Male,Medium,Yes,Yes,Medium,High School,Low,Positive,In Relationship,Private,High,67
2836,88,31,99,2,3,1.92,6,7,7,6,21,4.8,Medium,Near,Yes,High,Male,Medium,Yes,No,Low,Postgraduate,Low,Negative,Single,Public,Low,73
2837,98,30,76,1,3,0.54,7,7,7,6,21,5.4,High,Near,No,Low,Male,Medium,Yes,No,High,College,Medium,Neutral,In Relationship,Public,Medium,74
2838,71,33,60,0,4,0.45999999999999996,9,7,7,6,20,4.6,Low,Near,Yes,Medium,Male,High,Yes,Yes,Medium,High School,Medium,Positive,In Relationship,Public,Medium,67
2839,78,19,59,2,1,0.5700000000000001,8,8,8,5,18,5.7,High,Near,Yes,High,Male,Low,Yes,No,Medium,High School,Low,Positive,In Relationship,Public,Medium,66
2840,92,22,53,4,4,0.42000000000000004,6,6,6,7,21,4.2,Medium,Near,No,High,Male,High,Yes,Yes,Medium,High School,Medium,Neutral,In Relationship,Public,Medium,69
2841,84,11,81,1,3,0.52,5,6,6,6,20,5.2,Medium,Moderate,No,Low,Female,Medium,Yes,No,Low,High School,High,Negative,In Relationship,Private,Medium,64
2842,64,29,74,0,2,0.53,7,7,7,6,21,5.3,High,Near,Yes,High,Female,Medium,Yes,No,Medium,Postgraduate,Medium,Positive,In Relationship,Public,Medium,69
2843,85,13,71,1,3,1.7600000000000002,6,7,7,6,22,4.4,High,Near,Yes,Low,Female,Medium,Yes,No,Medium,High School,Low,Positive,Single,Public,Medium,66
2844,67,21,76,1,2,0.55,7,7,7,6,24,5.5,Medium,Near,Yes,Medium,Male,Medium,Yes,Yes,Medium,High School,High,Neutral,In Relationship,Private,High,65
2845,80,13,94,1,3,1.6,5,5,5,7,20,4,Medium,Near,Yes,Medium,Female,Medium,Yes,No,High,High School,Medium,Positive,In Relationship,Private,Medium,67
2846,81,16,54,3,3,2.08,9,8,8,6,21,5.2,High,Moderate,No,Medium,Male,Medium,Yes,No,Medium,Postgraduate,Medium,Negative,In Relationship,Public,High,67
2847,95,15,77,0,3,3.12,7,9,9,5,20,7.8,Medium,Near,No,Low,Female,Medium,Yes,No,High,High School,Medium,Neutral,In Relationship,Private,Medium,68
2848,78,16,85,4,2,0.43,7,6,6,6,20,4.3,Low,Near,No,Medium,Male,Medium,Yes,Yes,Medium,High School,Medium,Neutral,In Relationship,Public,Medium,65
2849,71,17,99,4,3,1.8800000000000001,6,6,6,7,22,4.7,Low,Near,Yes,Medium,Male,Medium,Yes,Yes,Low,Postgraduate,Medium,Positive,In Relationship,Public,Medium,66
2850,69,17,87,2,3,0.43,7,5,5,7,22,4.3,Medium,Near,Yes,Low,Male,Medium,Yes,No,Low,College,High,Neutral,In Relationship,Public,Medium,65
2851,95,25,77,0,3,0.6400000000000001,7,8,8,5,23,6.4,Medium,Near,Yes,Low,Male,Medium,No,No,High,Postgraduate,Medium,Neutral,Single,Public,High,71
2852,67,13,88,0,3,0.58,6,8,8,6,20,5.8,High,Moderate,Yes,Low,Female,Medium,Yes,No,Medium,College,Medium,Neutral,In Relationship,Public,Medium,63
2853,77,21,100,2,4,0.42000000000000004,7,5,5,7,22,4.2,Low,Near,Yes,High,Female,High,Yes,No,Low,College,High,Positive,Single,Public,High,70
2854,67,27,94,0,2,1.6,9,7,7,6,22,4,High,Near,Yes,High,Female,Medium,Yes,No,High,College,High,Positive,Single,Public,Low,70
2855,91,17,54,3,4,0.29,4,3,3,8,19,2.9,Medium,Moderate,Yes,Low,Female,High,Yes,No,High,College,Low,Neutral,Single,Public,Medium,67
2856,79,16,79,2,2,1.8800000000000001,7,7,7,5,22,4.7,Medium,Moderate,Yes,High,Male,Medium,Yes,No,High,High School,High,Positive,In Relationship,Public,High,68
2857,74,19,89,0,2,0.9199999999999999,6,4,4,8,19,2.3,Low,Moderate,Yes,High,Male,Medium,No,No,Medium,High School,Medium,Neutral,Single,Public,Medium,63
2858,74,27,84,3,3,1.9600000000000002,9,5,5,7,23,4.9,High,Near,Yes,High,Female,Medium,Yes,No,Low,College,Medium,Negative,In Relationship,Private,Medium,70
2859,94,21,71,1,2,0.32000000000000006,7,5,5,7,21,3.2,Medium,Near,No,Low,Male,Medium,No,No,Low,Postgraduate,Medium,Neutral,In Relationship,Private,High,69
2860,82,17,66,1,3,2.84,5,8,8,5,20,7.1,Medium,Near,Yes,Medium,Female,Medium,Yes,No,Medium,High School,Medium,Positive,In Relationship,Public,Low,66
2861,89,23,81,2,2,0.73,7,8,8,5,20,7.3,High,Moderate,No,Low,Male,Medium,Yes,No,Medium,Postgraduate,Low,Neutral,In Relationship,Public,High,70
2862,96,13,71,1,3,0.5599999999999999,8,7,7,6,21,5.6,High,Near,No,Medium,Male,Medium,Yes,No,Low,High School,Medium,Positive,In Relationship,Public,Low,68
2863,96,24,70,0,4,2.2399999999999998,10,8,8,5,18,5.6,Medium,Near,No,High,Female,High,Yes,No,Medium,High School,Medium,Negative,Single,Public,Medium,70
2864,73,22,92,0,4,0.45,4,6,6,7,21,4.5,High,Moderate,Yes,Low,Male,High,Yes,No,Medium,Postgraduate,Low,Positive,In Relationship,Public,Medium,67
2865,98,18,66,0,0,0.42000000000000004,5,6,6,7,21,4.2,High,Near,Yes,Medium,Male,Low,Yes,No,Medium,Postgraduate,Medium,Negative,In Relationship,Private,Medium,69
2866,61,15,82,2,2,0.7000000000000001,9,7,7,6,22,7,Low,Near,Yes,Medium,Male,Medium,Yes,No,Medium,Postgraduate,High,Positive,Single,Public,High,64
2867,75,15,94,1,3,0.71,5,8,8,5,21,7.1,Medium,Moderate,No,Low,Female,Medium,No,Yes,Low,High School,High,Negative,In Relationship,Public,Medium,62
2868,96,23,81,1,2,0.43,7,5,5,7,22,4.3,Medium,Moderate,No,Low,Male,Medium,Yes,No,Medium,Postgraduate,Medium,Positive,In Relationship,Private,Medium,71
2869,71,27,75,2,4,1.9600000000000002,6,7,7,6,21,4.9,Medium,Near,Yes,Medium,Male,High,Yes,No,Medium,High School,High,Neutral,Single,Private,High,69
2870,71,16,52,0,1,2.9600000000000004,6,9,9,5,20,7.4,High,Far,Yes,High,Male,Low,Yes,No,Low,High School,Medium,Neutral,In Relationship,Public,High,62
2871,72,23,84,0,4,0.5,7,6,6,6,20,5,Medium,Near,Yes,Medium,Male,High,Yes,No,High,High School,Low,Positive,In Relationship,Public,Medium,66
2872,84,7,100,3,4,0.45999999999999996,7,6,6,6,20,4.6,High,Moderate,Yes,Low,Male,High,Yes,Yes,Low,High School,Medium,Negative,Single,Private,Medium,64
2873,78,16,90,3,3,0.45,9,5,5,7,21,4.5,High,Moderate,No,Low,Male,Medium,Yes,No,Medium,Postgraduate,Low,Negative,In Relationship,Public,Medium,66
2874,89,20,82,2,3,1.8,9,7,7,6,20,4.5,Medium,Near,Yes,High,Female,Medium,Yes,No,Medium,College,High,Neutral,Single,Public,High,72
2875,96,15,73,3,3,1.56,8,7,7,6,21,3.9,High,Near,Yes,Medium,Female,Medium,Yes,No,Medium,College,High,Negative,Single,Private,Medium,71
2876,87,14,61,0,3,1.8,7,8,8,6,22,4.5,High,Far,Yes,Low,Male,Medium,Yes,No,Medium,High School,Medium,Neutral,In Relationship,Public,Medium,65
2877,68,16,85,1,2,0.51,7,8,8,5,22,5.1,Medium,Near,Yes,Medium,Female,Medium,Yes,No,Medium,College,Medium,Positive,Single,Public,Medium,65
2878,97,22,59,1,3,1.8800000000000001,8,6,6,7,22,4.7,High,Near,Yes,Low,Male,Medium,Yes,No,Medium,High School,Medium,Negative,Single,Public,Medium,70
2879,71,19,94,1,4,0.48,9,5,5,7,24,4.8,High,Near,Yes,High,Male,High,Yes,No,High,High School,Medium,Positive,In Relationship,Private,Medium,68
2880,66,7,68,0,2,2.52,8,8,8,5,22,6.3,Low,Moderate,Yes,Low,Male,Medium,Yes,Yes,High,College,High,Negative,Single,Public,Medium,57
2881,64,7,70,4,4,0.42000000000000004,9,4,4,8,24,4.2,High,Far,No,Low,Male,High,Yes,Yes,High,High School,Medium,Neutral,Single,Public,Low,59
2882,83,16,61,0,4,0.48,6,5,5,7,24,4.8,Low,Near,Yes,Medium,Male,High,Yes,No,Medium,College,Low,Neutral,In Relationship,Public,High,64
2883,65,23,74,2,3,0.44000000000000006,9,5,5,7,22,4.4,Medium,Moderate,Yes,Medium,Male,Medium,Yes,No,Medium,College,High,Neutral,Single,Private,High,67
2884,66,4,84,2,3,2.04,8,7,7,6,21,5.1,High,Near,No,Low,Female,Medium,Yes,No,Low,Postgraduate,Low,Neutral,Single,Public,High,60
2885,72,17,65,3,2,1.72,6,6,6,7,22,4.3,High,Far,Yes,Low,Male,Medium,Yes,No,Low,Postgraduate,High,Positive,In Relationship,Public,High,67
2886,71,17,85,2,2,0.6200000000000001,7,8,8,5,21,6.2,High,Near,Yes,Low,Female,Medium,Yes,No,Low,College,Medium,Negative,Single,Private,Low,65
2887,84,28,81,1,3,0.45,7,6,6,7,22,4.5,Medium,Near,Yes,Medium,Male,Medium,Yes,No,Medium,College,Medium,Negative,In Relationship,Public,High,71
2888,93,18,69,0,2,1.6800000000000002,7,7,7,6,20,4.2,Medium,Near,Yes,Low,Male,Medium,Yes,No,Medium,College,Low,Neutral,Complicated,Public,Medium,67
2889,90,22,66,0,1,0.51,7,8,8,5,22,5.1,Medium,Near,Yes,Low,Male,Low,Yes,No,Low,Postgraduate,Medium,Positive,Single,Public,Medium,69
2890,70,21,93,1,3,1.6800000000000002,5,5,5,7,21,4.2,Medium,Near,Yes,Low,Male,Medium,Yes,No,High,College,High,Neutral,In Relationship,Public,Medium,68
2891,70,7,51,0,1,0.26,6,4,4,8,23,2.6,Medium,Moderate,Yes,High,Female,Low,Yes,No,Medium,High School,Medium,Neutral,In Relationship,Private,Medium,59
2892,99,25,86,3,3,1.4000000000000001,7,4,4,8,19,3.5,High,Near,No,Medium,Female,Medium,No,No,Low,College,High,Positive,Single,Public,Medium,75
2893,60,21,71,0,4,0.44000000000000006,6,4,4,8,22,4.4,Medium,Far,Yes,Medium,Male,High,Yes,Yes,Low,High School,Medium,Negative,Single,Public,Low,59
2894,95,23,86,0,3,2.5600000000000005,6,9,9,4,19,6.4,Medium,Moderate,No,Medium,Female,Medium,Yes,No,Low,High School,High,Neutral,Single,Public,High,71
2895,68,44,75,3,2,0.48,9,6,6,7,21,4.8,Low,Moderate,No,Medium,Female,Medium,Yes,No,Low,High School,High,Negative,In Relationship,Private,High,71
2896,98,7,54,0,2,0.44000000000000006,7,5,5,7,22,4.4,Medium,Near,No,Medium,Female,Medium,Yes,No,High,High School,Medium,Neutral,Single,Private,High,66
2897,74,30,99,1,2,0.25,10,4,4,8,23,2.5,Low,Moderate,No,High,Male,Medium,Yes,No,Medium,High School,Medium,Positive,Single,Private,Medium,69
2898,78,18,54,4,4,0.55,7,7,7,6,21,5.5,Medium,Moderate,Yes,Low,Female,High,No,Yes,Low,College,High,Neutral,Single,Public,High,65
2899,88,22,58,3,2,2.44,9,7,7,5,20,6.1,Medium,Moderate,Yes,Low,Male,Medium,Yes,No,Low,College,Medium,Negative,Single,Private,Medium,68
2900,84,20,71,5,2,0.48,7,5,5,7,20,4.8,Low,Far,No,Low,Female,Medium,Yes,No,Medium,High School,High,Positive,In Relationship,Private,High,68
2901,73,17,97,1,3,0.45,6,5,5,7,20,4.5,Medium,Near,Yes,Medium,Male,Medium,Yes,No,High,High School,Medium,Positive,In Relationship,Public,High,67
2902,82,17,65,1,5,2.72,7,8,8,5,19,6.8,Medium,Near,Yes,Medium,Male,High,Yes,No,Medium,High School,High,Positive,In Relationship,Public,Medium,68
2903,89,22,78,0,3,1.72,9,5,5,7,19,4.3,Medium,Moderate,Yes,Medium,Male,Medium,Yes,No,Medium,High School,Low,Positive,Single,Public,Medium,68
2904,62,11,76,3,3,1.8399999999999999,7,6,6,7,19,4.6,Medium,Moderate,Yes,High,Male,Medium,Yes,Yes,High,High School,High,Neutral,Single,Private,Medium,88
2905,60,25,67,1,2,1.9600000000000002,8,8,8,6,22,4.9,High,Near,Yes,Medium,Female,Medium,Yes,No,Medium,College,Medium,Neutral,In Relationship,Public,High,66
2906,78,18,85,3,2,0.63,7,8,8,5,23,6.3,Low,Near,Yes,Low,Male,Medium,Yes,No,High,College,High,Negative,Single,Public,Low,67
2907,65,13,75,2,4,0.34,7,4,4,8,21,3.4,High,Moderate,No,Medium,Male,High,Yes,No,Low,High School,Medium,Neutral,In Relationship,Private,High,63
2908,87,17,79,3,4,0.53,7,7,7,6,23,5.3,High,Near,Yes,Low,Female,High,Yes,Yes,Medium,High School,Medium,Neutral,In Relationship,Public,Medium,68
2909,69,28,61,2,1,0.52,6,6,6,6,20,5.2,Low,Near,No,Medium,Male,Low,Yes,Yes,Low,High School,High,Positive,In Relationship,Public,High,65
2910,77,17,96,1,3,1.8800000000000001,7,5,5,7,20,4.7,Medium,Near,Yes,Low,Male,Medium,Yes,No,Medium,College,High,Positive,In Relationship,Private,Low,67
2911,68,22,56,3,1,1.6,8,7,7,6,22,4,High,Near,Yes,Medium,Male,Low,No,No,Medium,Postgraduate,High,Positive,Single,Private,Medium,67
2912,82,16,85,1,4,3.3200000000000003,7,9,9,5,19,8.3,Medium,Near,Yes,High,Male,High,Yes,No,Medium,High School,Medium,Neutral,In Relationship,Public,Medium,67
2913,65,25,94,1,3,0.33,7,3,3,8,19,3.3,Low,Far,No,Low,Male,Medium,Yes,No,Low,High School,Medium,Positive,Single,Public,High,64
2914,61,24,54,1,2,0.35000000000000003,8,4,4,8,22,3.5,Medium,Moderate,No,Low,Male,Medium,Yes,Yes,Medium,High School,Medium,Neutral,In Relationship,Public,Medium,61
2915,62,31,51,2,1,1.56,7,7,7,6,21,3.9,Medium,Far,Yes,Medium,Female,Low,Yes,No,Medium,College,Medium,Neutral,Single,Public,Medium,65
2916,98,19,67,1,4,0.6900000000000001,7,8,8,5,21,6.9,High,Moderate,Yes,Medium,Female,High,Yes,No,High,High School,Low,Negative,In Relationship,Private,Medium,70
2917,66,24,89,0,2,0.63,8,8,8,5,22,6.3,High,Near,No,Medium,Male,Medium,Yes,No,Medium,College,Medium,Positive,Single,Public,High,67
2918,88,21,86,1,2,2.52,7,8,8,6,20,6.3,Low,Moderate,No,Low,Male,Medium,Yes,No,Medium,High School,High,Positive,Single,Private,Medium,68
2919,63,28,91,1,1,0.38,7,4,4,8,23,3.8,Medium,Far,Yes,Low,Male,Low,Yes,No,Medium,High School,Medium,Positive,In Relationship,Private,Medium,65
2920,64,16,70,3,3,2.92,8,9,9,5,19,7.3,Medium,Far,Yes,High,Female,Medium,Yes,No,Low,High School,High,Negative,In Relationship,Private,High,63
2921,80,24,100,1,3,1.2800000000000002,7,4,4,8,20,3.2,High,Moderate,No,High,Male,Medium,Yes,No,Medium,Postgraduate,Medium,Neutral,Single,Public,High,72
2922,79,19,68,2,1,1.64,7,7,7,6,21,4.1,Medium,Near,Yes,High,Female,Low,Yes,No,Medium,College,High,Negative,Single,Public,High,68
2923,98,20,90,2,4,0.6200000000000001,7,8,8,5,22,6.2,High,Near,Yes,Medium,Male,High,Yes,No,Medium,High School,Medium,Positive,In Relationship,Public,Medium,73
2924,98,21,68,0,3,3.24,7,9,9,5,19,8.1,Medium,Near,Yes,Medium,Female,Medium,Yes,Yes,High,College,High,Positive,In Relationship,Public,Medium,71
2925,91,22,61,3,2,2.2,5,7,7,6,21,5.5,High,Far,No,Low,Male,Medium,Yes,No,Medium,Postgraduate,Medium,Neutral,Single,Public,High,70
2926,84,19,67,0,3,1.72,7,5,5,7,19,4.3,Medium,Near,Yes,Medium,Female,Medium,Yes,No,Low,Postgraduate,High,Positive,Single,Public,Low,68
2927,78,21,60,3,5,2.64,10,8,8,5,24,6.6,High,Moderate,No,High,Male,High,Yes,No,Medium,High School,Medium,Negative,Single,Public,Medium,68
2928,74,29,56,2,3,1.6,6,7,7,6,22,4,Medium,Near,No,Low,Female,Medium,Yes,No,Low,Postgraduate,Medium,Neutral,Single,Public,High,68
2929,98,26,68,1,1,2.64,6,9,9,4,19,6.6,High,Moderate,Yes,Low,Male,Low,Yes,No,Medium,Postgraduate,Low,Neutral,In Relationship,Private,Medium,71
2930,84,25,57,4,2,1.6800000000000002,10,8,8,5,20,4.2,Medium,Near,Yes,Medium,Male,Medium,Yes,No,Low,College,Medium,Positive,In Relationship,Public,Medium,70
2931,83,17,75,2,3,1.52,6,7,7,5,21,3.8,Medium,Near,No,Medium,Male,Medium,Yes,Yes,Medium,High School,High,Positive,In Relationship,Public,Medium,67
2932,69,15,52,0,3,2,9,8,8,6,21,5,Medium,Near,Yes,High,Female,Medium,Yes,No,Medium,College,Low,Neutral,In Relationship,Public,Medium,61
2933,62,26,72,1,3,3.08,7,9,9,5,19,7.7,Low,Moderate,Yes,Medium,Female,Medium,Yes,No,Low,College,High,Neutral,In Relationship,Public,Medium,64
2934,98,25,98,1,4,2.3600000000000003,7,7,7,6,19,5.9,Medium,Near,No,Medium,Male,High,Yes,No,Medium,Postgraduate,Low,Negative,Single,Public,Medium,72
2935,73,29,68,1,4,2.3600000000000003,7,7,7,6,24,5.9,Medium,Moderate,No,Low,Male,High,Yes,Yes,Low,High School,High,Positive,Single,Private,High,67
2936,78,16,57,1,3,0.5900000000000001,8,7,7,6,21,5.9,Low,Near,Yes,Medium,Male,Medium,Yes,No,High,College,High,Negative,Single,Public,Medium,65
2937,65,19,65,1,6,0.22999999999999998,5,4,4,8,24,2.3,Low,Moderate,Yes,High,Female,High,Yes,No,High,College,Medium,Positive,In Relationship,Public,Medium,64
2938,93,10,90,0,2,0.43,7,6,6,6,20,4.3,Medium,Near,Yes,Low,Female,Medium,Yes,No,Medium,High School,Low,Positive,In Relationship,Private,Medium,66
2939,61,18,66,1,2,0.5700000000000001,6,7,7,6,21,5.7,Medium,Moderate,No,Medium,Female,Medium,Yes,No,Medium,High School,Medium,Positive,Single,Public,High,62
2940,93,26,69,2,3,1.9600000000000002,4,8,8,5,21,4.9,Medium,Near,No,Low,Male,Medium,Yes,No,Medium,High School,Low,Neutral,In Relationship,Public,Medium,70
2941,66,17,89,1,4,0.25,9,4,4,8,23,2.5,Medium,Moderate,Yes,Medium,Female,High,No,No,Medium,High School,Medium,Positive,In Relationship,Public,High,64
2942,95,24,63,3,3,0.44000000000000006,4,5,5,7,20,4.4,Low,Near,No,Low,Female,Medium,Yes,No,Low,High School,Medium,Positive,In Relationship,Public,Medium,70
2943,89,19,74,1,2,1.8,10,7,7,5,22,4.5,Low,Moderate,No,Low,Female,Medium,Yes,No,Medium,High School,Medium,Positive,In Relationship,Public,Medium,66
2944,67,22,53,0,3,0.54,8,7,7,6,24,5.4,High,Far,Yes,Medium,Male,Medium,Yes,No,Medium,High School,Low,Negative,In Relationship,Public,High,62
2945,83,13,59,4,2,0.32000000000000006,5,3,3,8,19,3.2,Low,Near,No,Low,Female,Medium,Yes,No,High,High School,Low,Neutral,Single,Private,Medium,63
2946,73,21,60,2,3,2.52,9,8,8,5,21,6.3,Medium,Near,Yes,Medium,Male,Medium,Yes,No,High,College,Low,Positive,Single,Public,Medium,66
2947,67,2,73,1,2,2.72,6,9,9,4,19,6.8,Medium,Moderate,No,Low,Male,Medium,Yes,No,Low,College,Medium,Positive,Single,Private,Medium,58
2948,94,19,91,1,3,0.30000000000000004,6,3,3,8,19,3,High,Moderate,Yes,Low,Male,Medium,Yes,No,Medium,High School,Medium,Negative,Single,Public,Medium,70
2949,76,10,68,1,6,0.37000000000000005,4,4,4,8,22,3.7,Low,Near,No,High,Male,High,Yes,No,Medium,College,Medium,Neutral,In Relationship,Private,Low,63
2950,76,27,69,0,1,1.92,6,7,7,6,21,4.8,High,Near,Yes,Medium,Male,Low,Yes,No,High,High School,Medium,Neutral,Single,Public,High,70
2951,67,25,65,1,3,1.32,6,6,6,7,20,3.3,Medium,Near,Yes,Low,Male,Medium,Yes,No,Medium,High School,High,Negative,Single,Public,Medium,65
2952,75,23,66,5,3,1.56,8,4,4,8,22,3.9,Low,Near,Yes,Medium,Male,Medium,Yes,No,Medium,High School,Medium,Neutral,Single,Public,Low,67
2953,95,29,70,1,2,1.6800000000000002,9,8,8,5,20,4.2,Medium,Near,No,Low,Female,Medium,No,No,Medium,Postgraduate,High,Positive,In Relationship,Private,Medium,73
2954,75,14,95,0,3,1.92,5,7,7,6,19,4.8,Medium,Moderate,Yes,Medium,Male,Medium,Yes,No,Medium,College,Medium,Positive,In Relationship,Public,Medium,82
2955,98,30,51,0,2,0.71,7,8,8,5,21,7.1,Medium,Near,No,Low,Male,Medium,Yes,No,High,High School,Low,Positive,In Relationship,Public,Medium,71
2956,98,26,81,1,4,0.45,4,5,5,7,19,4.5,Medium,Near,Yes,Low,Male,High,Yes,No,Low,Postgraduate,Medium,Positive,Single,Public,Medium,73
2957,66,19,94,1,4,0.45,7,5,5,7,23,4.5,High,Moderate,No,High,Female,High,Yes,No,Low,High School,Medium,Positive,In Relationship,Public,Medium,65
2958,67,27,71,1,3,2.32,10,7,7,6,22,5.8,Medium,Near,Yes,Low,Female,Medium,Yes,No,Medium,High School,High,Neutral,In Relationship,Public,High,67
2959,95,13,83,1,4,2.08,4,8,8,6,19,5.2,Medium,Moderate,Yes,Low,Male,High,No,No,Low,College,Medium,Neutral,In Relationship,Public,High,67
2960,76,15,79,4,4,0.45,5,5,5,7,20,4.5,High,Moderate,Yes,Medium,Female,High,Yes,No,Medium,Postgraduate,High,Neutral,In Relationship,Public,Medium,69
2961,60,16,67,0,3,1.8,8,7,7,5,20,4.5,High,Near,Yes,Low,Male,Medium,Yes,No,Low,High School,Medium,Neutral,Single,Public,Medium,61
2962,71,17,57,3,4,0.47000000000000003,8,5,5,7,19,4.7,Low,Near,No,Medium,Female,High,Yes,No,Medium,High School,Medium,Positive,Single,Private,High,64
2963,84,14,61,1,2,0.5599999999999999,6,7,7,6,22,5.6,High,Far,No,High,Male,Medium,Yes,No,Low,College,Low,Positive,Single,Public,Medium,64
2964,92,27,53,2,2,0.27999999999999997,9,4,4,8,21,2.8,Medium,Far,Yes,Low,Male,Medium,Yes,No,Low,College,Low,Negative,In Relationship,Public,Medium,68
2965,65,18,88,1,1,1.56,6,5,5,7,19,3.9,Low,Near,No,Medium,Male,Low,Yes,Yes,Medium,College,Medium,Positive,Single,Private,Medium,62
2966,64,22,77,5,3,1.8,10,7,7,5,20,4.5,Medium,Near,Yes,Medium,Male,Medium,Yes,Yes,High,High School,Medium,Neutral,Single,Public,Medium,66
2967,97,17,89,1,4,1.4000000000000001,8,4,4,8,19,3.5,Low,Near,Yes,Low,Male,High,Yes,No,Medium,College,High,Neutral,Single,Public,Medium,70
2968,90,9,65,3,3,0.52,9,6,6,6,20,5.2,Medium,Near,Yes,Medium,Female,Medium,Yes,No,Low,High School,High,Positive,In Relationship,Public,Medium,67
2969,84,22,90,2,2,0.27,8,3,3,8,19,2.7,Medium,Near,Yes,Medium,Female,Medium,Yes,No,Medium,College,Medium,Positive,Single,Public,Medium,70
2970,91,9,65,0,4,0.6400000000000001,8,8,8,5,22,6.4,Medium,Moderate,No,Medium,Male,High,Yes,No,High,High School,Medium,Positive,Single,Public,Medium,65
2971,77,20,56,1,4,0.48,8,7,7,6,21,4.8,Medium,Moderate,No,Medium,Male,High,Yes,No,Medium,College,Low,Positive,In Relationship,Public,High,65
2972,90,12,77,3,3,2.4800000000000004,9,8,8,5,23,6.2,High,Near,Yes,Medium,Male,Medium,Yes,No,Medium,Postgraduate,Medium,Positive,Single,Public,Medium,70
2973,75,32,97,1,3,1.6,7,7,7,6,22,4,Medium,Moderate,Yes,Medium,Male,Medium,Yes,No,High,College,High,Neutral,Single,Private,Medium,72
2974,70,25,71,0,2,1.7600000000000002,6,7,7,6,19,4.4,Medium,Near,No,Low,Female,Medium,Yes,No,Low,College,Medium,Neutral,Single,Public,Medium,65
2975,89,21,76,1,2,2.2800000000000002,7,7,7,6,20,5.7,High,Near,Yes,Medium,Male,Medium,Yes,No,Medium,High School,High,Positive,Single,Public,Medium,71
2976,77,28,73,3,3,1.6800000000000002,6,6,6,7,19,4.2,High,Near,Yes,Medium,Female,Medium,Yes,No,Low,College,High,Negative,Single,Private,High,71
2977,99,15,73,1,5,0.44000000000000006,6,5,5,7,20,4.4,High,Near,Yes,High,Male,High,Yes,No,High,Postgraduate,Medium,Negative,Single,Public,High,72
2978,74,23,61,0,4,0.45,9,6,6,7,21,4.5,Low,Near,No,Medium,Male,High,Yes,No,Low,Postgraduate,Low,Positive,In Relationship,Public,Low,64
2979,97,21,71,2,1,2.08,8,7,7,6,20,5.2,Medium,Moderate,No,High,Male,Low,Yes,No,High,College,Medium,Neutral,In Relationship,Public,High,72
2980,97,22,75,1,4,0.63,8,8,8,5,22,6.3,Medium,Near,No,Medium,Male,High,Yes,No,Medium,Postgraduate,Low,Positive,Single,Private,Medium,71
2981,70,28,87,0,3,0.49000000000000005,9,6,6,6,20,4.9,Medium,Moderate,Yes,Low,Male,Medium,Yes,No,Low,High School,Medium,Neutral,Single,Public,Medium,66
2982,92,24,57,3,3,0.42000000000000004,8,5,5,7,20,4.2,Low,Near,No,Medium,Female,Medium,Yes,No,Medium,College,High,Positive,Single,Private,Medium,71
2983,77,22,79,2,2,3.04,10,9,9,5,20,7.6,Medium,Near,Yes,Medium,Male,Medium,Yes,No,High,High School,Medium,Neutral,In Relationship,Public,Low,67
2984,97,10,83,1,2,1.4800000000000002,4,6,6,7,20,3.7,High,Near,No,Low,Male,Medium,Yes,No,Low,Postgraduate,High,Neutral,Single,Public,High,69
2985,78,14,69,0,5,2.4800000000000004,6,8,8,5,23,6.2,Medium,Moderate,Yes,Medium,Female,High,Yes,No,High,College,High,Positive,Single,Public,Medium,67
2986,90,19,77,0,4,0.61,6,8,8,5,21,6.1,Medium,Near,Yes,High,Male,High,Yes,No,Medium,Postgraduate,High,Neutral,In Relationship,Public,Medium,71
2987,79,21,86,1,2,0.37000000000000005,5,5,5,7,21,3.7,Low,Moderate,No,High,Female,Medium,Yes,No,Low,High School,Medium,Positive,Single,Private,Medium,66
2988,69,13,73,1,2,1.7600000000000002,7,6,6,7,21,4.4,High,Far,No,Medium,Male,Medium,Yes,No,Low,High School,High,Positive,Single,Private,Low,62
2989,68,34,67,0,2,2.08,7,7,7,6,21,5.2,Medium,Moderate,No,Medium,Male,Medium,Yes,No,High,High School,Medium,Neutral,In Relationship,Private,Medium,67
2990,77,29,91,2,4,0.65,10,8,8,5,19,6.5,Low,Near,Yes,Low,Female,High,Yes,No,High,Postgraduate,Medium,Negative,Single,Public,Medium,70
2991,90,24,99,0,3,0.6200000000000001,8,7,7,6,19,6.2,High,Moderate,No,Low,Female,Medium,Yes,No,High,College,High,Neutral,Single,Public,Medium,72
2992,84,20,61,3,2,2.72,6,9,9,4,23,6.8,High,Near,No,Medium,Male,Medium,Yes,No,Medium,High School,High,Neutral,Single,Private,Medium,69
2993,88,19,94,1,3,2.7600000000000002,8,8,8,5,20,6.9,High,Moderate,No,Medium,Male,Medium,Yes,No,High,High School,Medium,Neutral,In Relationship,Public,Medium,70
2994,71,14,77,0,3,2.84,4,9,9,4,20,7.1,High,Near,No,Medium,Female,Medium,Yes,No,Medium,High School,High,Negative,Single,Public,Medium,64
2995,79,20,72,1,3,0.41,7,5,5,7,21,4.1,Medium,Near,Yes,Medium,Male,Medium,No,No,Low,High School,Medium,Negative,In Relationship,Public,Medium,65
2996,62,22,95,2,2,2.6,7,8,8,5,20,6.5,High,Near,Yes,Medium,Male,Medium,Yes,No,Medium,High School,Medium,Negative,In Relationship,Public,Medium,66
2997,93,13,96,2,3,2.32,6,7,7,6,21,5.8,Medium,Near,No,High,Female,Medium,Yes,No,High,High School,Low,Negative,Single,Private,Medium,68
2998,100,22,64,2,3,0.31000000000000005,7,3,3,8,19,3.1,Medium,Near,Yes,Low,Female,Medium,Yes,No,Medium,College,Medium,Positive,Single,Private,Medium,72
2999,76,19,68,2,3,0.68,6,8,8,5,22,6.8,Low,Moderate,Yes,High,Female,Medium,Yes,No,Medium,High School,Medium,Positive,In Relationship,Public,Medium,65
3000,60,9,93,3,2,0.52,6,7,7,6,21,5.2,Low,Moderate,Yes,Low,Female,Medium,Yes,No,Medium,High School,Medium,Neutral,In Relationship,Private,High,60
3001,67,15,75,0,4,1.92,8,7,7,6,21,4.8,Medium,Near,No,High,Female,High,Yes,No,Medium,Postgraduate,Medium,Negative,In Relationship,Public,High,63
3002,86,18,64,3,3,2.2800000000000002,9,7,7,6,21,5.7,Low,Near,Yes,Low,Female,Medium,Yes,No,Low,High School,Low,Positive,Single,Public,High,66
3003,84,31,98,1,4,0.54,8,7,7,6,24,5.4,Medium,Near,Yes,Medium,Female,High,Yes,No,Low,Postgraduate,Low,Positive,In Relationship,Public,Medium,73
3004,92,23,61,4,4,0.38,6,6,6,7,20,3.8,Medium,Near,Yes,Low,Male,High,Yes,No,Low,College,Medium,Positive,Complicated,Public,Medium,71
3005,70,12,81,1,2,0.65,6,8,8,5,20,6.5,Medium,Far,Yes,Low,Male,Medium,Yes,Yes,Low,High School,Medium,Negative,Single,Public,Medium,59
3006,91,23,71,5,3,1.8,6,7,7,6,21,4.5,Low,Moderate,Yes,Low,Female,Medium,Yes,No,Medium,High School,Medium,Neutral,Single,Public,High,70
3007,88,11,73,1,3,0.47000000000000003,7,6,6,6,20,4.7,Low,Near,Yes,Medium,Female,Medium,Yes,Yes,Low,College,Medium,Neutral,In Relationship,Private,Low,63
3008,73,26,55,1,4,0.41,6,5,5,7,22,4.1,Medium,Near,No,Medium,Male,High,Yes,No,Medium,Postgraduate,Medium,Positive,In Relationship,Public,Low,67
3009,82,17,63,2,2,1.92,9,7,7,5,19,4.8,Medium,Moderate,Yes,Low,Male,Medium,Yes,No,Medium,College,Low,Neutral,Single,Private,Medium,65
3010,66,19,58,5,4,2.72,7,9,9,5,20,6.8,Low,Moderate,No,Medium,Female,High,Yes,No,Medium,College,Medium,Positive,In Relationship,Public,Low,64
3011,78,28,87,2,2,1.6800000000000002,8,7,7,6,20,4.2,Medium,Near,No,Low,Male,Medium,Yes,No,Low,Postgraduate,High,Positive,Complicated,Public,Medium,71
3012,95,12,85,2,2,1.9600000000000002,5,7,7,6,19,4.9,High,Near,Yes,High,Male,Medium,Yes,No,Medium,College,Medium,Negative,Complicated,Public,Medium,70
3013,77,12,90,2,2,0.44000000000000006,6,4,4,8,19,4.4,Low,Near,Yes,Medium,Female,Medium,Yes,No,Medium,High School,Medium,Neutral,Single,Public,Low,63
3014,94,16,85,3,2,1.36,8,4,4,8,20,3.4,Medium,Near,No,Low,Female,Medium,Yes,No,Medium,High School,Low,Neutral,Single,Public,High,68
3015,84,26,56,1,2,0.48,8,5,5,7,23,4.8,Medium,Near,Yes,Medium,Female,Medium,No,No,Medium,College,Medium,Negative,In Relationship,Public,Medium,67
3016,68,11,99,1,4,0.42000000000000004,5,5,5,7,22,4.2,High,Near,Yes,High,Female,High,Yes,No,Medium,Postgraduate,Medium,Neutral,Single,Public,Medium,66
3017,83,3,59,2,5,0.63,7,7,7,6,21,6.3,Low,Moderate,Yes,Medium,Male,High,Yes,No,Low,High School,High,Positive,Single,Public,High,63
3018,80,17,68,0,5,2.16,7,8,8,5,19,5.4,Medium,Near,Yes,Medium,Female,High,Yes,Yes,Medium,College,Medium,Negative,In Relationship,Private,Medium,65
3019,76,23,85,2,3,3.16,6,9,9,5,19,7.9,High,Far,Yes,Low,Male,Medium,Yes,Yes,Low,High School,Medium,Positive,In Relationship,Public,Medium,66
3020,65,27,57,2,4,0.7200000000000001,8,9,9,4,22,7.2,Medium,Near,Yes,Low,Female,High,Yes,No,Medium,Postgraduate,Medium,Negative,Single,Public,Low,65
3021,77,17,59,2,4,1,5,4,4,8,19,2.5,Medium,Near,Yes,Medium,Male,High,Yes,No,Medium,High School,Low,Neutral,Single,Private,High,65
3022,63,18,94,2,2,0.5,6,7,7,6,21,5,Low,Near,No,Medium,Male,Medium,Yes,Yes,Medium,High School,High,Neutral,In Relationship,Public,High,63
3023,64,27,67,0,3,0.33,8,3,3,8,19,3.3,High,Near,No,Low,Male,Medium,Yes,No,Medium,High School,Medium,Positive,Single,Public,Medium,65
3024,77,9,83,1,4,0.31000000000000005,7,4,4,8,22,3.1,High,Far,Yes,Low,Male,High,Yes,Yes,Medium,High School,Low,Neutral,In Relationship,Private,High,62
3025,72,18,93,1,3,2.5600000000000005,7,8,8,5,21,6.4,Medium,Near,Yes,Medium,Female,Medium,Yes,No,Medium,College,Medium,Positive,Single,Public,Medium,66
3026,97,21,99,1,3,2,7,7,7,6,22,5,Low,Near,No,High,Female,Medium,Yes,No,Medium,Postgraduate,Medium,Negative,Single,Public,Medium,71
3027,75,23,61,2,2,1.7600000000000002,8,7,7,6,20,4.4,Low,Far,Yes,Low,Female,Medium,Yes,No,High,High School,Low,Positive,Complicated,Public,Medium,64
3028,90,17,56,0,4,2.4800000000000004,8,8,8,5,23,6.2,Medium,Near,Yes,Medium,Female,High,Yes,No,Low,College,Medium,Neutral,Single,Private,Medium,67
3029,81,20,87,1,3,1.72,8,7,7,5,20,4.3,Medium,Near,No,High,Male,Medium,Yes,No,Medium,High School,Medium,Neutral,Single,Private,Medium,68
3030,88,5,59,3,3,0.5900000000000001,7,8,8,5,21,5.9,Medium,Near,No,Low,Female,Medium,Yes,No,Medium,College,Medium,Negative,In Relationship,Public,Medium,63
3031,70,16,79,0,3,2.32,6,7,7,6,21,5.8,Medium,Near,Yes,High,Female,Medium,Yes,No,High,College,Low,Negative,In Relationship,Public,High,64
3032,98,23,77,1,1,0.22999999999999998,6,4,4,8,24,2.3,High,Near,Yes,Low,Female,Low,Yes,No,Medium,Postgraduate,High,Neutral,In Relationship,Public,High,74
3033,81,14,78,2,4,2.2800000000000002,5,8,8,5,19,5.7,Medium,Near,Yes,High,Male,High,Yes,No,Medium,Postgraduate,Low,Positive,In Relationship,Public,High,68
3034,93,20,82,1,3,1.8399999999999999,6,6,6,7,21,4.6,Medium,Moderate,Yes,Medium,Female,Medium,No,Yes,Low,High School,Medium,Positive,In Relationship,Public,High,68
3035,75,23,93,2,3,2.44,6,8,8,5,24,6.1,High,Moderate,Yes,Medium,Female,Medium,No,No,Medium,Postgraduate,High,Neutral,Single,Public,Low,69
3036,64,18,64,4,4,0.65,9,8,8,5,20,6.5,Medium,Near,Yes,Low,Male,High,Yes,Yes,Medium,High School,Low,Negative,Single,Public,Medium,61
3037,87,21,78,1,2,0.6400000000000001,5,8,8,5,20,6.4,High,Near,Yes,Low,Female,Medium,Yes,No,High,High School,Low,Positive,Single,Private,Medium,69
3038,60,14,67,3,3,0.6200000000000001,9,8,8,5,21,6.2,Low,Near,Yes,High,Female,Medium,Yes,No,Low,High School,Low,Positive,Single,Public,High,61
3039,79,19,66,3,3,2.2800000000000002,7,7,7,6,19,5.7,High,Near,Yes,High,Male,Medium,Yes,Yes,Low,High School,Medium,Positive,Single,Public,Medium,67
3040,68,24,51,0,4,1.7600000000000002,7,5,5,7,20,4.4,High,Near,No,Low,Female,High,Yes,No,Medium,High School,Low,Neutral,Single,Private,Low,63
3041,85,21,80,3,3,2.64,8,8,8,5,20,6.6,Medium,Moderate,No,Low,Female,Medium,Yes,Yes,Medium,College,Medium,Positive,Single,Public,High,68
3042,99,16,99,0,5,1.6800000000000002,5,7,7,6,20,4.2,Medium,Moderate,No,Low,Female,High,No,No,Low,College,Medium,Neutral,Complicated,Private,Medium,68
3043,79,21,88,2,1,3.3200000000000003,6,9,9,5,19,8.3,Low,Near,Yes,High,Male,Low,Yes,No,Low,High School,Medium,Neutral,In Relationship,Public,Medium,67
3044,93,24,62,1,3,2.2399999999999998,5,8,8,5,19,5.6,Medium,Moderate,Yes,High,Female,Medium,Yes,No,High,College,Low,Negative,In Relationship,Private,Medium,69
3045,80,8,86,2,3,0.29,6,4,4,8,22,2.9,Medium,Near,No,Low,Male,Medium,Yes,No,Medium,High School,High,Neutral,In Relationship,Public,Medium,64
3046,80,27,65,1,4,0.44000000000000006,6,4,4,8,22,4.4,Low,Near,No,Low,Male,High,Yes,No,Low,Postgraduate,Low,Positive,Single,Public,Medium,67
3047,97,18,88,1,3,0.43,9,5,5,7,22,4.3,High,Near,No,High,Female,Medium,Yes,Yes,Low,High School,Medium,Neutral,In Relationship,Public,Medium,70
3048,96,23,93,5,4,1.8800000000000001,6,7,7,6,19,4.7,High,Near,Yes,Low,Female,High,Yes,No,Low,High School,Low,Negative,In Relationship,Public,Medium,72
3049,91,27,67,1,2,2.72,4,8,8,5,24,6.8,High,Moderate,No,High,Female,Medium,Yes,No,Medium,High School,Low,Neutral,Single,Private,High,71
3050,72,12,50,1,3,0.75,6,8,8,5,21,7.5,Medium,Near,No,Low,Male,Medium,Yes,No,High,College,Medium,Positive,In Relationship,Public,Medium,62
3051,82,16,65,2,5,0.39,8,5,5,7,21,3.9,Medium,Near,Yes,Low,Male,High,Yes,Yes,High,Postgraduate,Medium,Positive,In Relationship,Private,Medium,67
3052,69,18,60,3,2,1.2400000000000002,9,5,5,7,19,3.1,High,Far,Yes,Low,Female,Medium,Yes,No,Medium,College,Medium,Negative,In Relationship,Public,Medium,64
3053,78,15,81,0,2,2.68,7,8,8,5,21,6.7,Medium,Near,Yes,Medium,Male,Medium,Yes,No,Medium,High School,Medium,Neutral,Single,Public,Low,64
3054,79,30,65,1,4,1.6,6,4,4,8,19,4,Medium,Near,No,Low,Female,High,Yes,No,Medium,Postgraduate,High,Negative,Single,Public,Medium,70
3055,93,15,52,3,5,0.33,7,4,4,8,22,3.3,Medium,Near,Yes,Low,Female,High,Yes,No,Medium,College,Medium,Negative,In Relationship,Public,Medium,68
3056,96,17,77,1,3,0.42000000000000004,8,5,5,7,22,4.2,Medium,Near,No,Medium,Female,Medium,Yes,No,Medium,Postgraduate,Medium,Neutral,Single,Public,Medium,70
3057,77,21,94,1,3,0.48,5,5,5,7,23,4.8,Low,Far,Yes,Medium,Male,Medium,Yes,No,Low,High School,Medium,Negative,In Relationship,Public,High,65
3058,61,13,73,2,2,0.45,7,5,5,7,19,4.5,Low,Near,No,High,Female,Medium,Yes,No,Low,High School,Low,Positive,Single,Public,Medium,59
3059,94,18,69,1,2,1.08,7,4,4,8,19,2.7,Medium,Far,Yes,Medium,Female,Medium,Yes,No,Medium,High School,Medium,Positive,Single,Public,High,69
3060,67,22,59,2,3,0.58,7,8,8,5,22,5.8,Medium,Near,Yes,Low,Male,Medium,Yes,No,High,Postgraduate,Medium,Positive,In Relationship,Public,High,67
3061,85,18,69,2,4,1.8800000000000001,7,7,7,6,19,4.7,High,Near,No,Low,Male,High,Yes,No,Medium,High School,Medium,Positive,In Relationship,Private,Medium,68
3062,61,19,67,1,1,0.24,6,4,4,8,21,2.4,Medium,Near,No,Medium,Male,Low,Yes,No,Low,College,Medium,Positive,In Relationship,Public,Medium,62
3063,76,17,100,0,4,1.52,8,7,7,6,22,3.8,Medium,Moderate,No,High,Male,High,No,No,Low,High School,High,Neutral,Single,Private,Medium,65
3064,99,11,52,0,5,0.22999999999999998,7,3,3,8,23,2.3,Medium,Near,Yes,High,Female,High,Yes,No,Medium,College,High,Neutral,In Relationship,Private,High,69
3065,64,22,62,3,4,0.58,7,8,8,6,20,5.8,Medium,Moderate,Yes,Low,Female,High,Yes,No,Medium,Postgraduate,Medium,Neutral,In Relationship,Private,Medium,65
3066,77,31,53,1,2,2.7600000000000002,5,9,9,4,19,6.9,Low,Near,Yes,Medium,Female,Medium,Yes,No,High,High School,High,Neutral,Single,Public,Medium,68
3067,72,20,93,4,2,1.8800000000000001,8,6,6,7,20,4.7,Low,Near,Yes,Low,Male,Medium,Yes,No,Medium,High School,High,Positive,Single,Public,High,68
3068,96,21,71,3,3,1.64,6,7,7,6,20,4.1,Medium,Near,Yes,Medium,Female,Medium,No,No,High,High School,High,Negative,Single,Public,Medium,71
3069,95,24,90,3,4,0.68,9,8,8,5,22,6.8,Low,Moderate,Yes,Low,Male,High,Yes,No,Medium,High School,Medium,Positive,In Relationship,Public,Low,71
3070,70,12,85,1,3,0.39,5,4,4,8,22,3.9,Medium,Near,No,High,Female,Medium,Yes,No,High,Postgraduate,High,Positive,In Relationship,Public,Medium,66
3071,63,30,96,4,3,0.67,8,7,7,6,21,6.7,High,Near,Yes,Low,Female,Medium,Yes,No,Medium,Postgraduate,Medium,Positive,Single,Private,Medium,71
3072,85,21,51,2,3,2.64,4,8,8,5,24,6.6,Medium,Near,No,Low,Female,Medium,Yes,No,Low,College,Medium,Neutral,Single,Public,Medium,66
3073,73,30,60,0,4,0.51,4,6,6,7,21,5.1,Low,Moderate,No,Low,Female,High,Yes,No,Medium,High School,High,Positive,In Relationship,Private,Low,66
3074,87,16,85,2,1,0.73,6,8,8,5,20,7.3,High,Near,Yes,Medium,Female,Low,Yes,No,Medium,High School,High,Neutral,In Relationship,Public,High,69
3075,61,31,79,0,3,2.68,4,8,8,5,20,6.7,Medium,Moderate,No,Low,Female,Medium,Yes,No,Medium,High School,Medium,Positive,In Relationship,Public,Low,65
3076,65,25,85,2,3,2.84,8,9,9,4,20,7.1,Low,Near,Yes,Low,Female,Medium,Yes,No,Medium,Postgraduate,High,Negative,Single,Public,Medium,66
3077,87,23,79,2,2,2.44,7,9,9,5,19,6.1,Low,Far,No,Medium,Male,Medium,Yes,No,Medium,High School,Medium,Neutral,Complicated,Public,Medium,67
3078,68,21,79,1,4,2.52,9,8,8,5,22,6.3,Medium,Moderate,No,High,Female,High,Yes,No,Low,Postgraduate,Medium,Negative,Single,Private,High,66
3079,94,19,97,0,3,1.8800000000000001,7,7,7,6,21,4.7,Medium,Near,No,Medium,Female,Medium,Yes,No,Medium,High School,Medium,Neutral,Single,Public,Medium,69
3080,62,27,96,2,4,1.6,7,4,4,8,22,4,Low,Near,No,Low,Male,High,Yes,No,Medium,High School,High,Neutral,Single,Public,Medium,66
3081,69,21,52,0,3,1.4000000000000001,7,4,4,8,19,3.5,Medium,Near,Yes,Low,Male,Medium,Yes,No,Low,Postgraduate,High,Negative,Single,Public,Medium,64
3082,100,8,71,0,2,1.7600000000000002,6,6,6,7,21,4.4,High,Near,Yes,Low,Female,Medium,Yes,No,Medium,Postgraduate,High,Positive,Single,Public,High,70
3083,77,13,76,1,4,2.04,6,7,7,6,19,5.1,Medium,Moderate,Yes,Medium,Male,High,No,No,Low,College,Low,Neutral,Single,Private,Low,62
3084,88,19,68,1,5,0.5700000000000001,5,7,7,6,19,5.7,Medium,Moderate,Yes,Low,Male,High,Yes,No,High,High School,Low,Positive,In Relationship,Public,Low,67
3085,67,22,52,1,2,1.8800000000000001,8,7,7,5,20,4.7,Medium,Moderate,No,Medium,Female,Medium,Yes,Yes,Medium,College,Low,Negative,Single,Public,Low,60
3086,84,20,74,1,3,2,7,8,8,5,20,5,Low,Near,No,High,Female,Medium,Yes,No,Low,Postgraduate,Low,Neutral,In Relationship,Public,Medium,66
3087,89,27,99,0,2,1.04,7,4,4,8,20,2.6,Medium,Near,Yes,Medium,Female,Medium,Yes,No,Medium,High School,Medium,Positive,Single,Public,High,72
3088,73,8,54,2,3,0.58,10,7,7,6,22,5.8,High,Near,Yes,Medium,Male,Medium,Yes,No,Medium,High School,Medium,Positive,Single,Public,Medium,63
3089,93,21,91,1,3,1.8,6,6,6,7,22,4.5,Low,Near,Yes,High,Male,Medium,Yes,No,Low,Postgraduate,Low,Negative,Single,Public,Medium,69
3090,84,9,60,1,3,1.8800000000000001,7,7,7,6,21,4.7,High,Moderate,Yes,Low,Male,Medium,Yes,No,High,College,High,Positive,Single,Private,Medium,66
3091,76,25,79,2,2,0.45999999999999996,7,7,7,6,21,4.6,Medium,Near,Yes,Medium,Male,Medium,Yes,No,Medium,College,Medium,Positive,Single,Public,Medium,69
3092,82,19,69,2,3,0.47000000000000003,9,5,5,7,19,4.7,Medium,Moderate,No,Medium,Male,Medium,Yes,No,Low,College,High,Neutral,Single,Private,Medium,68
3093,83,23,67,3,4,0.22999999999999998,7,4,4,8,22,2.3,Low,Moderate,No,Low,Female,High,Yes,No,Medium,High School,Medium,Negative,In Relationship,Public,Low,66
3094,67,15,94,0,2,1.6800000000000002,7,7,7,5,21,4.2,Medium,Moderate,Yes,High,Male,Medium,Yes,No,Low,Postgraduate,Medium,Positive,In Relationship,Private,Low,63
3095,76,28,99,1,3,0.48,10,6,6,7,21,4.8,Medium,Near,Yes,Medium,Male,Medium,Yes,No,High,High School,Medium,Neutral,In Relationship,Public,Medium,70
3096,74,26,69,2,4,2.8000000000000003,6,9,9,5,20,7,Medium,Moderate,No,Low,Male,High,Yes,No,Medium,Postgraduate,Medium,Positive,In Relationship,Public,High,68
3097,76,24,82,2,4,1.92,7,7,7,6,19,4.8,Medium,Far,Yes,Medium,Male,High,Yes,No,Medium,College,Medium,Positive,Single,Public,Medium,68
3098,90,19,78,1,3,0.58,8,7,7,6,22,5.8,Medium,Moderate,No,Low,Male,Medium,Yes,No,Medium,High School,Medium,Neutral,In Relationship,Private,Medium,67
3099,79,23,54,1,1,2.12,6,8,8,5,19,5.3,High,Moderate,Yes,Low,Male,Low,Yes,No,Low,High School,High,Neutral,In Relationship,Public,Medium,67
3100,98,16,52,3,3,2.12,8,7,7,6,21,5.3,Low,Moderate,Yes,Low,Female,Medium,Yes,No,Medium,College,High,Neutral,Single,Public,High,69
3101,72,25,89,3,5,1.8399999999999999,6,8,8,6,21,4.6,Medium,Near,No,Low,Male,High,Yes,No,Low,High School,Medium,Neutral,In Relationship,Public,High,68
3102,77,30,70,0,1,2.2399999999999998,9,7,7,6,20,5.6,Low,Moderate,Yes,Medium,Male,Low,Yes,No,Medium,High School,Medium,Neutral,Single,Public,High,67
3103,91,26,65,0,2,2.2,8,8,8,6,19,5.5,Medium,Moderate,Yes,Medium,Male,Medium,Yes,No,Low,High School,High,Neutral,Single,Public,High,70
3104,82,16,99,3,3,2.12,7,7,7,6,21,5.3,High,Moderate,No,Medium,Male,Medium,Yes,No,Low,Postgraduate,High,Positive,Single,Public,Medium,70
3105,82,22,54,2,2,0.45999999999999996,5,6,6,6,20,4.6,Low,Moderate,No,Medium,Male,Medium,Yes,No,Medium,College,Medium,Neutral,Single,Public,Medium,66
3106,62,12,63,0,2,2.2800000000000002,6,7,7,6,23,5.7,High,Near,Yes,Low,Male,Medium,Yes,No,High,High School,High,Negative,Single,Private,Medium,61
3107,76,23,93,2,2,3.28,7,9,9,5,20,8.2,High,Near,Yes,Low,Male,Medium,Yes,No,Medium,College,Low,Negative,In Relationship,Public,Medium,68
3108,71,23,71,1,2,1.92,8,7,7,6,22,4.8,Medium,Near,Yes,Low,Female,Medium,Yes,No,Low,Postgraduate,Low,Neutral,Single,Public,Low,64
3109,100,9,79,1,2,0.36000000000000004,7,4,4,8,21,3.6,Low,Near,No,Low,Male,Medium,Yes,No,Medium,Postgraduate,Low,Positive,In Relationship,Public,Medium,66
3110,72,13,52,3,4,1.32,8,5,5,7,19,3.3,High,Near,Yes,High,Male,High,Yes,No,Medium,High School,Low,Positive,In Relationship,Private,High,65
3111,95,18,96,3,6,1.6,8,7,7,6,19,4,High,Near,No,Medium,Male,High,Yes,No,Medium,Postgraduate,Medium,Negative,Single,Public,Low,73
3112,87,18,57,3,4,0.37000000000000005,8,6,6,7,21,3.7,Low,Near,No,High,Male,High,No,No,Medium,High School,Low,Positive,Single,Public,High,66
3113,74,13,61,2,3,1.7600000000000002,7,5,5,7,23,4.4,High,Moderate,Yes,Low,Male,Medium,Yes,No,Medium,High School,High,Positive,In Relationship,Public,Medium,65
3114,82,22,58,0,4,0.68,7,8,8,5,22,6.8,High,Near,Yes,Medium,Male,High,Yes,No,Medium,College,Medium,Negative,In Relationship,Public,Medium,68
3115,94,22,75,0,3,2.08,7,7,7,6,21,5.2,Medium,Near,Yes,Low,Male,Medium,Yes,No,Low,High School,Medium,Neutral,In Relationship,Public,High,69
3116,95,19,91,1,4,0.45,6,6,6,6,20,4.5,High,Near,Yes,Medium,Male,High,Yes,No,High,College,Low,Neutral,In Relationship,Public,High,72
3117,66,15,63,3,3,0.29,9,4,4,8,22,2.9,Medium,Near,No,Medium,Male,Medium,Yes,No,Medium,High School,Medium,Neutral,In Relationship,Private,Medium,63
3118,74,26,57,0,1,1.7600000000000002,8,5,5,7,20,4.4,Medium,Near,No,Medium,Male,Low,Yes,No,Medium,High School,Low,Positive,In Relationship,Private,Medium,65
3119,73,30,70,0,4,0.43,9,4,4,8,20,4.3,Medium,Near,Yes,Medium,Male,High,Yes,No,Low,College,High,Negative,Single,Public,Medium,69
3120,62,17,99,2,3,1.8800000000000001,6,5,5,7,20,4.7,Low,Far,No,Medium,Female,Medium,Yes,No,Medium,High School,High,Negative,In Relationship,Private,Medium,62
3121,84,16,51,0,3,0.33,8,5,5,7,22,3.3,High,Near,Yes,Medium,Female,Medium,Yes,No,Low,Postgraduate,Medium,Negative,In Relationship,Public,Medium,66
3122,94,23,75,3,2,0.48,9,7,7,6,21,4.8,Low,Moderate,Yes,Low,Female,Medium,Yes,No,Medium,Postgraduate,Low,Neutral,In Relationship,Private,Medium,69
3123,75,18,83,2,4,2,9,8,8,6,21,5,Medium,Moderate,Yes,Low,Female,High,Yes,Yes,Medium,Postgraduate,High,Positive,In Relationship,Public,Medium,67
3124,90,19,90,0,2,2.16,5,7,7,6,20,5.4,High,Far,Yes,Low,Female,Medium,Yes,No,Low,College,Medium,Neutral,In Relationship,Public,Medium,94
3125,85,24,87,2,2,2.2399999999999998,7,7,7,6,20,5.6,Medium,Near,Yes,Medium,Female,Medium,Yes,No,High,High School,Medium,Neutral,Single,Private,Medium,71
3126,75,9,54,2,4,0.66,7,8,8,5,22,6.6,Medium,Near,No,Low,Female,High,Yes,No,Low,High School,Medium,Positive,In Relationship,Public,Medium,61
3127,66,28,73,2,2,0.43,9,4,4,8,21,4.3,Medium,Near,Yes,Low,Male,Medium,Yes,No,Medium,College,High,Positive,Single,Public,Medium,68
3128,88,20,54,0,4,2,4,7,7,6,19,5,Medium,Near,No,High,Male,High,Yes,No,Low,High School,Medium,Negative,Single,Public,Low,66
3129,94,18,81,0,5,0.43,5,4,4,8,24,4.3,High,Near,Yes,High,Female,High,Yes,No,Medium,High School,High,Negative,Single,Public,Low,71
3130,87,19,54,3,4,0.45999999999999996,9,7,7,6,21,4.6,Medium,Moderate,No,Low,Female,High,Yes,No,Low,High School,Low,Positive,In Relationship,Public,High,66
3131,61,20,52,2,2,0.5599999999999999,6,7,7,6,19,5.6,Medium,Near,No,Low,Male,Medium,Yes,No,Medium,Postgraduate,Low,Negative,In Relationship,Private,Low,60
3132,69,10,65,0,3,1.8,5,6,6,7,20,4.5,Medium,Near,Yes,Medium,Female,Medium,Yes,No,Low,High School,Medium,Positive,Single,Private,Medium,60
3133,63,29,97,3,3,0.34,9,4,4,8,21,3.4,Low,Near,Yes,Medium,Male,Medium,No,No,High,High School,Low,Negative,In Relationship,Public,High,66
3134,83,20,85,1,2,0.35000000000000003,5,3,3,8,19,3.5,Low,Far,Yes,High,Male,Medium,Yes,No,Medium,College,Medium,Neutral,Single,Public,High,67
3135,90,23,50,4,3,0.6000000000000001,9,8,8,5,22,6,Low,Moderate,No,Medium,Male,Medium,Yes,No,Low,High School,Low,Neutral,In Relationship,Private,Medium,67
3136,64,26,64,2,1,0.7200000000000001,5,8,8,5,19,7.2,Medium,Near,No,High,Male,Low,Yes,No,Medium,High School,Medium,Negative,In Relationship,Public,Medium,64
3137,94,14,51,0,3,1.32,5,4,4,8,19,3.3,Medium,Near,No,Medium,Male,Medium,Yes,No,Medium,College,Medium,Neutral,Single,Public,High,66
3138,82,23,65,1,3,0.7000000000000001,7,8,8,5,19,7,Low,Near,No,Medium,Female,Medium,Yes,No,High,High School,High,Negative,In Relationship,Public,High,68
3139,88,18,84,1,3,2.44,6,7,7,5,20,6.1,Low,Moderate,Yes,Medium,Female,Medium,Yes,No,Medium,Postgraduate,High,Positive,Single,Public,High,70
3140,99,25,88,3,4,0.48,7,5,5,7,20,4.8,Medium,Moderate,Yes,Low,Female,High,Yes,No,Medium,College,High,Positive,Single,Private,Medium,75
3141,63,7,90,0,2,0.22999999999999998,10,4,4,8,24,2.3,High,Moderate,Yes,Low,Male,Medium,Yes,Yes,Medium,High School,High,Positive,In Relationship,Private,Medium,86
3142,96,19,95,3,3,2.2800000000000002,7,7,7,6,20,5.7,Medium,Near,Yes,Medium,Female,Medium,Yes,No,High,College,Medium,Negative,Single,Private,High,73
3143,65,16,68,1,3,3,9,9,9,5,19,7.5,Low,Moderate,No,High,Male,Medium,Yes,No,Medium,High School,Medium,Neutral,In Relationship,Public,Medium,61
3144,76,23,93,0,6,0.43,7,4,4,8,24,4.3,High,Moderate,No,Medium,Male,High,Yes,No,Medium,High School,High,Negative,Single,Private,Medium,68
3145,94,23,86,1,0,0.75,8,8,8,5,21,7.5,High,Far,No,Low,Female,Low,Yes,No,Medium,College,Medium,Neutral,In Relationship,Public,High,70
3146,96,16,77,1,2,2.84,4,9,9,4,20,7.1,Medium,Near,Yes,High,Male,Medium,Yes,No,High,High School,Medium,Positive,Single,Public,High,71
3147,80,16,98,2,4,1.92,8,6,6,7,19,4.8,Medium,Near,Yes,Medium,Male,High,Yes,No,High,Postgraduate,High,Positive,Single,Private,High,71
3148,84,19,97,2,1,2.2800000000000002,8,7,7,6,19,5.7,Medium,Near,No,Medium,Male,Low,Yes,Yes,High,College,Medium,Neutral,Single,Public,Medium,68
3149,88,15,95,2,4,0.37000000000000005,6,5,5,7,21,3.7,High,Near,Yes,Low,Female,High,Yes,No,Medium,High School,High,Negative,Single,Public,Medium,70
3150,93,25,60,1,3,2.8000000000000003,10,8,8,5,19,7,Medium,Moderate,Yes,Medium,Male,Medium,Yes,No,Low,College,Medium,Positive,In Relationship,Public,Medium,70
3151,65,18,60,0,3,2.08,6,8,8,6,19,5.2,High,Moderate,Yes,Medium,Female,Medium,Yes,No,Low,High School,Medium,Neutral,In Relationship,Private,High,62
3152,92,3,95,3,1,0.52,5,6,6,7,22,5.2,Low,Near,Yes,Medium,Female,Low,Yes,No,High,Postgraduate,High,Neutral,In Relationship,Public,Medium,67
3153,79,18,70,3,3,2.52,8,8,8,5,21,6.3,Medium,Near,No,Medium,Female,Medium,Yes,No,High,College,Medium,Positive,Single,Public,Medium,68
3154,78,14,90,1,3,0.35000000000000003,5,5,5,7,21,3.5,High,Near,Yes,Medium,Female,Medium,Yes,No,Medium,Postgraduate,High,Neutral,Single,Public,Medium,68
3155,77,10,84,2,1,0.39,7,4,4,8,22,3.9,High,Far,No,Low,Male,Low,Yes,No,Low,High School,High,Neutral,In Relationship,Private,High,64
3156,80,13,88,1,3,0.58,9,7,7,6,22,5.8,High,Near,No,High,Male,Medium,Yes,No,Medium,Postgraduate,Medium,Positive,In Relationship,Public,High,68
3157,98,21,51,0,3,1.6800000000000002,8,7,7,6,22,4.2,High,Near,Yes,Medium,Male,Medium,Yes,No,Medium,High School,Low,Neutral,Single,Public,Medium,69
3158,82,28,71,1,3,0.26,7,4,4,8,23,2.6,High,Near,No,Medium,Male,Medium,Yes,No,Low,High School,Medium,Neutral,In Relationship,Public,High,70
3159,98,22,93,4,4,0.43,6,5,5,7,22,4.3,Medium,Near,Yes,Low,Female,High,Yes,No,Medium,High School,Medium,Neutral,In Relationship,Public,Medium,73
3160,67,16,74,1,3,1.08,9,4,4,8,19,2.7,Medium,Moderate,Yes,High,Male,Medium,Yes,No,Medium,Postgraduate,High,Positive,Single,Public,High,66
3161,89,23,85,0,3,0.41,5,4,4,8,22,4.1,Medium,Moderate,No,Low,Male,Medium,Yes,No,Low,Postgraduate,Low,Positive,In Relationship,Public,Medium,68
3162,92,17,88,1,3,2.7600000000000002,8,9,9,4,19,6.9,Medium,Near,Yes,High,Female,Medium,No,No,High,High School,Low,Neutral,Single,Public,Medium,68
3163,87,16,56,2,0,0.43,10,4,4,8,21,4.3,Medium,Moderate,Yes,Medium,Female,Low,Yes,No,Low,Postgraduate,Low,Neutral,Single,Private,High,65
3164,84,13,58,2,3,0.47000000000000003,8,7,7,6,20,4.7,Medium,Near,Yes,Low,Female,Medium,Yes,No,High,Postgraduate,Medium,Neutral,In Relationship,Public,Low,66
3165,83,9,86,0,1,2.2399999999999998,7,8,8,5,21,5.6,Low,Far,Yes,Low,Female,Low,Yes,No,Medium,College,High,Negative,In Relationship,Public,Medium,62
3166,94,18,53,3,2,1.4400000000000002,7,6,6,7,19,3.6,Low,Near,Yes,Medium,Female,Medium,Yes,No,Low,High School,Low,Neutral,Single,Private,High,67
3167,93,21,67,1,3,1.8800000000000001,6,6,6,7,22,4.7,High,Near,Yes,Medium,Female,Medium,Yes,No,High,Postgraduate,Medium,Positive,Single,Public,High,73
3168,65,19,96,2,2,0.43,6,8,8,5,22,4.3,Low,Near,Yes,Medium,Male,Medium,Yes,No,Medium,Postgraduate,Medium,Neutral,Single,Private,High,65
3169,94,18,79,2,4,0.51,7,6,6,7,21,5.1,Low,Near,No,High,Female,High,Yes,No,High,High School,High,Neutral,In Relationship,Private,Medium,70
3170,77,14,96,3,2,1.8800000000000001,8,6,6,7,20,4.7,Medium,Near,Yes,Medium,Male,Medium,Yes,No,Medium,Postgraduate,High,Neutral,Single,Public,Medium,68
3171,70,24,65,3,3,0.44000000000000006,9,4,4,8,22,4.4,Medium,Moderate,Yes,Medium,Male,Medium,Yes,No,Medium,High School,High,Positive,Single,Private,Low,67
3172,95,12,82,2,3,1.64,4,7,7,6,20,4.1,Medium,Moderate,Yes,Low,Male,Medium,Yes,No,High,High School,Low,Negative,Single,Public,Medium,66
3173,77,25,64,3,4,1.7600000000000002,4,5,5,7,20,4.4,Low,Near,No,Low,Female,High,Yes,Yes,Low,College,Medium,Neutral,In Relationship,Public,Medium,65
3174,92,14,56,1,4,0.42000000000000004,9,4,4,8,19,4.2,Low,Moderate,Yes,Medium,Female,High,Yes,No,Low,High School,High,Neutral,Single,Public,Medium,66
3175,71,15,100,2,4,2.32,7,7,7,6,22,5.8,High,Near,No,Low,Male,High,Yes,No,Low,High School,High,Neutral,Single,Public,Low,66
3176,60,11,59,2,1,0.58,7,8,8,5,22,5.8,High,Moderate,No,Low,Male,Low,Yes,No,High,College,Medium,Positive,In Relationship,Public,Medium,60
3177,80,17,59,0,4,2.5600000000000005,8,8,8,5,21,6.4,Low,Near,Yes,High,Female,High,Yes,No,Medium,College,High,Negative,Single,Public,High,66
3178,64,26,92,2,4,0.6400000000000001,7,8,8,5,23,6.4,Medium,Moderate,Yes,Low,Female,High,Yes,No,Low,College,High,Positive,Single,Private,High,68
3179,90,23,90,3,5,1.7600000000000002,10,7,7,6,22,4.4,Medium,Near,Yes,Low,Male,High,Yes,No,Low,High School,Medium,Positive,Single,Public,Medium,72
3180,71,26,99,1,3,2.2399999999999998,8,7,7,6,24,5.6,High,Near,No,Medium,Male,Medium,No,No,Medium,College,Low,Positive,In Relationship,Public,Medium,68
3181,78,23,54,0,3,0.9199999999999999,6,4,4,8,19,2.3,Medium,Near,Yes,Low,Female,Medium,Yes,No,High,Postgraduate,Medium,Neutral,Single,Public,Medium,67
3182,63,13,55,0,4,2.84,6,9,9,4,20,7.1,Medium,Near,No,Medium,Male,High,Yes,No,High,Postgraduate,High,Positive,Single,Public,Low,62
3183,71,18,72,0,5,0.31000000000000005,7,4,4,8,22,3.1,Medium,Moderate,No,High,Female,High,Yes,No,High,College,Medium,Positive,In Relationship,Public,High,66
3184,91,15,80,0,3,0.27,6,4,4,8,22,2.7,Medium,Near,No,Low,Male,Medium,Yes,No,Medium,Postgraduate,High,Positive,In Relationship,Private,Medium,69
3185,66,28,52,0,3,0.49000000000000005,10,5,5,7,19,4.9,Medium,Near,No,Low,Male,Medium,Yes,No,Low,High School,Medium,Positive,Single,Public,High,64
3186,86,13,58,0,3,0.39,7,4,4,8,22,3.9,Medium,Near,No,Medium,Male,Medium,No,No,Medium,High School,Low,Positive,In Relationship,Private,Medium,63
3187,97,25,85,2,2,0.61,5,7,7,6,21,6.1,High,Near,Yes,High,Male,Medium,Yes,No,Medium,High School,Low,Positive,Single,Public,Medium,74
3188,87,25,83,0,4,1.7600000000000002,8,5,5,7,21,4.4,Medium,Moderate,Yes,Medium,Male,High,Yes,No,Medium,College,High,Positive,In Relationship,Private,High,72
3189,92,31,54,1,3,0.22999999999999998,9,4,4,8,24,2.3,Medium,Near,Yes,Low,Male,Medium,No,No,Medium,College,Medium,Positive,In Relationship,Private,Medium,71
3190,64,18,97,2,3,0.29,9,5,5,7,22,2.9,High,Moderate,Yes,Medium,Female,Medium,Yes,No,Medium,High School,Low,Negative,Complicated,Public,Medium,64
3191,70,24,63,0,3,1.92,6,8,8,6,21,4.8,High,Near,No,Low,Male,Medium,No,No,Low,High School,High,Neutral,In Relationship,Public,Medium,65
3192,96,34,94,1,5,1.64,5,7,7,6,21,4.1,Medium,Moderate,Yes,Medium,Female,High,Yes,Yes,High,High School,Medium,Negative,Single,Public,High,75
3193,89,16,96,2,3,2.08,9,8,8,5,21,5.2,Medium,Far,No,Medium,Male,Medium,Yes,No,Medium,College,High,Positive,In Relationship,Public,Low,69
3194,86,11,75,1,4,0.45,5,6,6,7,21,4.5,Medium,Moderate,No,Medium,Female,High,Yes,No,Medium,Postgraduate,Medium,Neutral,In Relationship,Public,Low,65
3195,87,9,71,0,1,1.2800000000000002,8,4,4,8,20,3.2,Low,Moderate,No,Low,Male,Low,No,No,Low,College,Low,Neutral,Single,Public,High,60
3196,77,24,64,2,4,2.2800000000000002,6,7,7,6,20,5.7,Medium,Near,Yes,High,Male,High,Yes,No,Medium,High School,Medium,Positive,Single,Public,Medium,69
3197,62,9,90,4,4,2.92,9,9,9,5,19,7.3,High,Far,Yes,High,Male,High,Yes,No,High,College,High,Neutral,In Relationship,Public,Medium,65
3198,91,18,60,0,4,2.2800000000000002,5,7,7,6,20,5.7,Medium,Moderate,Yes,High,Male,High,Yes,No,Low,High School,Low,Positive,Single,Private,High,67
3199,87,23,81,5,2,1.8,6,6,6,7,22,4.5,Low,Far,No,Medium,Female,Medium,Yes,No,Low,High School,High,Neutral,Single,Private,High,70
3200,79,21,78,1,4,0.27,8,4,4,8,22,2.7,Low,Moderate,Yes,Low,Female,High,Yes,No,Low,College,Medium,Positive,In Relationship,Public,High,66
3201,96,23,62,0,4,0.71,8,8,8,5,21,7.1,Medium,Moderate,Yes,Low,Female,High,Yes,No,Medium,High School,Medium,Neutral,In Relationship,Public,High,69
3202,73,21,99,2,3,1.92,9,5,5,7,21,4.8,Medium,Near,Yes,Medium,Male,Medium,Yes,No,Medium,Postgraduate,Medium,Neutral,In Relationship,Public,High,69
3203,72,28,92,1,2,0.6400000000000001,8,8,8,5,22,6.4,Medium,Near,Yes,Medium,Female,Medium,Yes,No,Low,High School,High,Negative,Single,Public,Medium,68
3204,95,14,51,5,4,1.8399999999999999,8,6,6,7,21,4.6,Medium,Near,Yes,Medium,Female,High,Yes,No,Medium,College,Medium,Positive,In Relationship,Private,Medium,70
3205,92,16,71,2,2,2.52,9,8,8,5,22,6.3,Low,Moderate,No,Low,Female,Medium,Yes,No,High,High School,Medium,Neutral,Single,Private,Medium,66
3206,81,15,68,0,3,2.72,5,8,8,5,23,6.8,Medium,Near,No,Medium,Female,Medium,No,No,Low,High School,High,Positive,Single,Public,High,65
3207,65,25,94,1,4,2.9600000000000004,6,9,9,5,20,7.4,Medium,Near,No,Low,Male,High,Yes,No,Medium,College,Low,Negative,In Relationship,Public,High,65
3208,69,25,63,1,2,2.04,5,7,7,6,21,5.1,Medium,Near,Yes,High,Male,Medium,Yes,No,Medium,High School,Low,Neutral,Single,Private,Medium,65
3209,86,23,100,0,3,1.36,4,4,4,8,22,3.4,Medium,Near,Yes,Low,Male,Medium,Yes,No,Medium,Postgraduate,Low,Negative,Single,Public,High,69
3210,75,27,60,4,2,2.12,8,7,7,5,21,5.3,Medium,Moderate,No,Medium,Female,Medium,Yes,No,Medium,Postgraduate,Medium,Positive,Single,Public,Medium,69
3211,93,13,62,0,3,0.30000000000000004,9,4,4,8,21,3,High,Moderate,No,Low,Male,Medium,Yes,No,Low,High School,Medium,Neutral,In Relationship,Private,Medium,65
3212,98,30,83,1,3,0.43,8,5,5,7,22,4.3,High,Near,Yes,Low,Female,Medium,No,No,High,High School,High,Neutral,In Relationship,Public,High,76
3213,92,29,58,2,3,1.4400000000000002,8,5,5,7,20,3.6,High,Near,No,Medium,Male,Medium,Yes,No,Low,College,Medium,Neutral,In Relationship,Private,Low,72
3214,75,24,94,2,4,0.5,7,6,6,6,20,5,Low,Near,No,Medium,Male,High,Yes,No,Medium,High School,Medium,Negative,Single,Public,High,67
3215,92,31,55,3,3,0.4,7,5,5,7,20,4,Medium,Near,Yes,Low,Male,Medium,Yes,No,Medium,High School,High,Positive,In Relationship,Public,High,74
3216,74,10,99,2,3,2.84,10,9,9,5,19,7.1,Medium,Near,Yes,Medium,Male,Medium,Yes,No,High,College,Medium,Neutral,In Relationship,Public,High,66
3217,67,17,94,2,3,0.43,9,5,5,7,19,4.3,High,Near,Yes,Low,Female,Medium,Yes,No,Medium,High School,High,Positive,Single,Private,Low,66
3218,61,16,92,4,3,0.7200000000000001,6,9,9,4,22,7.2,High,Near,No,High,Male,Medium,Yes,No,High,High School,Medium,Neutral,Single,Public,High,66
3219,75,24,70,5,5,0.33,9,5,5,7,22,3.3,High,Near,Yes,High,Female,High,Yes,No,High,College,Low,Negative,In Relationship,Public,High,71
3220,96,14,76,0,3,2.2800000000000002,9,7,7,6,19,5.7,Low,Moderate,No,Low,Male,Medium,Yes,No,Medium,High School,Medium,Neutral,Single,Public,High,66
3221,70,25,73,1,2,1.8,8,5,5,8,20,4.5,High,Near,No,Low,Male,Medium,Yes,No,High,Postgraduate,Low,Negative,Single,Public,Low,65
3222,68,28,99,1,3,0.44000000000000006,8,5,5,7,20,4.4,High,Near,Yes,High,Female,Medium,Yes,No,Medium,High School,Low,Neutral,In Relationship,Public,Medium,69
3223,99,24,52,1,2,0.6400000000000001,8,7,7,6,22,6.4,Low,Near,Yes,Low,Male,Medium,Yes,No,Low,High School,Medium,Negative,Single,Public,High,69
3224,61,22,69,2,2,2.04,5,7,7,6,19,5.1,Medium,Far,Yes,Low,Female,Medium,Yes,No,Low,High School,Medium,Neutral,Single,Public,High,63
3225,91,14,98,0,3,1.9600000000000002,5,7,7,6,21,4.9,Medium,Near,No,High,Female,Medium,Yes,No,High,High School,Low,Neutral,Single,Public,High,68
3226,73,15,68,1,3,2.64,8,9,9,4,19,6.6,Medium,Near,No,High,Female,Medium,Yes,No,Medium,High School,Medium,Neutral,In Relationship,Public,Medium,64
3227,61,27,70,2,2,0.67,5,7,7,6,21,6.7,Medium,Near,No,Low,Male,Medium,Yes,No,Medium,College,Medium,Neutral,Single,Public,Low,64
3228,97,25,82,1,5,1.52,5,6,6,7,21,3.8,High,Moderate,Yes,Low,Male,High,Yes,No,High,College,Medium,Negative,Single,Public,High,73
3229,66,20,95,2,2,2.32,4,7,7,6,22,5.8,High,Moderate,Yes,High,Female,Medium,Yes,No,High,High School,Low,Neutral,Single,Public,Medium,66
3230,82,17,65,4,3,1.7600000000000002,6,7,7,6,22,4.4,High,Moderate,No,Low,Female,Medium,Yes,No,Low,High School,Medium,Positive,Single,Private,Medium,67
3231,71,8,97,3,1,2.16,8,7,7,6,22,5.4,Medium,Near,Yes,Medium,Female,Low,Yes,Yes,Medium,High School,High,Neutral,In Relationship,Private,Medium,63
3232,63,14,64,1,3,1.4000000000000001,8,5,5,7,19,3.5,Medium,Moderate,Yes,Low,Male,Medium,Yes,No,High,High School,Medium,Neutral,In Relationship,Public,Medium,61
3233,62,31,91,4,4,1.36,8,4,4,8,20,3.4,Medium,Moderate,Yes,High,Male,High,Yes,No,High,High School,Medium,Positive,Single,Public,High,71
3234,65,12,64,1,3,1.9600000000000002,6,7,7,6,19,4.9,Medium,Near,Yes,Medium,Female,Medium,Yes,No,Medium,College,Low,Positive,Complicated,Public,Medium,61
3235,63,21,54,1,3,2.7600000000000002,7,9,9,4,20,6.9,Low,Moderate,Yes,Medium,Female,Medium,Yes,No,Low,College,Medium,Positive,Single,Private,Medium,62
3236,90,26,91,1,4,2.3600000000000003,8,8,8,5,19,5.9,High,Near,Yes,High,Male,High,Yes,Yes,Medium,High School,High,Neutral,Complicated,Private,High,74
3237,79,12,73,2,4,1.72,8,7,7,5,22,4.3,Medium,Near,No,Medium,Male,High,Yes,No,Medium,High School,Medium,Neutral,In Relationship,Private,Medium,65
3238,74,21,70,2,3,0.6200000000000001,6,8,8,5,22,6.2,Low,Moderate,Yes,Low,Female,Medium,Yes,No,Low,High School,Low,Positive,In Relationship,Public,High,64
3239,77,26,71,1,4,1.56,7,7,7,6,20,3.9,Low,Moderate,No,Medium,Male,High,Yes,No,Medium,Postgraduate,Low,Neutral,Single,Public,High,66
3240,97,20,81,1,2,0.45999999999999996,4,5,5,7,20,4.6,High,Near,Yes,Medium,Male,Medium,Yes,Yes,Medium,High School,High,Positive,Single,Public,Medium,72
3241,96,37,63,0,4,1.6800000000000002,7,8,8,5,20,4.2,Medium,Near,Yes,Medium,Male,High,Yes,No,Medium,High School,High,Positive,In Relationship,Private,High,76
3242,89,10,62,4,3,2.12,6,8,8,6,22,5.3,Medium,Moderate,Yes,Low,Male,Medium,Yes,No,Medium,Postgraduate,Medium,Positive,In Relationship,Public,Medium,67
3243,95,26,74,3,3,0.22999999999999998,9,4,4,8,24,2.3,High,Near,No,Low,Female,Medium,Yes,Yes,Low,High School,Medium,Neutral,In Relationship,Private,Medium,71
3244,73,19,52,1,3,1.6800000000000002,6,7,7,6,20,4.2,Medium,Near,No,Medium,Male,Medium,Yes,No,Medium,High School,High,Positive,Complicated,Public,Medium,65
3245,75,25,82,3,4,1.9600000000000002,7,7,7,6,19,4.9,Low,Near,Yes,Medium,Male,High,Yes,No,Medium,Postgraduate,Low,Negative,Complicated,Private,High,68
3246,85,23,91,1,3,2,6,7,7,6,22,5,Medium,Far,Yes,Low,Male,Medium,Yes,No,Low,High School,Medium,Neutral,Single,Public,High,68
3247,85,16,86,3,2,0.25,6,4,4,8,23,2.5,Low,Far,Yes,High,Male,Medium,Yes,No,Low,High School,High,Neutral,In Relationship,Private,High,67
3248,79,21,73,1,2,1.72,8,6,6,7,22,4.3,Low,Near,No,Low,Female,Medium,Yes,No,Medium,High School,Medium,Neutral,Single,Public,Low,64
3249,76,9,78,0,4,1.72,6,5,5,7,23,4.3,High,Near,No,Medium,Male,High,No,Yes,Low,Postgraduate,Low,Negative,In Relationship,Public,Medium,60
3250,99,24,51,1,3,2.2800000000000002,10,7,7,6,20,5.7,Medium,Near,No,Low,Male,Medium,Yes,No,Low,High School,Medium,Neutral,Single,Public,Medium,70
3251,93,22,96,1,2,0.65,4,8,8,5,19,6.5,Medium,Near,Yes,High,Male,Medium,Yes,No,High,College,High,Positive,Single,Private,Low,73
3252,77,24,78,2,3,1.92,8,7,7,6,22,4.8,Medium,Moderate,Yes,High,Male,Medium,Yes,No,Low,High School,Medium,Positive,Single,Private,High,69
3253,89,26,66,0,5,0.53,7,7,7,6,21,5.3,Medium,Near,No,Low,Male,High,Yes,Yes,Medium,College,High,Neutral,In Relationship,Public,Medium,70
3254,71,22,65,1,3,2.08,7,7,7,5,21,5.2,Medium,Near,No,Low,Male,Medium,Yes,No,Low,College,Medium,Neutral,Single,Public,Medium,64
3255,64,21,83,2,3,1.6800000000000002,7,7,7,6,22,4.2,Low,Moderate,Yes,Low,Female,Medium,Yes,No,High,High School,High,Neutral,Single,Public,Low,64
3256,74,15,79,0,3,2.7600000000000002,8,9,9,4,24,6.9,Medium,Near,Yes,High,Male,Medium,Yes,No,Medium,College,High,Negative,Single,Public,Medium,65
3257,76,16,59,0,2,0.15000000000000002,7,2,2,9,23,1.5,Medium,Near,No,Low,Female,Medium,Yes,No,Low,College,Medium,Neutral,Single,Public,Medium,62
3258,61,27,70,0,2,1.9600000000000002,9,8,8,6,22,4.9,Medium,Near,Yes,Medium,Male,Medium,Yes,No,Medium,High School,Medium,Neutral,In Relationship,Public,Medium,64
3259,93,29,84,0,3,1.6800000000000002,7,7,7,6,19,4.2,Medium,Moderate,Yes,High,Male,Medium,Yes,No,Medium,College,Medium,Neutral,Single,Public,Medium,72
3260,74,19,65,1,3,0.36000000000000004,5,5,5,7,22,3.6,Low,Near,Yes,Low,Male,Medium,No,No,High,High School,Medium,Positive,Single,Public,High,64
3261,83,20,75,0,4,2.4000000000000004,7,8,8,6,19,6,Medium,Near,Yes,Medium,Female,High,Yes,No,Medium,High School,Medium,Neutral,Single,Public,Medium,67
3262,63,15,63,4,3,0.73,9,8,8,5,20,7.3,High,Near,Yes,High,Male,Medium,No,No,Low,College,High,Negative,In Relationship,Private,High,64
3263,67,27,54,0,2,2,6,7,7,6,20,5,Medium,Far,No,Medium,Male,Medium,Yes,No,Medium,High School,Low,Negative,In Relationship,Private,Low,61
3264,96,24,69,1,4,0.5700000000000001,5,7,7,6,19,5.7,High,Near,Yes,Low,Male,High,Yes,No,Medium,High School,Medium,Positive,In Relationship,Public,Medium,72
3265,84,32,87,2,1,1.92,8,8,8,6,21,4.8,Medium,Far,Yes,Medium,Male,Low,No,No,Medium,High School,Medium,Positive,In Relationship,Public,Medium,70
3266,98,15,61,4,2,0.7000000000000001,8,8,8,5,22,7,High,Moderate,No,Low,Female,Medium,Yes,No,Medium,High School,Medium,Positive,In Relationship,Public,Medium,70
3267,100,18,88,2,2,1.4400000000000002,6,5,5,7,20,3.6,Medium,Moderate,No,Medium,Male,Medium,Yes,No,Medium,College,Medium,Neutral,In Relationship,Public,Medium,71
3268,75,21,83,1,2,3.12,7,9,9,5,20,7.8,High,Near,No,Medium,Female,Medium,Yes,No,Low,College,High,Positive,In Relationship,Public,Medium,68
3269,72,24,75,3,2,1.2000000000000002,7,5,5,7,20,3,Medium,Near,No,High,Female,Medium,Yes,No,Medium,College,Medium,Neutral,In Relationship,Private,Medium,68
3270,94,19,99,0,1,0.96,7,4,4,8,20,2.4,High,Near,No,Low,Male,Low,Yes,Yes,Medium,High School,High,Neutral,Single,Public,Medium,70
3271,100,15,94,2,3,2.08,8,8,8,5,21,5.2,High,Near,No,Medium,Male,Medium,Yes,No,High,College,High,Negative,In Relationship,Public,High,73
3272,85,25,78,2,1,1.2800000000000002,6,4,4,8,20,3.2,Medium,Far,No,Medium,Female,Low,Yes,No,Low,High School,High,Neutral,Single,Public,High,69
3273,92,24,78,0,3,2.72,8,8,8,5,24,6.8,High,Near,No,Medium,Male,Medium,Yes,No,High,High School,Medium,Neutral,Single,Public,Medium,71
3274,91,15,64,1,3,1.6,6,4,4,8,19,4,Medium,Near,No,Low,Male,Medium,Yes,Yes,Low,High School,Low,Positive,Single,Public,High,64
3275,74,28,96,0,3,0.33,9,4,4,8,22,3.3,Medium,Near,No,Medium,Female,Medium,Yes,No,Low,High School,Medium,Neutral,In Relationship,Private,Medium,68
3276,83,27,95,0,4,2.52,10,8,8,5,22,6.3,Medium,Moderate,No,High,Female,High,Yes,No,Medium,High School,Medium,Neutral,Single,Private,Low,69
3277,93,21,87,1,2,0.55,6,7,7,6,20,5.5,Low,Near,No,Low,Female,Medium,Yes,No,Medium,High School,High,Positive,In Relationship,Public,High,70
3278,88,20,56,1,4,1.6800000000000002,5,7,7,6,22,4.2,Medium,Near,No,Low,Female,High,Yes,No,Medium,High School,Medium,Neutral,Single,Public,Medium,67
3279,61,23,85,1,0,0.45999999999999996,8,6,6,7,22,4.6,High,Near,Yes,Medium,Male,Low,Yes,No,Medium,High School,Medium,Positive,In Relationship,Private,High,66
3280,73,15,63,2,5,1.56,7,7,7,6,21,3.9,High,Moderate,No,Medium,Male,High,Yes,No,Medium,Postgraduate,Medium,Neutral,Single,Public,Medium,65
3281,66,20,59,4,3,0.36000000000000004,8,5,5,7,21,3.6,High,Near,Yes,Medium,Male,Medium,Yes,No,Low,College,Medium,Positive,Single,Public,Medium,66
3282,69,7,88,0,4,0.6200000000000001,6,7,7,6,22,6.2,Medium,Near,Yes,Low,Female,High,Yes,No,Medium,Postgraduate,Low,Negative,Single,Private,High,61
3283,96,25,98,0,2,2.8000000000000003,7,9,9,4,24,7,Medium,Near,No,Low,Female,Medium,Yes,No,Medium,High School,Low,Positive,Single,Public,Medium,71
3284,61,11,55,5,3,0.6900000000000001,6,8,8,5,21,6.9,Low,Far,Yes,High,Male,Medium,Yes,No,Medium,High School,High,Neutral,In Relationship,Public,Low,60
3285,69,29,58,1,2,2,7,7,7,6,22,5,Medium,Near,Yes,Low,Male,Medium,Yes,No,Medium,College,Medium,Positive,Single,Public,Low,66
3286,72,18,61,1,4,0.6000000000000001,5,8,8,5,22,6,Low,Moderate,Yes,Medium,Male,High,Yes,No,Low,College,Low,Negative,In Relationship,Private,Medium,61
3287,85,19,98,2,3,1.4800000000000002,7,6,6,7,20,3.7,Medium,Moderate,Yes,Medium,Female,Medium,Yes,Yes,High,High School,Medium,Negative,Single,Public,Medium,68
3288,81,16,85,2,3,0.47000000000000003,5,5,5,7,19,4.7,High,Near,Yes,Low,Male,Medium,No,No,High,College,Medium,Positive,Single,Public,Medium,68
3289,69,18,84,2,4,0.25,6,4,4,8,23,2.5,Medium,Near,Yes,Low,Male,High,Yes,No,Medium,High School,Medium,Positive,In Relationship,Public,Medium,65
3290,67,29,75,3,1,2.8000000000000003,7,8,8,5,19,7,Low,Near,No,Low,Female,Low,No,No,Medium,High School,High,Neutral,In Relationship,Public,Medium,65
3291,69,5,77,2,2,0.63,8,8,8,5,23,6.3,Medium,Near,Yes,Low,Female,Medium,No,No,Medium,College,Medium,Negative,Single,Public,High,60
3292,80,28,65,2,2,1.4000000000000001,8,5,5,7,19,3.5,Medium,Near,No,Low,Male,Medium,Yes,No,Low,College,Low,Neutral,Single,Private,Medium,67
3293,71,22,58,2,4,1.72,8,7,7,6,21,4.3,Medium,Near,No,Low,Female,High,No,No,Medium,College,High,Negative,Single,Public,Medium,65
3294,98,13,89,1,3,1.8,5,6,6,7,20,4.5,Medium,Near,Yes,High,Male,Medium,Yes,No,High,High School,High,Negative,Single,Public,Medium,70
3295,79,14,74,1,4,0.68,9,7,7,6,22,6.8,Medium,Near,No,Medium,Male,High,Yes,No,Medium,High School,Medium,Neutral,Single,Public,Medium,64
3296,62,30,63,2,4,2.2800000000000002,6,8,8,5,21,5.7,High,Moderate,Yes,Low,Male,High,Yes,No,Medium,High School,Medium,Positive,In Relationship,Public,High,68
3297,89,14,82,2,4,1.2800000000000002,6,4,4,8,20,3.2,Medium,Moderate,No,Medium,Female,High,Yes,No,High,College,High,Negative,Single,Public,Medium,69
3298,73,13,60,0,3,2.12,7,7,7,6,21,5.3,High,Near,Yes,High,Female,Medium,Yes,No,High,College,Medium,Neutral,Single,Public,High,65
3299,86,27,74,2,3,0.45,6,5,5,7,20,4.5,Medium,Near,No,High,Male,Medium,Yes,No,Medium,High School,Medium,Neutral,Single,Private,High,71
3300,71,22,60,1,4,2.7600000000000002,8,9,9,4,19,6.9,Medium,Moderate,Yes,Medium,Female,High,Yes,No,Low,High School,Medium,Neutral,In Relationship,Public,High,65
3301,83,14,88,0,2,0.41,8,5,5,7,21,4.1,High,Moderate,Yes,High,Male,Medium,Yes,Yes,Low,High School,Medium,Negative,In Relationship,Public,Medium,65
3302,91,21,66,0,2,0.9199999999999999,6,4,4,8,19,2.3,Medium,Far,Yes,Medium,Female,Medium,Yes,Yes,High,College,Medium,Positive,Single,Public,Medium,68
3303,97,14,72,1,3,1.8399999999999999,7,5,5,8,21,4.6,Low,Near,No,Low,Female,Medium,Yes,No,High,High School,Medium,Neutral,In Relationship,Public,Low,66
3304,70,27,88,1,3,0.45,7,5,5,7,20,4.5,Low,Near,Yes,High,Male,Medium,No,No,Medium,High School,Low,Neutral,Single,Public,Medium,65
3305,73,26,83,2,4,0.7200000000000001,8,8,8,5,19,7.2,High,Near,Yes,Medium,Male,High,Yes,No,Low,College,High,Positive,In Relationship,Public,Medium,71
3306,79,23,70,3,4,1.8399999999999999,6,7,7,5,21,4.6,Medium,Moderate,Yes,Medium,Female,High,Yes,No,Medium,Postgraduate,Low,Negative,In Relationship,Public,High,68
3307,97,22,54,2,2,2.32,6,7,7,6,22,5.8,Medium,Near,Yes,High,Male,Medium,No,No,Medium,College,Medium,Neutral,In Relationship,Public,Medium,70
3308,96,31,96,3,2,1.8800000000000001,5,7,7,6,19,4.7,Low,Near,No,Low,Female,Medium,Yes,No,Low,College,Medium,Neutral,In Relationship,Private,High,74
3309,64,20,50,0,2,2.12,6,8,8,5,19,5.3,Low,Near,Yes,Low,Male,Medium,Yes,No,High,High School,High,Neutral,In Relationship,Private,Medium,62
3310,65,13,87,1,2,0.63,5,8,8,5,22,6.3,High,Moderate,No,Medium,Female,Medium,Yes,Yes,Low,High School,Medium,Positive,Single,Public,Medium,61
3311,80,23,97,0,3,0.45,6,5,5,7,19,4.5,High,Near,Yes,Medium,Male,Medium,Yes,No,Medium,High School,High,Neutral,Single,Private,Medium,70
3312,64,33,65,0,2,1.64,9,5,5,7,19,4.1,Medium,Moderate,Yes,Medium,Male,Medium,Yes,No,Medium,College,Low,Negative,In Relationship,Public,Medium,65
3313,74,14,54,2,2,2.2,8,8,8,5,19,5.5,Medium,Moderate,Yes,Low,Male,Medium,Yes,No,High,High School,Medium,Neutral,Complicated,Public,Low,62
3314,66,18,62,2,4,1.8399999999999999,9,7,7,6,19,4.6,High,Moderate,No,High,Female,High,Yes,No,Medium,High School,High,Neutral,Complicated,Public,Medium,65
3315,85,22,66,0,4,1.64,6,7,7,6,20,4.1,Medium,Near,No,Low,Male,High,Yes,No,Low,College,High,Positive,Single,Private,Medium,68
3316,98,20,73,2,1,1.72,4,5,5,7,21,4.3,High,Far,Yes,Medium,Male,Low,Yes,No,Medium,High School,Medium,Positive,In Relationship,Private,Low,70
3317,100,14,76,1,3,1.4400000000000002,7,7,7,6,22,3.6,Low,Near,No,Medium,Female,Medium,Yes,No,Low,Postgraduate,Medium,Neutral,Single,Private,Medium,68
3318,75,27,86,3,6,0.26,10,4,4,8,23,2.6,Medium,Near,No,Medium,Female,High,No,No,Medium,Postgraduate,Low,Positive,In Relationship,Private,Medium,69
3319,84,34,95,1,3,2.04,6,7,7,6,21,5.1,High,Far,Yes,Low,Male,Medium,Yes,No,Medium,Postgraduate,Medium,Neutral,Single,Private,Medium,73
3320,94,21,73,1,5,2.2800000000000002,7,8,8,5,19,5.7,Medium,Near,Yes,Medium,Female,High,Yes,No,Medium,College,Medium,Positive,In Relationship,Private,Medium,71
3321,65,15,87,0,4,0.27999999999999997,5,4,4,8,22,2.8,High,Near,Yes,Low,Female,High,Yes,No,Medium,High School,Low,Neutral,Single,Private,High,63
3322,88,11,56,2,2,0.51,7,5,5,7,19,5.1,Medium,Near,Yes,Medium,Male,Medium,Yes,No,Low,College,High,Neutral,Single,Public,Medium,66
3323,76,22,66,1,4,1.16,7,5,5,7,19,2.9,Low,Near,Yes,Low,Male,High,Yes,No,Low,Postgraduate,High,Positive,In Relationship,Private,High,67
3324,68,27,56,0,1,0.27999999999999997,4,3,3,8,19,2.8,High,Near,No,Low,Female,Low,Yes,No,Medium,High School,Low,Neutral,Single,Public,High,64
3325,76,23,85,1,3,0.45,5,5,5,7,24,4.5,Low,Near,Yes,Medium,Female,Medium,Yes,No,Medium,High School,Medium,Neutral,In Relationship,Public,Low,66
3326,63,20,95,2,3,1.4000000000000001,5,4,4,8,19,3.5,High,Near,Yes,High,Male,Medium,Yes,No,Medium,College,High,Positive,Single,Public,High,69
3327,88,16,94,4,6,1.6,5,5,5,7,20,4,High,Moderate,Yes,Medium,Male,High,Yes,No,High,College,Medium,Positive,In Relationship,Private,Medium,72
3328,70,13,66,1,4,1.8800000000000001,6,6,6,7,20,4.7,High,Near,Yes,Medium,Male,High,Yes,No,Medium,High School,Medium,Negative,Single,Public,Medium,63
3329,72,25,62,2,2,0.42000000000000004,8,6,6,7,21,4.2,High,Near,Yes,Low,Female,Medium,Yes,No,Medium,High School,Medium,Positive,In Relationship,Public,Medium,67
3330,65,25,64,1,4,0.61,6,8,8,5,21,6.1,Medium,Near,No,Medium,Male,High,Yes,No,Medium,College,Low,Negative,In Relationship,Private,Medium,64
3331,95,11,64,4,4,1.8399999999999999,9,7,7,6,22,4.6,Medium,Moderate,Yes,Low,Male,High,Yes,No,High,High School,Medium,Positive,Single,Public,Medium,68
3332,80,30,54,1,3,0.26,6,4,4,8,23,2.6,High,Moderate,No,High,Female,Medium,Yes,No,High,High School,High,Positive,In Relationship,Public,Medium,71
3333,83,23,57,2,4,1.2800000000000002,7,4,4,8,20,3.2,Low,Moderate,Yes,Medium,Female,High,No,No,Medium,High School,Medium,Positive,Single,Public,High,67
3334,83,28,61,1,5,3.4000000000000004,8,9,9,5,19,8.5,Low,Near,No,Low,Male,High,Yes,Yes,Medium,Postgraduate,Medium,Negative,In Relationship,Private,Medium,67
3335,76,12,50,2,3,2,9,7,7,6,19,5,Medium,Near,Yes,Medium,Male,Medium,Yes,No,Medium,College,Medium,Negative,Single,Public,High,64
3336,68,12,52,5,3,1.72,6,6,6,7,20,4.3,Low,Near,No,High,Male,Medium,Yes,No,Low,College,High,Neutral,Single,Public,High,63
3337,90,19,85,2,4,1.4000000000000001,8,4,4,8,19,3.5,High,Near,No,Medium,Male,High,Yes,No,Medium,College,High,Neutral,Single,Public,Medium,72
3338,65,23,81,2,2,0.39,6,5,5,7,22,3.9,Medium,Near,Yes,Low,Female,Medium,Yes,No,Low,High School,Low,Neutral,In Relationship,Public,Medium,63
3339,64,31,97,2,4,2.12,10,7,7,6,19,5.3,Medium,Far,No,Medium,Female,High,Yes,No,Low,High School,High,Negative,Single,Private,Medium,67
3340,88,24,70,1,2,1.6800000000000002,5,5,5,7,20,4.2,Medium,Near,Yes,Low,Male,Medium,No,No,Medium,Postgraduate,Low,Positive,In Relationship,Private,Medium,68
3341,68,19,72,2,3,1.1199999999999999,8,5,5,7,20,2.8,High,Far,Yes,Low,Male,Medium,Yes,No,High,College,Low,Neutral,In Relationship,Private,High,64
3342,72,14,53,4,3,1.32,9,4,4,8,19,3.3,High,Near,No,Medium,Male,Medium,Yes,No,Medium,Postgraduate,Medium,Negative,Single,Public,Medium,65
3343,79,27,58,2,1,0.45,5,5,5,7,20,4.5,Low,Far,Yes,Medium,Female,Low,Yes,No,High,Postgraduate,Medium,Neutral,In Relationship,Private,Medium,68
3344,78,14,85,2,4,1.4400000000000002,8,4,4,8,22,3.6,High,Near,Yes,Low,Male,High,Yes,No,Medium,High School,Medium,Negative,Single,Private,Medium,66
3345,88,30,62,4,5,2.44,6,8,8,5,24,6.1,Medium,Far,Yes,Low,Female,High,Yes,No,High,College,Medium,Positive,Single,Private,Medium,73
3346,85,18,89,1,3,1.32,10,6,6,7,20,3.3,Medium,Near,Yes,High,Female,Medium,Yes,No,Medium,High School,Low,Positive,Single,Private,Medium,68
3347,86,30,85,2,5,2.44,4,8,8,5,20,6.1,High,Far,No,Medium,Male,High,Yes,Yes,High,Postgraduate,Medium,Neutral,Single,Private,Medium,72
3348,89,24,87,3,0,2.12,5,7,7,6,19,5.3,Medium,Near,Yes,High,Female,Low,No,No,Medium,High School,Medium,Neutral,Single,Public,Medium,70
3349,72,19,85,1,4,1.1199999999999999,5,4,4,8,20,2.8,Medium,Near,Yes,Low,Female,High,Yes,No,High,College,Medium,Neutral,Single,Private,Medium,66
3350,73,17,85,3,1,0.68,5,8,8,5,19,6.8,Medium,Near,Yes,Medium,Female,Low,Yes,No,High,College,Low,Positive,In Relationship,Public,Medium,66
3351,78,18,77,2,4,0.32000000000000006,8,3,3,8,19,3.2,Low,Near,Yes,Medium,Female,High,Yes,No,Medium,College,Low,Neutral,Single,Private,High,66
3352,72,23,84,2,2,1.8399999999999999,10,7,7,6,20,4.6,Low,Moderate,Yes,Low,Male,Medium,Yes,No,Low,High School,High,Negative,Single,Public,Medium,65
3353,99,20,76,2,5,2.2399999999999998,9,8,8,5,18,5.6,Low,Far,Yes,Low,Male,High,Yes,No,High,College,High,Neutral,Single,Public,Medium,71
3354,93,16,60,1,1,1.8399999999999999,7,8,8,6,21,4.6,Medium,Moderate,Yes,Medium,Female,Low,Yes,No,Medium,High School,Low,Positive,In Relationship,Public,Medium,66
3355,67,19,61,1,4,0.47000000000000003,7,5,5,7,22,4.7,Low,Moderate,No,Medium,Female,High,Yes,No,High,College,Medium,Neutral,In Relationship,Private,Medium,63
3356,60,20,70,2,3,0.51,6,5,5,7,19,5.1,Medium,Near,Yes,Low,Female,Medium,Yes,Yes,Medium,Postgraduate,Medium,Neutral,Single,Public,Medium,63
3357,62,7,51,0,3,1.8800000000000001,8,6,6,7,22,4.7,Medium,Moderate,Yes,Medium,Male,Medium,Yes,No,Low,College,High,Positive,Single,Public,Low,58
3358,70,23,94,3,3,0.41,7,5,5,7,22,4.1,High,Near,No,Medium,Female,Medium,Yes,No,Low,High School,Medium,Neutral,In Relationship,Public,High,68
3359,65,14,63,2,3,2.64,7,8,8,5,19,6.6,Medium,Moderate,No,Low,Male,Medium,Yes,No,Medium,High School,High,Neutral,In Relationship,Public,Medium,61
3360,81,13,53,2,4,0.45999999999999996,6,5,5,7,19,4.6,High,Near,No,Low,Male,High,Yes,No,Low,High School,Medium,Positive,In Relationship,Public,Medium,65
3361,94,10,71,1,3,0.48,5,5,5,7,24,4.8,Low,Moderate,No,High,Male,Medium,Yes,No,Medium,High School,High,Positive,In Relationship,Public,Medium,67
3362,89,9,91,1,3,1.8800000000000001,7,7,7,5,22,4.7,High,Near,Yes,High,Male,Medium,Yes,No,Medium,Postgraduate,Low,Neutral,In Relationship,Public,Low,67
3363,69,12,70,1,4,2.84,7,9,9,4,20,7.1,Low,Near,No,Medium,Male,High,Yes,No,Medium,High School,High,Positive,Single,Private,Medium,62
3364,76,16,63,0,1,0.61,6,9,9,4,18,6.1,High,Near,Yes,Low,Female,Low,Yes,No,High,High School,Medium,Positive,Single,Public,Medium,86
3365,80,32,77,0,5,0.29,6,5,5,7,22,2.9,Medium,Near,No,Medium,Male,High,Yes,No,Low,College,High,Neutral,In Relationship,Public,Medium,71
3366,92,17,79,1,3,0.6000000000000001,8,8,8,5,21,6,Medium,Near,Yes,Low,Male,Medium,Yes,No,Medium,Postgraduate,Medium,Positive,In Relationship,Public,Medium,70
3367,94,21,88,1,3,0.48,8,6,6,6,20,4.8,Medium,Near,No,Medium,Male,Medium,Yes,No,Medium,College,Medium,Positive,Single,Public,Medium,71
3368,96,22,90,2,3,2.68,10,9,9,4,21,6.7,Low,Moderate,No,Low,Male,Medium,Yes,Yes,High,College,High,Neutral,Single,Public,Medium,71
3369,80,21,85,1,3,0.73,9,8,8,5,20,7.3,High,Near,Yes,High,Female,Medium,Yes,No,Low,College,High,Negative,In Relationship,Public,Medium,70
3370,88,20,50,2,5,1.6,5,5,5,8,20,4,High,Moderate,Yes,Low,Male,High,No,No,Medium,High School,Medium,Neutral,In Relationship,Public,Medium,67
3371,64,13,50,0,4,2.2800000000000002,7,7,7,6,21,5.7,Low,Near,Yes,Medium,Male,High,Yes,No,High,High School,Medium,Positive,Single,Public,Low,60
3372,83,29,99,0,4,2.68,5,8,8,5,21,6.7,High,Near,No,Medium,Female,High,Yes,No,Medium,College,High,Neutral,Single,Public,High,73
3373,70,31,63,1,2,1.2800000000000002,4,4,4,8,20,3.2,Low,Near,Yes,Medium,Female,Medium,Yes,Yes,High,High School,High,Neutral,Single,Public,Medium,67
3374,77,10,64,1,3,3.3600000000000003,10,9,9,5,20,8.4,High,Near,Yes,Low,Female,Medium,Yes,Yes,High,College,Low,Negative,In Relationship,Private,Medium,62
3375,85,14,87,0,3,1.6,9,7,7,6,22,4,High,Near,No,Medium,Female,Medium,Yes,No,High,College,Medium,Negative,Single,Public,Medium,67
3376,70,18,79,1,2,2.64,6,8,8,5,19,6.6,Low,Near,No,Medium,Female,Medium,Yes,No,Medium,College,High,Positive,In Relationship,Public,High,65
3377,62,14,73,1,6,2.04,9,8,8,6,22,5.1,Medium,Near,No,Low,Male,High,Yes,No,Medium,High School,Medium,Neutral,In Relationship,Public,Medium,61
3378,60,23,56,0,4,0.47000000000000003,9,7,7,6,20,4.7,Medium,Moderate,Yes,Low,Female,High,No,No,Low,High School,High,Negative,Complicated,Private,Medium,61
3379,61,16,54,1,2,0.37000000000000005,4,5,5,7,21,3.7,Medium,Near,No,Low,Female,Medium,Yes,No,Low,High School,High,Neutral,Single,Private,Medium,60
3380,60,33,85,4,3,0.45,8,6,6,7,22,4.5,High,Near,No,Low,Male,Medium,Yes,No,Low,High School,High,Negative,In Relationship,Public,Low,68
3381,64,27,56,0,5,0.49000000000000005,6,5,5,7,24,4.9,Medium,Moderate,Yes,Low,Female,High,Yes,No,Low,College,High,Neutral,In Relationship,Public,High,65
3382,70,21,72,3,1,0.7000000000000001,8,8,8,5,19,7,High,Moderate,Yes,Medium,Female,Low,Yes,No,Low,Postgraduate,High,Neutral,In Relationship,Public,Low,67
3383,69,26,87,2,2,1.8,10,8,8,5,19,4.5,Low,Near,No,Medium,Male,Medium,Yes,No,Low,Postgraduate,High,Positive,Single,Public,Low,67
3384,99,27,96,0,2,0.63,9,8,8,5,23,6.3,Medium,Moderate,No,High,Male,Medium,Yes,No,Low,College,High,Positive,Single,Private,Medium,74
3385,72,17,94,4,2,0.33,7,4,4,8,22,3.3,Medium,Far,No,Medium,Female,Medium,Yes,No,Low,High School,Low,Positive,In Relationship,Public,Medium,64
3386,65,15,93,2,3,2.52,9,8,8,5,21,6.3,High,Near,Yes,Low,Male,Medium,Yes,No,Low,College,Medium,Neutral,Single,Private,Low,64
3387,82,20,68,2,3,0.49000000000000005,4,5,5,7,24,4.9,Low,Near,Yes,Low,Male,Medium,Yes,No,Medium,High School,Medium,Neutral,In Relationship,Public,High,67
3388,94,25,96,6,3,2.64,8,8,8,5,20,6.6,High,Far,No,Medium,Female,Medium,Yes,Yes,High,High School,High,Negative,Single,Public,Medium,74
3389,87,21,84,1,2,0.48,8,5,5,7,22,4.8,Medium,Near,Yes,Low,Male,Medium,Yes,No,High,College,Medium,Positive,Single,Private,Low,69
3390,72,11,94,1,2,0.25,8,4,4,8,23,2.5,Medium,Near,No,Low,Male,Medium,Yes,No,High,High School,Low,Positive,Single,Public,Low,62
3391,82,15,54,1,2,1.64,6,5,5,7,21,4.1,Medium,Near,Yes,Medium,Female,Medium,Yes,No,Medium,College,Medium,Positive,In Relationship,Public,Medium,66
3392,89,20,52,2,3,3.08,8,9,9,5,19,7.7,High,Moderate,Yes,Medium,Female,Medium,Yes,No,Low,College,High,Negative,In Relationship,Public,Medium,69
3393,89,20,71,1,1,0.44000000000000006,8,6,6,7,22,4.4,Medium,Far,Yes,Medium,Male,Low,Yes,No,Medium,Postgraduate,High,Negative,In Relationship,Public,Medium,68
3394,87,32,91,2,2,3.04,4,9,9,5,20,7.6,Medium,Moderate,Yes,High,Female,Medium,Yes,No,Medium,High School,High,Neutral,In Relationship,Public,Medium,74
3395,95,12,70,4,3,1.52,7,5,5,7,20,3.8,Medium,Far,No,Medium,Male,Medium,Yes,No,Medium,High School,Medium,Positive,In Relationship,Public,High,68
3396,95,23,94,2,3,0.43,6,4,4,8,24,4.3,Medium,Near,Yes,Medium,Male,Medium,Yes,No,High,High School,Medium,Neutral,Single,Public,Medium,73
3397,83,29,62,4,5,1.1199999999999999,8,5,5,7,20,2.8,Low,Near,No,High,Male,High,Yes,No,Low,College,Medium,Negative,In Relationship,Public,Medium,70
3398,77,34,52,0,4,1,9,4,4,8,19,2.5,High,Moderate,No,Medium,Female,High,Yes,No,Medium,High School,Medium,Neutral,Single,Private,Medium,69
3399,86,18,88,2,2,0.45999999999999996,6,5,5,7,21,4.6,Medium,Far,Yes,Medium,Male,Medium,Yes,No,Medium,College,Medium,Neutral,In Relationship,Public,High,68
3400,93,23,81,2,1,1.92,5,7,7,6,19,4.8,High,Near,No,Low,Male,Low,Yes,No,High,College,Medium,Negative,Single,Private,Medium,71
3401,60,23,72,3,2,0.45,7,5,5,7,20,4.5,Medium,Near,No,High,Female,Medium,Yes,No,Low,College,Low,Neutral,In Relationship,Public,Medium,64
3402,100,21,92,3,3,0.42000000000000004,5,4,4,8,19,4.2,Medium,Near,No,Low,Male,Medium,Yes,Yes,Low,Postgraduate,Medium,Positive,Single,Public,Low,71
3403,67,19,91,1,3,1.4000000000000001,7,4,4,8,19,3.5,Medium,Near,No,Low,Female,Medium,Yes,No,Medium,High School,Medium,Neutral,Single,Public,High,65
3404,79,23,66,1,3,2.2,7,8,8,6,20,5.5,Medium,Near,Yes,High,Male,Medium,Yes,No,High,Postgraduate,Low,Positive,Single,Private,Medium,68
3405,95,5,92,1,2,2.2,8,8,8,5,20,5.5,High,Near,Yes,Low,Female,Medium,Yes,No,Low,College,Medium,Neutral,Single,Private,High,67
3406,69,24,67,2,4,2.44,7,7,7,6,20,6.1,High,Far,Yes,Medium,Male,High,Yes,No,Medium,Postgraduate,Medium,Negative,Single,Public,High,67
3407,79,21,81,2,4,1.8,7,5,5,7,19,4.5,Low,Near,Yes,Medium,Male,High,Yes,No,Low,High School,Medium,Neutral,In Relationship,Public,Medium,67
3408,65,19,60,1,3,1.92,9,5,5,8,19,4.8,High,Moderate,Yes,Low,Male,Medium,Yes,No,Low,Postgraduate,Medium,Neutral,Single,Public,Medium,63
3409,76,32,63,0,3,2.7600000000000002,7,9,9,5,19,6.9,Medium,Near,No,Medium,Female,Medium,Yes,No,Medium,High School,Medium,Positive,In Relationship,Public,Low,68
3410,67,16,72,1,3,1.8,6,8,8,5,19,4.5,High,Near,Yes,Low,Female,Medium,Yes,No,Medium,Postgraduate,High,Positive,Single,Public,High,66
3411,75,18,66,1,4,1.6800000000000002,7,5,5,7,21,4.2,Medium,Near,Yes,High,Male,High,Yes,No,High,High School,Medium,Positive,In Relationship,Public,High,67
3412,75,32,56,3,2,2,6,6,6,7,20,5,Low,Moderate,Yes,Medium,Female,Medium,Yes,No,Medium,College,Medium,Neutral,Single,Public,Medium,68
3413,100,15,74,2,3,1.4800000000000002,5,6,6,7,20,3.7,Medium,Near,Yes,High,Male,Medium,Yes,No,Medium,Postgraduate,High,Neutral,Single,Private,Medium,72
3414,100,17,76,3,3,0.27999999999999997,5,4,4,8,22,2.8,Medium,Moderate,No,Low,Female,Medium,Yes,No,Low,Postgraduate,Medium,Neutral,Single,Private,High,70
3415,65,19,58,3,4,0.75,9,8,8,5,21,7.5,High,Moderate,No,Medium,Female,High,Yes,No,Low,High School,Low,Negative,In Relationship,Public,Medium,62
3416,89,25,59,2,2,1.8800000000000001,6,5,5,7,20,4.7,Low,Near,Yes,Low,Female,Medium,Yes,No,Medium,College,Medium,Neutral,In Relationship,Public,Medium,69
3417,62,21,51,0,4,1.72,7,5,5,7,20,4.3,Low,Near,Yes,Low,Female,High,Yes,No,Low,High School,Medium,Positive,Single,Private,Medium,61
3418,61,12,52,2,2,2.2,7,8,8,5,22,5.5,Low,Moderate,Yes,Low,Female,Medium,Yes,No,Low,High School,Medium,Positive,Single,Public,Medium,58
3419,64,17,68,5,3,1.52,7,7,7,6,22,3.8,Medium,Near,No,Medium,Male,Medium,Yes,No,Medium,High School,Low,Neutral,Single,Private,Medium,63
3420,99,16,57,4,3,0.25,9,4,4,8,23,2.5,Medium,Near,No,Medium,Female,Medium,No,No,High,College,High,Positive,In Relationship,Public,Medium,71
3421,98,20,96,1,3,1.72,7,5,5,7,19,4.3,Medium,Near,Yes,Low,Female,Medium,No,No,Low,College,Low,Positive,In Relationship,Public,High,70
3422,68,23,60,1,3,0.61,6,8,8,5,20,6.1,Medium,Near,No,Low,Female,Medium,Yes,No,Medium,High School,High,Neutral,Single,Public,Medium,64
3423,66,23,53,2,1,0.61,6,7,7,6,21,6.1,Low,Far,No,Medium,Male,Low,Yes,No,Low,College,High,Positive,Single,Public,Medium,63
3424,70,9,70,1,3,0.31000000000000005,8,4,4,8,22,3.1,Medium,Near,Yes,Medium,Male,Medium,Yes,No,Low,College,High,Positive,In Relationship,Public,Medium,63
3425,81,26,60,2,5,2.08,8,8,8,5,21,5.2,Low,Near,No,Low,Female,High,Yes,No,High,Postgraduate,High,Positive,In Relationship,Public,High,71
3426,83,22,53,0,2,2.64,8,9,9,4,19,6.6,High,Near,Yes,Low,Female,Medium,No,No,Medium,Postgraduate,Low,Negative,In Relationship,Public,Low,65
3427,69,28,88,2,2,0.45999999999999996,7,6,6,7,22,4.6,High,Moderate,No,Low,Male,Medium,Yes,No,Low,High School,High,Neutral,In Relationship,Public,Medium,68
3428,90,23,78,1,3,1.6800000000000002,5,7,7,5,21,4.2,High,Moderate,Yes,Medium,Male,Medium,No,No,High,High School,Medium,Neutral,In Relationship,Private,Medium,70
3429,72,27,53,3,3,1.8800000000000001,8,5,5,7,19,4.7,High,Far,Yes,Medium,Female,Medium,Yes,No,Medium,High School,High,Neutral,In Relationship,Public,Low,68
3430,97,23,73,3,1,0.47000000000000003,7,5,5,7,22,4.7,High,Moderate,No,Low,Male,Low,No,No,Medium,High School,Medium,Negative,In Relationship,Private,Medium,69
3431,86,28,52,0,5,2.7600000000000002,7,8,8,5,20,6.9,Medium,Near,Yes,Medium,Male,High,Yes,No,Medium,College,Medium,Positive,In Relationship,Public,Medium,70
3432,77,23,68,0,3,0.55,5,7,7,6,23,5.5,Medium,Near,No,High,Male,Medium,Yes,Yes,Low,High School,High,Positive,In Relationship,Private,High,67
3433,92,19,68,2,2,0.5,6,7,7,6,21,5,High,Near,Yes,Medium,Female,Medium,Yes,No,Medium,High School,Low,Neutral,In Relationship,Public,Medium,69
3434,93,34,91,2,3,2.2399999999999998,6,8,8,5,18,5.6,Medium,Moderate,No,High,Female,Medium,Yes,No,Low,High School,Low,Neutral,Single,Public,Medium,73
3435,72,25,87,3,3,1.64,8,5,5,7,20,4.1,Medium,Moderate,Yes,Medium,Male,Medium,Yes,No,Low,Postgraduate,Medium,Positive,Single,Public,Low,68
3436,74,23,95,2,2,2.2,8,8,8,6,20,5.5,Medium,Far,No,Low,Female,Medium,Yes,No,Medium,College,High,Negative,Single,Public,Medium,67
3437,97,12,57,0,4,0.35000000000000003,7,5,5,7,21,3.5,High,Moderate,Yes,Low,Female,High,Yes,No,Low,College,Medium,Positive,Single,Private,Medium,67
3438,67,12,77,2,3,1.9600000000000002,8,7,7,6,21,4.9,High,Near,Yes,Low,Male,Medium,Yes,No,Medium,College,Medium,Positive,Single,Private,High,64
3439,62,22,51,2,2,1.52,9,4,4,8,22,3.8,Medium,Near,No,Low,Male,Medium,Yes,No,Medium,High School,High,Neutral,Single,Public,Medium,63
3440,78,21,91,1,5,0.49000000000000005,8,5,5,7,19,4.9,High,Near,No,Medium,Female,High,No,No,Medium,Postgraduate,Low,Negative,Single,Private,Low,67
3441,92,16,68,1,2,0.7200000000000001,8,7,7,6,22,7.2,High,Near,Yes,Medium,Male,Medium,Yes,No,Medium,High School,Medium,Positive,Single,Public,High,70
3442,91,21,53,1,3,2.72,6,9,9,5,20,6.8,Medium,Near,Yes,Medium,Female,Medium,Yes,No,High,Postgraduate,High,Positive,In Relationship,Public,Medium,71
3443,97,30,66,1,2,0.41,6,5,5,7,21,4.1,High,Near,Yes,Medium,Male,Medium,Yes,No,High,College,Medium,Neutral,In Relationship,Private,Medium,74
3444,81,24,64,2,3,1.92,9,5,5,7,20,4.8,High,Near,Yes,High,Male,Medium,Yes,No,High,High School,Medium,Positive,In Relationship,Public,Low,70
3445,64,13,88,1,2,0.47000000000000003,6,5,5,7,19,4.7,Low,Moderate,No,Medium,Female,Medium,Yes,No,Medium,College,Low,Neutral,Single,Public,Medium,59
3446,84,19,56,0,3,0.22999999999999998,8,3,3,8,23,2.3,Medium,Near,Yes,Low,Male,Medium,Yes,Yes,Medium,High School,Low,Neutral,In Relationship,Private,Medium,64
3447,91,15,78,2,3,0.4,10,5,5,7,22,4,Medium,Near,No,Medium,Female,Medium,Yes,No,Low,High School,Low,Neutral,Single,Public,High,67
3448,64,18,90,1,3,0.32000000000000006,8,5,5,7,22,3.2,Medium,Near,Yes,Low,Male,Medium,Yes,No,Medium,High School,Medium,Neutral,In Relationship,Public,Medium,63
3449,67,18,87,5,2,0.7200000000000001,7,8,8,5,19,7.2,High,Near,Yes,Low,Male,Medium,Yes,No,Medium,College,Low,Positive,In Relationship,Public,Low,66
3450,60,17,97,1,4,2.08,5,8,8,6,19,5.2,Medium,Far,Yes,Medium,Male,High,Yes,No,Medium,College,Medium,Negative,In Relationship,Private,Medium,62
3451,84,12,50,3,3,0.7200000000000001,7,8,8,5,19,7.2,Medium,Near,No,High,Male,Medium,Yes,No,Medium,High School,Low,Neutral,In Relationship,Public,High,65
3452,95,19,68,3,4,0.47000000000000003,9,8,8,5,22,4.7,High,Far,Yes,High,Male,High,Yes,No,Medium,College,High,Positive,Single,Public,Medium,73
3453,87,17,68,1,2,2.2800000000000002,7,7,7,6,23,5.7,High,Near,Yes,Medium,Male,Medium,Yes,No,High,High School,High,Positive,Single,Public,High,70
3454,99,2,52,0,4,1.72,9,7,7,5,22,4.3,Low,Near,Yes,Medium,Male,High,Yes,No,Low,High School,Medium,Neutral,In Relationship,Public,Medium,62
3455,63,32,91,2,5,1.7600000000000002,8,5,5,8,20,4.4,High,Near,No,High,Female,High,No,Yes,Medium,High School,Medium,Positive,In Relationship,Public,Low,68
3456,96,27,84,1,3,0.45,7,5,5,7,19,4.5,Low,Near,Yes,High,Male,Medium,Yes,No,Medium,College,High,Neutral,Single,Public,Medium,74
3457,93,18,76,2,4,2.2800000000000002,7,7,7,6,19,5.7,Medium,Near,No,Medium,Female,High,Yes,No,Low,High School,Medium,Neutral,Single,Private,Medium,96
3458,73,20,70,1,2,0.34,5,3,3,8,19,3.4,High,Moderate,No,Low,Male,Medium,Yes,No,High,High School,High,Negative,Single,Public,High,66
3459,99,13,95,0,4,0.7200000000000001,6,9,9,4,22,7.2,High,Near,Yes,Low,Male,High,No,No,Medium,Postgraduate,Low,Positive,Single,Public,Medium,69
3460,72,30,63,1,3,2.7600000000000002,6,8,8,5,20,6.9,High,Near,Yes,Low,Female,Medium,Yes,No,Medium,Postgraduate,High,Neutral,In Relationship,Public,Medium,70
3461,96,31,67,2,3,1.6800000000000002,8,7,7,5,21,4.2,Low,Near,Yes,Medium,Male,Medium,Yes,No,Medium,College,Medium,Neutral,In Relationship,Private,Medium,73
3462,95,21,98,1,2,0.5599999999999999,7,7,7,6,21,5.6,Low,Near,No,Low,Male,Medium,Yes,No,Low,High School,Low,Positive,In Relationship,Public,High,69
3463,90,26,53,1,4,2.2399999999999998,9,8,8,5,18,5.6,High,Far,Yes,Low,Male,High,Yes,No,Medium,High School,High,Neutral,Single,Private,Medium,71
3464,83,21,89,0,2,2.16,7,7,7,6,20,5.4,Low,Moderate,Yes,Low,Female,Medium,No,No,Low,College,High,Neutral,Single,Public,Low,65
3465,65,12,86,1,3,0.33,6,3,3,8,19,3.3,Low,Near,Yes,Medium,Female,Medium,Yes,No,Medium,Postgraduate,Medium,Positive,Single,Public,Medium,62
3466,81,18,95,1,3,0.6400000000000001,6,8,8,5,22,6.4,High,Near,No,Medium,Male,Medium,Yes,No,Low,High School,High,Positive,In Relationship,Public,Medium,69
3467,74,21,55,3,2,0.44000000000000006,6,5,5,7,22,4.4,Medium,Near,No,Low,Male,Medium,Yes,No,High,College,Low,Positive,Single,Public,Medium,65
3468,92,17,99,1,2,0.67,7,8,8,5,21,6.7,Medium,Far,No,Medium,Female,Medium,Yes,No,Medium,College,Medium,Neutral,In Relationship,Public,Medium,68
3469,90,19,51,1,3,0.5900000000000001,6,7,7,6,21,5.9,Low,Near,Yes,Low,Male,Medium,Yes,Yes,High,Postgraduate,Low,Negative,Single,Public,Medium,65
3470,96,19,67,4,1,0.25,5,4,4,8,23,2.5,High,Moderate,Yes,High,Male,Low,Yes,No,Medium,High School,Medium,Neutral,In Relationship,Private,Medium,72
3471,61,20,54,2,4,1.4400000000000002,9,4,4,8,20,3.6,High,Near,Yes,High,Male,High,Yes,No,Medium,Postgraduate,High,Positive,Single,Private,Medium,67
3472,92,20,53,2,2,0.58,7,7,7,6,22,5.8,Low,Far,No,Medium,Male,Medium,Yes,No,Medium,College,Medium,Positive,In Relationship,Private,High,68
3473,98,14,98,0,3,1.72,7,7,7,5,22,4.3,Medium,Near,No,Medium,Male,Medium,No,No,Medium,High School,Low,Positive,In Relationship,Public,High,68
3474,92,16,86,2,3,2.68,6,9,9,4,21,6.7,Medium,Near,No,Medium,Female,Medium,No,Yes,Low,College,Medium,Neutral,Single,Private,Medium,66
3475,65,12,75,0,2,2.08,5,7,7,5,21,5.2,High,Moderate,Yes,High,Male,Medium,Yes,No,High,High School,Medium,Negative,Single,Private,Medium,62
3476,63,26,55,2,4,2.2,7,8,8,5,18,5.5,Medium,Far,Yes,Medium,Male,High,Yes,No,Medium,High School,Medium,Neutral,Single,Public,High,65
3477,61,7,76,1,5,2.2,4,8,8,6,19,5.5,High,Far,Yes,Medium,Female,High,Yes,No,High,High School,Low,Positive,Single,Private,Medium,60
3478,85,27,66,2,4,0.38,8,6,6,7,20,3.8,Medium,Moderate,Yes,Low,Male,High,Yes,Yes,Medium,High School,High,Neutral,Complicated,Private,High,70
3479,85,28,64,1,1,2.12,6,8,8,5,19,5.3,Medium,Moderate,Yes,Low,Male,Low,Yes,No,Low,High School,Medium,Neutral,Single,Public,Medium,68
3480,99,18,81,1,3,0.5900000000000001,7,7,7,6,21,5.9,High,Near,Yes,Medium,Male,Medium,Yes,No,Low,Postgraduate,Medium,Neutral,Single,Public,Medium,72
3481,76,4,90,2,2,0.4,8,5,5,7,22,4,Medium,Moderate,Yes,High,Female,Medium,Yes,No,Medium,High School,Medium,Positive,Single,Public,Medium,63
3482,73,18,72,1,1,1.92,7,7,7,6,21,4.8,High,Moderate,Yes,Medium,Male,Low,Yes,Yes,Low,High School,Medium,Neutral,Single,Private,Medium,63
3483,85,20,75,1,2,0.45999999999999996,5,5,5,7,19,4.6,Medium,Near,Yes,Medium,Male,Medium,Yes,No,Low,College,Low,Neutral,In Relationship,Public,Medium,67
3484,93,14,83,4,2,1.36,9,4,4,8,20,3.4,Low,Near,Yes,Medium,Female,Medium,Yes,No,Low,Postgraduate,Medium,Neutral,Single,Public,Medium,68
3485,97,17,56,2,3,0.48,5,6,6,7,21,4.8,Medium,Near,No,High,Female,Medium,Yes,No,Low,High School,Medium,Positive,In Relationship,Public,Medium,69
3486,92,29,91,1,4,1.92,4,7,7,6,22,4.8,Medium,Near,Yes,High,Female,High,Yes,No,Low,High School,High,Neutral,Single,Public,High,75
3487,77,24,92,0,3,0.65,8,8,8,5,24,6.5,Medium,Moderate,No,High,Male,Medium,Yes,No,High,High School,Low,Neutral,Single,Public,Medium,67
3488,85,14,77,2,3,0.5900000000000001,5,7,7,6,21,5.9,High,Near,Yes,Low,Male,Medium,Yes,No,Medium,High School,High,Positive,Single,Public,High,69
3489,94,10,59,0,2,1.72,9,7,7,5,22,4.3,Medium,Near,No,Medium,Male,Medium,Yes,No,Low,Postgraduate,Low,Positive,In Relationship,Public,Medium,65
3490,80,18,75,2,4,0.41,8,4,4,8,21,4.1,High,Near,Yes,Medium,Male,High,No,No,Medium,High School,Low,Negative,In Relationship,Public,Medium,65
3491,69,19,55,1,4,1.64,7,7,7,6,21,4.1,Medium,Near,Yes,Low,Female,High,Yes,No,Low,College,Medium,Positive,Single,Public,Medium,63
3492,67,23,88,2,4,0.73,6,8,8,5,21,7.3,Medium,Near,No,Medium,Male,High,Yes,No,Medium,High School,Low,Neutral,In Relationship,Private,Medium,65
3493,60,17,66,0,2,0.27999999999999997,6,4,4,8,22,2.8,Low,Far,No,Low,Female,Medium,Yes,No,Medium,High School,Medium,Positive,Single,Public,Medium,58
3494,89,23,66,0,3,2.04,6,8,8,6,22,5.1,High,Moderate,Yes,Low,Male,Medium,Yes,No,Low,High School,High,Positive,In Relationship,Private,High,70
3495,64,32,97,1,5,2.44,6,8,8,5,20,6.1,Low,Moderate,Yes,Medium,Male,High,Yes,No,Medium,College,Low,Neutral,Single,Public,Low,66
3496,70,25,71,2,2,0.42000000000000004,9,5,5,7,22,4.2,Low,Near,No,Low,Female,Medium,No,No,Medium,College,Medium,Negative,Single,Public,Medium,63
3497,72,20,89,1,3,2.08,6,7,7,5,21,5.2,Low,Far,Yes,Low,Male,Medium,Yes,No,Low,High School,Medium,Negative,Single,Private,Medium,62
3498,82,19,82,2,3,0.42000000000000004,8,5,5,7,20,4.2,Medium,Moderate,Yes,Medium,Female,Medium,Yes,No,High,College,Medium,Positive,In Relationship,Private,Medium,69
3499,76,18,66,1,3,1.56,9,7,7,6,20,3.9,Medium,Near,No,High,Female,Medium,Yes,No,High,High School,Medium,Positive,Single,Public,High,66
3500,87,27,56,0,2,1.64,6,7,7,5,20,4.1,Low,Moderate,No,Low,Male,Medium,Yes,No,Medium,High School,High,Neutral,Single,Public,High,68
3501,62,16,90,2,2,0.6200000000000001,8,8,8,5,21,6.2,Medium,Far,Yes,High,Male,Medium,Yes,No,Low,Postgraduate,Low,Neutral,Single,Public,Medium,62
3502,65,20,88,0,4,2.84,6,8,8,5,20,7.1,Medium,Near,No,Medium,Male,High,Yes,Yes,Medium,High School,High,Negative,In Relationship,Public,High,64
3503,80,20,58,0,2,1.52,7,5,5,7,21,3.8,High,Near,Yes,Medium,Female,Medium,No,No,Low,College,Medium,Neutral,Single,Public,Medium,65
3504,73,17,62,2,3,1.8800000000000001,6,5,5,7,19,4.7,High,Far,Yes,Low,Male,Medium,Yes,No,Low,College,Medium,Negative,In Relationship,Private,Medium,64
3505,72,12,88,2,3,0.47000000000000003,6,5,5,7,20,4.7,Medium,Near,No,High,Female,Medium,Yes,No,High,High School,Medium,Positive,In Relationship,Public,Medium,65
3506,63,22,99,3,4,2.2800000000000002,7,7,7,6,19,5.7,Medium,Moderate,Yes,Medium,Male,High,Yes,No,Low,High School,Medium,Neutral,Single,Private,Medium,65
3507,96,20,92,0,3,2.08,5,7,7,6,19,5.2,Medium,Near,Yes,Medium,Female,Medium,Yes,No,Medium,College,Low,Neutral,Single,Public,Medium,70
3508,88,23,84,2,3,0.35000000000000003,8,3,3,8,19,3.5,High,Near,No,Medium,Female,Medium,Yes,Yes,High,Postgraduate,Low,Positive,Single,Private,Medium,71
3509,65,17,96,2,3,0.44000000000000006,5,4,4,8,22,4.4,Medium,Moderate,Yes,Medium,Male,Medium,Yes,No,Low,College,Medium,Positive,Single,Public,High,65
3510,63,27,64,1,4,3.16,5,9,9,5,19,7.9,Medium,Near,No,High,Male,High,No,No,Medium,Postgraduate,High,Positive,In Relationship,Public,High,67
3511,99,15,50,4,2,1.4000000000000001,7,4,4,8,19,3.5,High,Moderate,Yes,Low,Male,Medium,No,No,High,High School,Low,Positive,Single,Public,Medium,68
3512,87,30,66,1,4,1.64,6,6,6,7,20,4.1,High,Near,Yes,Medium,Male,High,Yes,No,Low,High School,High,Neutral,Single,Public,Medium,73
3513,77,10,99,0,4,0.24,8,4,4,8,24,2.4,High,Near,No,Medium,Male,High,Yes,Yes,Medium,High School,Medium,Neutral,Complicated,Public,High,64
3514,88,23,94,3,1,0.27,7,3,3,8,19,2.7,High,Near,No,Low,Male,Low,No,No,Low,High School,High,Positive,Single,Private,Medium,71
3515,90,23,53,2,2,0.31000000000000005,5,3,3,8,19,3.1,High,Near,No,Medium,Female,Medium,Yes,No,Medium,High School,Medium,Positive,Single,Private,High,70
3516,91,15,75,4,1,0.36000000000000004,8,5,5,7,21,3.6,High,Near,No,Medium,Female,Low,Yes,No,Medium,High School,Low,Neutral,Single,Public,Medium,68
3517,79,23,54,2,4,2.7600000000000002,7,9,9,5,19,6.9,Medium,Moderate,Yes,Low,Female,High,Yes,No,Medium,College,High,Neutral,In Relationship,Private,Medium,68
3518,77,28,89,3,3,0.48,7,5,5,7,20,4.8,High,Far,Yes,Low,Male,Medium,Yes,Yes,Medium,High School,Low,Positive,Single,Public,Medium,68
3519,60,7,69,0,3,1.9600000000000002,10,7,7,6,19,4.9,High,Moderate,Yes,Low,Female,Medium,Yes,No,Low,College,Medium,Positive,Complicated,Private,Medium,59
3520,97,23,96,2,4,1.72,9,6,6,7,22,4.3,Medium,Near,Yes,Medium,Male,High,Yes,No,Medium,College,Medium,Neutral,In Relationship,Private,High,74
3521,84,5,53,1,3,1.72,7,7,7,6,21,4.3,Medium,Moderate,Yes,Low,Male,Medium,No,No,Low,Postgraduate,Medium,Positive,Single,Public,High,62
3522,68,14,87,2,3,2.32,5,8,8,5,20,5.8,Low,Far,Yes,Medium,Male,Medium,Yes,No,High,High School,High,Positive,Single,Public,Medium,64
3523,97,30,70,0,2,1.32,5,4,4,7,21,3.3,High,Near,No,High,Male,Medium,Yes,No,Medium,Postgraduate,High,Positive,In Relationship,Public,Medium,76
3524,97,17,63,2,2,0.7400000000000001,9,8,8,5,22,7.4,Medium,Near,Yes,Low,Male,Medium,Yes,No,Medium,High School,High,Positive,In Relationship,Public,Medium,70
3525,100,13,76,0,5,1.6800000000000002,6,7,7,6,22,4.2,Medium,Near,No,Low,Male,High,No,No,Medium,Postgraduate,High,Positive,Single,Public,Low,69
3526,95,19,74,0,2,0.61,7,7,7,6,21,6.1,Medium,Near,Yes,Low,Female,Medium,No,No,High,High School,Medium,Positive,Single,Public,High,69
3527,100,32,67,4,3,1.64,5,6,6,7,22,4.1,High,Far,Yes,Medium,Male,Medium,No,No,Medium,High School,Low,Positive,In Relationship,Public,Medium,74
3528,70,9,82,2,2,0.45,8,5,5,7,23,4.5,Medium,Near,No,High,Female,Medium,No,No,Low,High School,High,Negative,In Relationship,Public,High,62
3529,94,14,83,2,3,1.8399999999999999,9,7,7,6,20,4.6,Medium,Moderate,No,Low,Male,Medium,Yes,No,High,Postgraduate,Medium,Positive,In Relationship,Public,High,70
3530,93,29,54,4,3,2.6,9,9,9,5,18,6.5,Medium,Near,Yes,Low,Male,Medium,No,No,Medium,High School,Low,Positive,Single,Public,High,71
3531,69,31,80,4,2,2.08,6,8,8,6,21,5.2,Low,Near,Yes,Medium,Male,Medium,Yes,No,Low,College,Medium,Negative,In Relationship,Public,Medium,68
3532,64,19,86,3,3,0.31000000000000005,8,4,4,8,22,3.1,Low,Near,Yes,High,Female,Medium,Yes,No,Low,Postgraduate,High,Neutral,In Relationship,Private,Medium,66
3533,99,13,54,3,3,0.24,7,4,4,8,24,2.4,Medium,Far,No,High,Male,Medium,Yes,No,High,High School,Low,Negative,Complicated,Public,Medium,67
3534,72,33,83,3,4,0.6400000000000001,8,7,7,6,22,6.4,Medium,Near,No,Low,Male,High,Yes,No,Low,High School,High,Neutral,Single,Private,High,71
3535,95,30,90,3,1,0.25,7,4,4,8,23,2.5,Medium,Moderate,Yes,Medium,Male,Low,Yes,No,Medium,High School,Medium,Neutral,In Relationship,Public,Medium,74
3536,60,24,92,3,2,2.3600000000000003,6,8,8,5,19,5.9,Medium,Near,Yes,Medium,Male,Medium,Yes,No,Low,College,Low,Positive,Complicated,Public,Medium,65
3537,61,15,52,1,3,0.5599999999999999,9,7,7,6,21,5.6,Low,Moderate,Yes,Medium,Female,Medium,Yes,No,Medium,High School,High,Neutral,In Relationship,Private,Medium,60
3538,79,20,85,2,2,0.44000000000000006,7,5,5,7,22,4.4,High,Moderate,Yes,Medium,Male,Medium,Yes,No,Low,College,High,Neutral,Single,Public,Medium,69
3539,70,19,90,2,3,2.4800000000000004,6,8,8,6,19,6.2,Medium,Moderate,Yes,Low,Male,Medium,Yes,No,Low,High School,Medium,Positive,Single,Private,Medium,65
3540,88,22,70,3,2,1.8399999999999999,7,7,7,6,19,4.6,Low,Near,Yes,Low,Female,Medium,Yes,No,Medium,High School,Medium,Positive,Complicated,Public,Medium,69
3541,83,29,77,1,4,1.4800000000000002,6,7,7,6,20,3.7,Low,Near,Yes,Medium,Male,High,Yes,No,High,High School,Medium,Neutral,Single,Public,Medium,70
3542,63,25,63,0,1,1.64,8,7,7,6,21,4.1,Low,Near,Yes,Medium,Female,Low,Yes,Yes,Medium,Postgraduate,High,Positive,Single,Private,High,65
3543,67,14,66,0,4,2.2,7,8,8,6,20,5.5,Low,Far,Yes,Low,Female,High,Yes,No,Low,High School,Low,Neutral,In Relationship,Public,Medium,57
3544,76,28,75,0,2,2.2399999999999998,6,7,7,6,24,5.6,Medium,Near,Yes,Medium,Female,Medium,Yes,No,Low,High School,Medium,Positive,Single,Public,High,68
3545,67,22,58,2,3,2.08,10,7,7,5,21,5.2,High,Near,No,High,Male,Medium,Yes,No,Medium,Postgraduate,High,Neutral,Single,Public,Low,67
3546,92,24,69,2,4,0.61,5,8,8,5,21,6.1,Medium,Near,No,Medium,Female,High,Yes,No,Medium,High School,Medium,Negative,In Relationship,Private,Medium,70
3547,77,29,65,1,3,0.6400000000000001,8,8,8,5,23,6.4,Medium,Near,Yes,Medium,Male,Medium,Yes,No,Medium,High School,Medium,Neutral,Single,Public,Medium,68
3548,64,13,62,1,1,0.25,7,4,4,8,23,2.5,High,Moderate,Yes,Low,Female,Low,Yes,No,Medium,College,High,Neutral,In Relationship,Public,Medium,62
3549,79,20,74,1,5,0.5599999999999999,5,7,7,6,19,5.6,Medium,Far,Yes,Low,Male,High,Yes,No,Medium,High School,High,Neutral,Single,Public,Medium,67
3550,64,17,92,0,1,2.8000000000000003,6,9,9,4,19,7,High,Near,Yes,Medium,Male,Low,Yes,No,Medium,Postgraduate,High,Positive,Single,Private,Medium,66
3551,65,11,62,2,2,1.6,5,7,7,6,19,4,Low,Far,Yes,Medium,Female,Medium,Yes,No,Medium,College,Medium,Neutral,Single,Public,High,60
3552,70,22,83,0,2,0.37000000000000005,10,3,3,8,19,3.7,Low,Moderate,No,Medium,Male,Medium,Yes,No,Low,College,High,Positive,Single,Public,Medium,65
3553,94,35,63,1,2,1.92,7,7,7,6,21,4.8,Medium,Near,Yes,Low,Female,Medium,Yes,No,Medium,College,High,Positive,In Relationship,Public,High,75
3554,97,9,57,4,5,1.9600000000000002,7,7,7,6,19,4.9,Medium,Far,Yes,Medium,Female,High,Yes,No,Medium,High School,Low,Neutral,Single,Public,High,67
3555,93,20,97,1,2,1.9600000000000002,10,7,7,6,21,4.9,High,Moderate,No,Low,Male,Medium,Yes,No,Medium,Postgraduate,Medium,Neutral,Single,Public,Medium,71
3556,73,24,82,0,2,1.6800000000000002,6,7,7,5,19,4.2,Low,Near,Yes,Medium,Male,Medium,Yes,Yes,Medium,High School,Low,Negative,Single,Public,Medium,63
3557,71,21,55,2,1,1.8800000000000001,9,6,6,7,20,4.7,Medium,Moderate,Yes,High,Male,Low,Yes,No,Low,Postgraduate,High,Positive,Single,Public,High,67
3558,82,19,82,2,4,0.26,8,4,4,8,23,2.6,Medium,Near,No,Low,Female,High,Yes,No,Low,Postgraduate,High,Negative,Single,Private,Medium,68
3559,89,12,59,2,4,1.8800000000000001,4,7,7,6,21,4.7,Low,Near,Yes,Low,Male,High,Yes,No,Low,High School,High,Negative,Single,Public,High,65
3560,100,21,94,1,3,1.6,6,4,4,8,19,4,High,Moderate,No,High,Female,Medium,No,No,Medium,College,Low,Positive,Single,Public,Medium,72
3561,65,15,62,1,4,0.47000000000000003,8,7,7,6,22,4.7,Medium,Moderate,No,Medium,Female,High,Yes,No,Medium,High School,Medium,Neutral,Single,Public,Medium,61
3562,62,7,90,1,5,2.7600000000000002,7,9,9,4,24,6.9,High,Moderate,No,Medium,Female,High,Yes,No,Medium,College,Low,Neutral,Single,Public,Low,60
3563,88,27,60,2,2,2.72,7,9,9,4,19,6.8,High,Near,Yes,Low,Female,Medium,Yes,No,Medium,High School,High,Positive,Single,Public,Medium,72
3564,93,26,78,2,3,0.48,6,5,5,7,23,4.8,Medium,Far,Yes,Medium,Female,Medium,Yes,No,Medium,Postgraduate,Medium,Neutral,In Relationship,Public,Medium,72
3565,94,20,96,2,3,2.3600000000000003,6,7,7,6,20,5.9,Medium,Near,Yes,Medium,Male,Medium,Yes,No,Medium,College,Low,Negative,In Relationship,Private,Medium,70
3566,87,21,65,2,3,0.42000000000000004,7,4,4,8,24,4.2,Medium,Near,No,Medium,Male,Medium,Yes,Yes,High,College,Low,Negative,Single,Public,Medium,67
3567,98,26,54,0,1,2.84,10,9,9,4,20,7.1,Medium,Near,No,Low,Male,Low,Yes,No,Medium,Postgraduate,Medium,Neutral,Single,Private,High,71
3568,80,21,78,0,2,0.41,6,5,5,7,22,4.1,Low,Near,Yes,Medium,Female,Medium,Yes,No,Medium,Postgraduate,Medium,Negative,Single,Private,Medium,66
3569,97,25,59,0,2,0.45,6,5,5,7,24,4.5,High,Near,No,Low,Female,Medium,Yes,No,Low,High School,High,Positive,In Relationship,Public,High,72
3570,99,18,86,1,4,0.66,7,7,7,6,22,6.6,Medium,Moderate,Yes,High,Female,High,No,No,Medium,High School,Medium,Neutral,Single,Public,Medium,70
3571,94,28,80,2,2,0.27,5,4,4,8,22,2.7,Low,Moderate,Yes,High,Female,Medium,Yes,No,Medium,High School,Medium,Negative,In Relationship,Public,Medium,71
3572,72,22,67,2,4,0.65,8,8,8,5,19,6.5,Low,Far,Yes,Medium,Male,High,Yes,No,High,College,Low,Negative,Single,Public,Medium,64
3573,68,21,85,3,2,0.47000000000000003,5,8,8,5,22,4.7,Medium,Moderate,Yes,High,Male,Medium,No,No,Medium,College,Medium,Positive,Single,Public,Medium,66
3574,82,12,62,2,4,0.38,5,6,6,7,20,3.8,Low,Near,No,Medium,Male,High,Yes,No,Low,High School,High,Positive,Complicated,Public,Medium,64
3575,78,22,96,0,3,0.49000000000000005,5,5,5,7,19,4.9,Medium,Moderate,Yes,Low,Male,Medium,Yes,No,Medium,High School,Medium,Neutral,Single,Public,Medium,67
3576,95,15,67,3,3,0.47000000000000003,5,6,6,7,21,4.7,Low,Moderate,No,Medium,Female,Medium,Yes,No,High,High School,Low,Positive,In Relationship,Public,Medium,67
3577,64,16,88,1,3,2.32,9,7,7,6,19,5.8,Low,Near,No,Medium,Male,Medium,Yes,No,Medium,High School,High,Positive,Single,Public,High,64
3578,70,15,63,0,4,0.36000000000000004,8,5,5,7,22,3.6,Medium,Moderate,No,Medium,Female,High,Yes,No,Low,High School,Low,Positive,Single,Private,Medium,61
3579,90,14,86,4,2,0.45999999999999996,8,5,5,7,21,4.6,High,Near,Yes,Medium,Female,Medium,Yes,No,Medium,High School,High,Negative,In Relationship,Private,Medium,99
3580,64,33,52,3,4,1.6800000000000002,8,7,7,6,19,4.2,Medium,Near,No,High,Male,High,No,No,Low,High School,Medium,Positive,Single,Public,Medium,67
3581,73,28,65,3,3,1.7600000000000002,7,7,7,6,19,4.4,High,Near,Yes,High,Male,Medium,Yes,No,High,Postgraduate,Medium,Positive,Single,Public,High,72
3582,75,32,55,1,4,0.48,7,5,5,7,24,4.8,Low,Moderate,No,Medium,Male,High,Yes,No,Medium,High School,Low,Neutral,In Relationship,Public,Medium,66
3583,85,13,73,3,2,1.4800000000000002,9,7,7,6,20,3.7,High,Moderate,Yes,Medium,Male,Medium,Yes,No,High,Postgraduate,Low,Positive,Single,Public,High,68
3584,66,20,72,1,1,1.52,9,7,7,5,21,3.8,Low,Near,No,Medium,Female,Low,Yes,No,Low,College,High,Positive,In Relationship,Public,High,64
3585,94,12,68,1,2,0.6200000000000001,5,8,8,5,21,6.2,High,Near,No,High,Male,Medium,Yes,No,High,High School,High,Neutral,Single,Public,Medium,69
3586,78,16,99,0,4,2.2800000000000002,10,8,8,6,20,5.7,High,Far,No,Low,Female,High,Yes,No,Low,High School,Medium,Positive,Single,Public,Medium,65
3587,97,14,62,1,4,1.9600000000000002,5,7,7,6,19,4.9,High,Far,No,Medium,Female,High,No,Yes,Medium,Postgraduate,Low,Neutral,Complicated,Public,Medium,66
3588,79,27,90,3,4,0.5,6,6,6,6,20,5,High,Near,Yes,Medium,Male,High,Yes,No,Low,High School,High,Positive,Single,Public,High,73
3589,71,18,72,0,4,0.27999999999999997,7,4,4,8,22,2.8,Medium,Near,Yes,Low,Female,High,Yes,No,Low,High School,Medium,Neutral,Single,Public,Medium,63
3590,66,26,67,3,4,2.32,7,9,9,5,19,5.8,Medium,Moderate,Yes,Medium,Female,High,Yes,No,High,High School,Medium,Negative,Complicated,Public,Medium,66
3591,60,24,60,3,2,0.58,10,7,7,6,22,5.8,Medium,Near,Yes,Low,Female,Medium,Yes,No,Low,Postgraduate,Medium,Neutral,Single,Private,High,65
3592,81,34,82,1,2,1.4400000000000002,9,4,4,8,20,3.6,Medium,Near,Yes,Medium,Male,Medium,Yes,No,Low,High School,Medium,Negative,Single,Public,High,71
3593,64,11,67,1,2,0.27,8,4,4,8,22,2.7,Low,Near,Yes,Medium,Male,Medium,No,Yes,High,College,Medium,Neutral,In Relationship,Public,Medium,58
3594,76,28,91,0,3,1.64,9,7,7,6,20,4.1,Medium,Moderate,No,Low,Male,Medium,Yes,No,Medium,High School,Medium,Neutral,Single,Private,High,68
3595,84,27,98,0,4,1.8800000000000001,8,5,5,7,19,4.7,Medium,Moderate,No,Low,Male,High,Yes,No,Medium,High School,Medium,Neutral,In Relationship,Public,Medium,69
3596,71,14,61,0,3,1.4000000000000001,6,4,4,8,19,3.5,Low,Near,Yes,Low,Female,Medium,Yes,No,Low,Postgraduate,High,Positive,Single,Public,Medium,63
3597,67,26,56,1,5,0.5599999999999999,8,7,7,6,22,5.6,Medium,Near,Yes,Medium,Female,High,Yes,No,Medium,College,Medium,Negative,In Relationship,Public,Medium,66
3598,91,22,66,0,3,2.72,7,9,9,4,19,6.8,Medium,Near,Yes,High,Female,Medium,No,No,Medium,College,Medium,Negative,In Relationship,Public,High,69
3599,98,19,73,3,3,2.32,6,9,9,5,19,5.8,Low,Near,Yes,Low,Male,Medium,Yes,No,Medium,College,Medium,Negative,Complicated,Private,Medium,69
3600,64,15,65,2,2,0.45,9,5,5,7,21,4.5,Medium,Near,No,Medium,Male,Medium,Yes,No,Medium,High School,High,Neutral,In Relationship,Public,Medium,63
3601,66,16,99,1,3,0.33,7,4,4,8,22,3.3,High,Near,Yes,Low,Female,Medium,Yes,No,Medium,College,Low,Positive,In Relationship,Public,Medium,65
3602,98,32,89,2,3,1.8,5,6,6,7,22,4.5,High,Near,No,High,Male,Medium,Yes,No,Medium,College,Low,Positive,Single,Private,Low,76
3603,62,20,98,0,3,1.32,6,4,4,8,19,3.3,Medium,Near,Yes,High,Male,Medium,Yes,No,High,Postgraduate,High,Neutral,Single,Public,High,67
3604,99,25,69,1,3,1.4400000000000002,8,4,4,8,20,3.6,Medium,Moderate,No,Low,Male,Medium,No,No,Medium,Postgraduate,Low,Positive,Single,Public,High,70
3605,60,15,65,1,5,1.64,9,5,5,7,20,4.1,Low,Moderate,No,Medium,Male,High,Yes,No,Medium,College,Medium,Negative,Single,Public,High,60
3606,95,15,70,2,3,1.52,8,7,7,6,22,3.8,Low,Near,No,High,Female,Medium,Yes,Yes,Medium,High School,High,Neutral,Single,Public,High,68
3607,72,26,76,1,3,2.32,8,7,7,6,22,5.8,Medium,Near,Yes,Medium,Male,Medium,Yes,No,Medium,Postgraduate,Medium,Negative,Single,Public,Medium,68
3608,98,12,87,2,3,0.52,6,6,6,6,20,5.2,High,Near,Yes,Low,Female,Medium,Yes,No,Medium,Postgraduate,Low,Neutral,In Relationship,Private,Medium,70
3609,73,18,94,1,3,0.45,7,5,5,7,22,4.5,High,Moderate,Yes,High,Female,Medium,Yes,No,High,Postgraduate,Medium,Neutral,In Relationship,Private,Medium,68
3610,86,20,73,3,3,1.04,7,4,4,8,20,2.6,High,Near,No,Low,Male,Medium,Yes,Yes,Medium,High School,High,Neutral,Single,Public,Low,69
3611,63,21,64,0,3,0.27999999999999997,7,4,4,8,22,2.8,Medium,Near,Yes,Low,Female,Medium,Yes,No,Medium,High School,Medium,Negative,Single,Public,Medium,62
3612,70,19,66,1,4,0.45,7,6,6,7,21,4.5,Low,Moderate,No,High,Male,High,Yes,No,Medium,College,High,Neutral,In Relationship,Private,Low,64
3613,91,22,85,2,2,3,6,9,9,5,19,7.5,Medium,Moderate,No,Medium,Female,Medium,Yes,No,Low,High School,High,Positive,In Relationship,Private,Medium,71
3614,81,24,78,1,2,2.16,8,8,8,5,21,5.4,Medium,Near,Yes,Low,Male,Medium,Yes,No,Medium,High School,Medium,Positive,In Relationship,Public,Medium,68
3615,97,24,74,0,5,0.36000000000000004,5,5,5,7,21,3.6,Medium,Near,No,Medium,Female,High,Yes,No,High,High School,High,Neutral,Single,Public,Low,72
3616,77,14,60,1,3,0.4,5,5,5,7,22,4,Medium,Far,Yes,High,Male,Medium,Yes,No,Low,Postgraduate,Medium,Negative,Single,Private,High,64
3617,95,18,94,6,3,0.6200000000000001,6,8,8,5,21,6.2,High,Far,Yes,Low,Female,Medium,Yes,No,Medium,High School,Medium,Neutral,Single,Public,High,73
3618,78,27,89,0,3,1.8,8,5,5,7,19,4.5,High,Near,No,Low,Female,Medium,Yes,No,Low,Postgraduate,Medium,Neutral,In Relationship,Public,Medium,69
3619,99,25,57,1,3,2.16,8,8,8,6,21,5.4,Medium,Moderate,No,Medium,Male,Medium,Yes,No,Medium,Postgraduate,Low,Positive,In Relationship,Private,Low,70
3620,98,12,68,3,2,1.2800000000000002,4,5,5,7,20,3.2,High,Near,No,Low,Female,Medium,Yes,No,Medium,High School,Medium,Neutral,In Relationship,Public,High,69
3621,73,22,77,1,3,2.16,8,8,8,5,21,5.4,Low,Far,No,High,Male,Medium,Yes,No,Medium,High School,Medium,Neutral,In Relationship,Public,Medium,64
3622,95,8,73,2,2,1.7600000000000002,7,5,5,7,23,4.4,Medium,Near,No,Medium,Male,Medium,Yes,No,Low,College,Medium,Neutral,In Relationship,Private,Medium,66
3623,94,20,70,1,2,1.92,6,7,7,5,19,4.8,Medium,Moderate,Yes,Medium,Female,Medium,Yes,No,High,High School,Medium,Neutral,Single,Public,Medium,69
3624,68,31,86,1,3,0.48,7,6,6,7,21,4.8,Medium,Moderate,No,Low,Female,Medium,Yes,No,Low,High School,High,Positive,In Relationship,Private,Medium,68
3625,85,14,53,4,3,0.43,5,5,5,7,20,4.3,Low,Near,Yes,Medium,Male,Medium,Yes,No,Medium,High School,Medium,Neutral,In Relationship,Public,Medium,65
3626,63,15,74,4,2,2.16,7,7,7,5,21,5.4,Low,Moderate,Yes,Low,Male,Medium,Yes,No,Medium,High School,High,Negative,Single,Public,Medium,62
3627,93,25,63,2,2,2.4000000000000004,5,9,9,5,20,6,High,Near,Yes,High,Female,Medium,Yes,No,Medium,Postgraduate,High,Positive,Complicated,Public,Medium,75
3628,67,11,54,0,3,1.7600000000000002,6,7,7,6,20,4.4,Medium,Near,Yes,Low,Female,Medium,Yes,No,Low,High School,Medium,Positive,In Relationship,Public,Medium,60
3629,63,16,73,0,4,2.2,6,7,7,6,21,5.5,High,Near,Yes,Medium,Male,High,Yes,No,Medium,College,Medium,Neutral,Single,Public,Medium,63
3630,76,24,59,2,4,0.37000000000000005,8,5,5,7,22,3.7,Low,Far,Yes,Medium,Male,High,Yes,No,Medium,College,Medium,Positive,Single,Public,Medium,66
3631,83,16,63,0,3,1.8,7,6,6,7,22,4.5,Medium,Near,Yes,Medium,Female,Medium,Yes,No,Medium,Postgraduate,High,Neutral,Single,Public,Medium,67
3632,94,19,75,1,3,0.7200000000000001,8,7,7,6,22,7.2,Medium,Moderate,Yes,Medium,Female,Medium,Yes,No,Medium,College,Low,Negative,Single,Public,Medium,68
3633,99,24,99,0,3,0.67,5,7,7,6,21,6.7,Medium,Moderate,Yes,Low,Female,Medium,Yes,No,Medium,High School,Medium,Positive,Single,Public,Medium,72
3634,78,23,84,0,3,0.22999999999999998,7,3,3,8,23,2.3,Medium,Near,No,Low,Male,Medium,Yes,No,High,College,Low,Neutral,In Relationship,Private,Medium,66
3635,62,22,64,0,3,2.08,8,7,7,6,22,5.2,Medium,Near,Yes,Low,Female,Medium,Yes,No,Medium,Postgraduate,Medium,Neutral,Single,Public,Medium,63
3636,90,18,69,1,3,1.4000000000000001,9,4,4,8,19,3.5,High,Moderate,Yes,High,Female,Medium,Yes,No,Medium,College,Medium,Positive,Single,Private,High,71
3637,83,22,70,2,3,0.45999999999999996,5,5,5,7,22,4.6,Medium,Far,Yes,Low,Male,Medium,Yes,No,High,College,Low,Positive,In Relationship,Public,Medium,67
3638,78,19,58,1,3,0.5,6,6,6,6,20,5,Medium,Near,Yes,Low,Male,Medium,Yes,No,Medium,Postgraduate,Medium,Neutral,Single,Public,Medium,66
3639,72,23,58,2,2,0.52,8,6,6,6,20,5.2,Medium,Near,No,Low,Female,Medium,No,No,Medium,College,High,Positive,In Relationship,Private,High,66
3640,80,17,57,4,2,2.12,9,7,7,6,19,5.3,High,Near,No,Low,Male,Medium,Yes,No,Medium,College,High,Positive,Single,Public,Medium,68
3641,74,19,76,1,3,0.27,7,3,3,8,19,2.7,Medium,Near,No,High,Female,Medium,Yes,No,High,College,Medium,Neutral,Single,Public,Medium,66
3642,90,14,84,0,3,0.33,5,5,5,7,22,3.3,Medium,Near,Yes,Low,Female,Medium,Yes,No,Medium,Postgraduate,High,Negative,In Relationship,Public,Medium,68
3643,82,20,80,3,1,2.2800000000000002,5,7,7,6,20,5.7,Medium,Near,Yes,Low,Female,Low,Yes,Yes,Medium,College,High,Neutral,Single,Public,Medium,68
3644,95,15,99,0,2,2.2800000000000002,7,8,8,5,19,5.7,Medium,Near,Yes,High,Female,Medium,Yes,No,Low,High School,Low,Neutral,Single,Public,High,68
3645,82,13,56,2,3,0.47000000000000003,8,5,5,7,24,4.7,High,Near,No,Low,Male,Medium,Yes,No,Low,Postgraduate,Medium,Neutral,In Relationship,Private,High,66
3646,70,22,99,1,2,2.2800000000000002,7,7,7,6,19,5.7,Low,Moderate,No,Low,Male,Medium,Yes,No,Medium,High School,High,Positive,Single,Private,High,66
3647,94,21,73,0,3,0.45999999999999996,5,7,7,6,20,4.6,High,Far,No,Medium,Female,Medium,Yes,No,Low,Postgraduate,Medium,Neutral,In Relationship,Public,High,70
3648,82,25,61,1,2,0.24,9,4,4,8,24,2.4,Medium,Near,Yes,High,Male,Medium,Yes,No,Low,High School,High,Negative,Complicated,Public,Medium,68
3649,68,17,97,2,3,0.6400000000000001,6,8,8,5,23,6.4,Medium,Moderate,Yes,High,Male,Medium,Yes,No,High,High School,Medium,Negative,Single,Public,Low,65
3650,85,22,73,1,3,0.37000000000000005,8,5,5,7,21,3.7,High,Near,Yes,Medium,Male,Medium,Yes,No,High,College,Low,Positive,Single,Private,Medium,70
3651,74,23,67,3,5,2.12,4,7,7,6,19,5.3,Medium,Far,No,High,Male,High,Yes,No,Medium,High School,Medium,Negative,Single,Private,Medium,66
3652,94,23,61,0,1,1.8399999999999999,9,5,5,7,20,4.6,High,Moderate,Yes,Medium,Female,Low,No,Yes,Medium,Postgraduate,Medium,Negative,In Relationship,Public,Medium,68
3653,78,15,63,1,2,0.25,6,4,4,8,23,2.5,Medium,Moderate,Yes,Medium,Male,Medium,Yes,Yes,High,College,Medium,Neutral,Single,Private,Medium,64
3654,89,21,99,0,3,0.63,9,7,7,6,21,6.3,Medium,Near,No,Medium,Male,Medium,Yes,No,Medium,High School,Medium,Negative,Single,Private,Medium,69
3655,64,22,65,2,4,1.92,8,8,8,5,21,4.8,Medium,Near,No,Medium,Female,High,Yes,No,Low,Postgraduate,Medium,Neutral,In Relationship,Private,Medium,65
3656,76,20,99,3,3,2.3600000000000003,5,7,7,6,19,5.9,High,Near,Yes,Medium,Female,Medium,No,No,Low,Postgraduate,Medium,Negative,Single,Public,High,69
3657,99,7,67,1,4,2.9600000000000004,7,9,9,5,20,7.4,High,Near,Yes,High,Female,High,No,No,Low,High School,Low,Neutral,In Relationship,Private,High,66
3658,92,21,62,1,2,2.44,9,8,8,5,20,6.1,Low,Near,No,Medium,Female,Medium,Yes,No,Medium,High School,High,Positive,Single,Public,Low,68
3659,66,33,59,3,2,2.2800000000000002,6,7,7,6,21,5.7,Medium,Near,Yes,High,Female,Medium,Yes,No,Medium,Postgraduate,Medium,Positive,Single,Public,Medium,70
3660,71,18,71,1,3,0.2,9,3,3,8,24,2,Medium,Moderate,No,Medium,Female,Medium,Yes,No,Medium,High School,High,Positive,Single,Public,High,65
3661,73,16,62,0,2,1.7600000000000002,8,7,7,5,21,4.4,Medium,Near,Yes,High,Female,Medium,Yes,No,Medium,High School,High,Neutral,In Relationship,Private,High,65
3662,86,22,85,1,3,0.58,9,7,7,6,22,5.8,Low,Near,No,Medium,Female,Medium,Yes,No,Medium,Postgraduate,Medium,Negative,Single,Public,Medium,68
3663,90,22,62,0,3,0.58,7,7,7,6,19,5.8,Medium,Near,No,Medium,Male,Medium,Yes,No,Low,College,Low,Positive,Single,Public,Medium,67
3664,90,27,92,0,3,0.5,7,5,5,7,20,5,High,Near,No,Low,Female,Medium,Yes,No,Medium,High School,High,Neutral,Single,Private,Medium,72
3665,80,12,92,1,3,1.4800000000000002,10,5,5,7,19,3.7,High,Moderate,Yes,High,Male,Medium,Yes,No,High,Postgraduate,High,Positive,In Relationship,Public,High,70
3666,92,24,64,1,3,0.61,8,7,7,6,21,6.1,High,Near,Yes,High,Male,Medium,Yes,No,High,College,Low,Neutral,Single,Private,High,72
3667,77,24,88,1,5,1.72,7,7,7,5,22,4.3,High,Near,Yes,High,Male,High,Yes,No,Low,College,High,Negative,In Relationship,Public,Medium,71
3668,65,19,93,1,4,2.2,8,7,7,6,21,5.5,Medium,Near,No,Medium,Male,High,Yes,No,Low,College,Low,Neutral,Single,Private,High,64
3669,83,22,80,2,5,1.8800000000000001,6,5,5,7,22,4.7,High,Moderate,Yes,Medium,Female,High,Yes,No,Medium,High School,Low,Positive,Single,Public,Medium,69
3670,98,26,68,4,1,1.6800000000000002,7,8,8,5,20,4.2,Medium,Near,Yes,Low,Female,Low,Yes,No,Medium,High School,Medium,Positive,In Relationship,Public,Medium,73
3671,92,25,72,1,5,0.42000000000000004,9,4,4,8,19,4.2,High,Far,Yes,Low,Female,High,Yes,No,Medium,Postgraduate,Low,Negative,Single,Public,Medium,70
3672,83,13,89,1,4,1,7,4,4,8,19,2.5,Medium,Near,No,Low,Female,High,Yes,No,Medium,Postgraduate,High,Neutral,Single,Public,Medium,68
3673,86,25,65,2,5,2.2399999999999998,6,8,8,5,18,5.6,Medium,Moderate,No,Medium,Male,High,Yes,No,Medium,High School,High,Positive,Single,Public,High,71
3674,97,20,67,1,3,0.45,6,5,5,7,20,4.5,High,Near,No,Low,Female,Medium,Yes,No,Low,Postgraduate,Medium,Positive,In Relationship,Private,High,71
3675,77,20,58,0,3,0.48,7,5,5,7,24,4.8,High,Near,Yes,High,Male,Medium,Yes,No,High,High School,Low,Neutral,In Relationship,Public,Medium,66
3676,73,20,70,3,4,0.45,6,5,5,7,21,4.5,High,Near,No,High,Female,High,Yes,No,Low,High School,Medium,Neutral,In Relationship,Public,High,68
3677,99,19,54,0,2,2.8000000000000003,5,9,9,4,19,7,High,Near,Yes,Medium,Male,Medium,Yes,No,Low,Postgraduate,Medium,Neutral,Single,Public,Medium,70
3678,95,27,66,3,4,2.32,5,7,7,6,22,5.8,Medium,Near,No,Medium,Male,High,Yes,No,Low,High School,Medium,Neutral,Single,Public,Medium,72
3679,73,19,69,1,4,2.2800000000000002,9,7,7,6,19,5.7,High,Near,Yes,Low,Female,High,Yes,No,High,Postgraduate,Low,Positive,Single,Public,Low,66
3680,79,13,63,3,2,2.2800000000000002,7,8,8,6,20,5.7,High,Near,Yes,High,Female,Medium,No,No,Low,High School,Medium,Neutral,Single,Private,Medium,65
3681,77,18,55,3,3,0.45,7,5,5,7,24,4.5,High,Near,Yes,High,Female,Medium,No,Yes,High,High School,Medium,Neutral,In Relationship,Private,Medium,66
3682,66,21,76,3,1,1.6800000000000002,6,7,7,6,19,4.2,Medium,Moderate,Yes,Low,Female,Low,Yes,No,Low,High School,High,Neutral,Single,Private,Medium,65
3683,98,27,93,0,4,1.6800000000000002,6,5,5,8,21,4.2,Low,Moderate,Yes,Low,Male,High,Yes,No,Low,High School,High,Neutral,In Relationship,Private,Medium,72
3684,76,24,67,2,3,1.8,6,7,7,6,20,4.5,Medium,Near,Yes,High,Female,Medium,Yes,No,Medium,College,Medium,Negative,Single,Public,Medium,68
3685,95,15,62,0,3,0.6200000000000001,7,7,7,6,19,6.2,Medium,Near,Yes,High,Female,Medium,Yes,No,High,College,Medium,Negative,Single,Public,Medium,68
3686,68,35,64,0,4,2.2399999999999998,5,7,7,6,20,5.6,High,Near,Yes,High,Male,High,Yes,Yes,Medium,High School,Low,Positive,Single,Public,Low,67
3687,82,22,93,2,2,2.16,9,8,8,5,18,5.4,Medium,Near,Yes,Low,Male,Medium,Yes,No,Low,High School,Medium,Neutral,Complicated,Public,Medium,68
3688,61,28,76,1,4,0.36000000000000004,7,5,5,7,21,3.6,Medium,Moderate,No,Medium,Male,High,Yes,No,High,High School,High,Positive,In Relationship,Public,High,67
3689,91,19,57,3,3,0.6900000000000001,7,8,8,5,20,6.9,High,Moderate,No,High,Female,Medium,Yes,No,Low,High School,Medium,Negative,In Relationship,Public,High,69
3690,83,23,85,2,2,1.72,8,5,5,7,21,4.3,Low,Near,No,Low,Male,Medium,Yes,Yes,Medium,High School,Low,Neutral,In Relationship,Private,Medium,65
3691,85,25,58,2,4,2.2,8,8,8,6,20,5.5,Medium,Near,No,Medium,Male,High,Yes,No,Medium,College,Medium,Neutral,In Relationship,Public,High,70
3692,62,27,53,1,2,0.4,6,5,5,7,22,4,Medium,Moderate,No,Medium,Male,Medium,Yes,No,Low,High School,High,Positive,Single,Public,Medium,64
3693,68,26,63,2,3,2.2399999999999998,8,7,7,6,20,5.6,Medium,Near,No,Low,Male,Medium,Yes,No,Medium,High School,Medium,Positive,Single,Public,High,66
3694,63,25,58,1,1,1.7600000000000002,8,6,6,7,19,4.4,Medium,Near,No,High,Female,Low,Yes,No,Medium,College,Low,Positive,Single,Public,Medium,64
3695,72,18,80,1,2,0.7400000000000001,7,8,8,5,22,7.4,High,Moderate,Yes,High,Female,Medium,Yes,Yes,High,High School,High,Negative,In Relationship,Public,High,66
3696,85,17,74,1,2,1.92,9,5,5,7,20,4.8,Medium,Near,Yes,Medium,Male,Medium,Yes,No,Medium,High School,Medium,Neutral,In Relationship,Private,Medium,67
3697,83,22,86,3,4,0.48,8,5,5,7,22,4.8,Low,Near,Yes,Medium,Male,High,Yes,No,Medium,High School,Medium,Negative,Single,Public,Low,68
3698,84,26,76,5,2,0.45999999999999996,8,5,5,7,22,4.6,Medium,Moderate,No,Medium,Male,Medium,Yes,No,Medium,High School,Medium,Neutral,In Relationship,Public,High,71
3699,82,19,71,1,3,0.43,9,6,6,6,20,4.3,Low,Near,No,Low,Female,Medium,Yes,No,Medium,College,High,Neutral,In Relationship,Private,High,67
3700,71,26,76,3,2,3.24,7,9,9,5,19,8.1,Medium,Moderate,Yes,Low,Male,Medium,Yes,No,Medium,Postgraduate,High,Positive,In Relationship,Public,Medium,69
3701,70,29,72,1,4,1.8399999999999999,7,7,7,6,20,4.6,Low,Near,Yes,Medium,Male,High,Yes,No,Low,College,Medium,Positive,In Relationship,Public,Medium,67
3702,65,15,52,4,3,2.04,8,7,7,6,20,5.1,High,Moderate,Yes,Low,Female,Medium,Yes,Yes,Medium,High School,Low,Neutral,Single,Private,Medium,61
3703,94,15,84,0,2,0.38,7,3,3,8,19,3.8,Medium,Moderate,No,Medium,Male,Medium,Yes,No,Medium,High School,Medium,Positive,Single,Public,High,68
3704,85,19,98,2,4,1.8800000000000001,8,6,6,7,22,4.7,Low,Near,Yes,Medium,Female,High,Yes,No,Medium,High School,Low,Neutral,In Relationship,Private,Low,67
3705,67,22,71,1,4,1.6800000000000002,6,7,7,6,22,4.2,Medium,Moderate,Yes,Medium,Male,High,Yes,No,Low,College,Low,Neutral,Single,Public,High,64
3706,67,17,71,3,2,2.2,4,8,8,5,18,5.5,Medium,Moderate,Yes,Medium,Female,Medium,Yes,No,Medium,High School,Medium,Negative,Single,Public,High,63
3707,95,28,52,3,4,1.8399999999999999,8,8,8,6,21,4.6,Medium,Near,No,High,Male,High,Yes,No,High,College,Low,Negative,In Relationship,Public,High,72
3708,90,23,95,2,2,1.8399999999999999,5,7,7,6,19,4.6,Medium,Moderate,No,Low,Male,Medium,Yes,No,Low,High School,High,Negative,Complicated,Public,Medium,69
3709,86,20,96,1,2,2.72,6,8,8,5,21,6.8,High,Far,No,High,Male,Medium,Yes,Yes,Medium,High School,Low,Neutral,Single,Public,Low,66
3710,76,11,91,1,3,0.45999999999999996,8,5,5,7,20,4.6,Medium,Near,Yes,High,Female,Medium,Yes,Yes,Low,College,Medium,Neutral,In Relationship,Private,High,64
3711,70,12,55,2,4,0.45999999999999996,8,5,5,7,20,4.6,Medium,Near,Yes,Medium,Female,High,Yes,No,Medium,High School,Low,Negative,Single,Public,High,61
3712,99,22,95,2,4,1.16,9,5,5,7,19,2.9,High,Near,Yes,Low,Male,High,Yes,Yes,Medium,High School,Medium,Negative,In Relationship,Public,Low,71
3713,92,7,51,0,1,0.47000000000000003,4,7,7,6,22,4.7,Medium,Near,Yes,High,Female,Low,Yes,No,Medium,High School,Low,Positive,Single,Public,Medium,63
3714,72,26,72,2,4,2.64,7,8,8,5,20,6.6,Low,Near,No,Medium,Female,High,Yes,No,Low,High School,Medium,Neutral,Single,Public,Low,65
3715,94,19,75,2,5,2.2,7,7,7,6,21,5.5,Low,Near,Yes,High,Female,High,Yes,No,Medium,College,High,Negative,Single,Public,Medium,71
3716,90,39,92,2,1,0.31000000000000005,8,4,4,8,22,3.1,High,Near,No,Medium,Female,Low,Yes,No,High,High School,High,Neutral,In Relationship,Private,High,78
3717,72,34,88,1,3,2.4800000000000004,9,8,8,6,19,6.2,High,Near,Yes,High,Male,Medium,Yes,No,Low,Postgraduate,Medium,Positive,Single,Private,Medium,73
3718,77,19,90,1,3,1.8800000000000001,5,7,7,6,20,4.7,Medium,Near,No,Low,Female,Medium,Yes,No,Low,College,Low,Neutral,Single,Private,High,65
3719,67,19,93,0,4,2.32,7,7,7,6,22,5.8,Medium,Near,Yes,Medium,Male,High,Yes,No,High,Postgraduate,Low,Positive,In Relationship,Public,Medium,66
3720,64,26,74,3,2,1.4800000000000002,8,7,7,6,20,3.7,Low,Near,Yes,Medium,Male,Medium,Yes,No,Low,High School,High,Neutral,Single,Public,High,66
3721,89,30,89,3,3,1.52,6,7,7,5,21,3.8,Medium,Moderate,No,High,Male,Medium,Yes,No,Medium,Postgraduate,Medium,Neutral,In Relationship,Public,Medium,74
3722,71,10,53,4,3,0.5599999999999999,10,7,7,6,22,5.6,Low,Near,No,High,Female,Medium,Yes,No,Low,High School,Medium,Positive,Single,Private,Medium,62
3723,93,9,72,1,2,0.43,6,4,4,8,21,4.3,Low,Near,Yes,Medium,Female,Medium,Yes,No,Low,College,High,Positive,Single,Public,Medium,66
3724,100,16,52,4,4,2.2399999999999998,7,8,8,5,18,5.6,High,Near,No,Low,Female,High,Yes,No,Medium,High School,High,Negative,Single,Public,Medium,71
3725,63,23,96,2,2,1.6800000000000002,5,6,6,7,19,4.2,Medium,Near,Yes,High,Female,Medium,Yes,No,Medium,High School,High,Neutral,Single,Public,Medium,67
3726,79,23,98,0,4,2.2399999999999998,7,7,7,6,24,5.6,Low,Near,Yes,Medium,Female,High,Yes,No,Low,College,High,Neutral,Single,Public,High,69
3727,92,26,54,2,4,0.53,4,7,7,6,23,5.3,High,Moderate,No,High,Male,High,Yes,No,Medium,High School,Medium,Positive,In Relationship,Public,Medium,72
3728,92,13,77,2,4,0.71,7,9,9,4,21,7.1,High,Near,Yes,High,Male,High,Yes,No,Medium,Postgraduate,High,Positive,Single,Public,Medium,72
3729,90,6,66,2,2,0.6900000000000001,9,8,8,5,21,6.9,Medium,Far,Yes,Medium,Male,Medium,Yes,No,Medium,High School,Medium,Positive,In Relationship,Public,High,65
3730,74,25,67,1,5,2.04,5,7,7,6,20,5.1,High,Near,No,Medium,Male,High,Yes,No,High,Postgraduate,High,Positive,Single,Public,Medium,71
3731,78,15,73,0,1,1.56,5,5,5,7,19,3.9,Medium,Near,No,High,Male,Low,Yes,Yes,Medium,College,Medium,Positive,Single,Private,High,64
3732,84,8,56,1,2,1.8,9,6,6,7,22,4.5,Low,Moderate,Yes,Low,Male,Medium,Yes,No,Low,High School,Medium,Positive,Single,Public,Medium,61
3733,99,21,59,1,2,2.04,9,7,7,6,21,5.1,Low,Moderate,Yes,High,Female,Medium,Yes,No,Low,College,Medium,Negative,Single,Public,High,69
3734,73,25,79,1,5,0.35000000000000003,5,3,3,8,19,3.5,Medium,Moderate,Yes,Low,Female,High,Yes,No,Medium,High School,Low,Neutral,Single,Private,Medium,65
3735,97,19,51,3,4,0.7000000000000001,10,8,8,5,19,7,Low,Far,Yes,Low,Female,High,Yes,No,High,College,Medium,Neutral,In Relationship,Public,High,69
3736,71,17,80,2,3,2.44,8,7,7,5,20,6.1,Medium,Near,No,High,Female,Medium,Yes,No,Low,High School,Medium,Neutral,Single,Public,Low,64
3737,100,19,66,1,4,2.32,9,9,9,5,18,5.8,Low,Moderate,Yes,High,Male,High,Yes,Yes,High,Postgraduate,Medium,Negative,Single,Public,Medium,69
3738,87,18,92,1,4,0.22999999999999998,6,4,4,8,22,2.3,Medium,Near,Yes,Low,Female,High,Yes,No,Low,High School,Medium,Neutral,In Relationship,Private,Medium,68
3739,79,12,80,1,2,2.44,9,8,8,6,20,6.1,Low,Moderate,No,High,Male,Medium,Yes,No,Low,College,Medium,Positive,Single,Public,Medium,63
3740,85,16,85,1,2,0.36000000000000004,7,4,4,8,21,3.6,Medium,Near,No,Medium,Male,Medium,Yes,No,High,High School,Low,Neutral,In Relationship,Public,High,66
3741,71,23,56,1,4,1.6,7,7,7,6,19,4,Medium,Near,No,Medium,Female,High,Yes,No,Low,High School,Medium,Positive,Single,Private,Medium,65
3742,71,22,63,2,2,2.44,8,9,9,5,19,6.1,Medium,Moderate,Yes,Medium,Male,Medium,Yes,No,Medium,High School,High,Negative,Complicated,Public,High,66
3743,65,21,100,3,4,0.32000000000000006,6,5,5,7,22,3.2,Medium,Near,No,Medium,Male,High,Yes,No,Medium,Postgraduate,Medium,Neutral,In Relationship,Public,Medium,67
3744,65,14,72,3,2,0.65,5,8,8,5,21,6.5,High,Near,Yes,Low,Male,Medium,Yes,No,Low,High School,Medium,Negative,In Relationship,Private,High,62
3745,74,19,68,2,2,2.6,7,8,8,5,20,6.5,High,Near,Yes,Low,Female,Medium,Yes,No,Medium,High School,Medium,Negative,In Relationship,Public,High,66
3746,91,7,94,3,3,2.7600000000000002,7,9,9,4,19,6.9,Medium,Moderate,No,High,Female,Medium,No,No,High,Postgraduate,High,Neutral,Single,Public,Medium,68
3747,84,21,52,2,5,1.7600000000000002,6,5,5,7,20,4.4,Medium,Moderate,Yes,High,Male,High,Yes,No,Medium,High School,Medium,Negative,In Relationship,Public,High,68
3748,64,29,77,0,2,0.48,9,6,6,6,20,4.8,Medium,Moderate,No,Low,Female,Medium,Yes,No,Medium,High School,Low,Negative,Single,Public,High,63
3749,94,11,61,1,3,1.52,10,7,7,6,19,3.8,Low,Moderate,Yes,Medium,Male,Medium,Yes,No,Medium,College,High,Neutral,Single,Public,Low,66
3750,84,16,68,3,3,2.8000000000000003,6,9,9,4,19,7,Low,Near,No,Medium,Male,Medium,No,No,Low,High School,High,Neutral,Single,Private,Medium,65
3751,98,22,60,1,1,1.6800000000000002,7,7,7,6,22,4.2,Medium,Near,Yes,High,Male,Low,Yes,No,Medium,High School,High,Positive,Single,Public,Medium,72
3752,87,28,52,4,3,2,6,7,7,6,22,5,Medium,Near,No,Low,Female,Medium,Yes,No,Medium,Postgraduate,Medium,Neutral,Single,Private,Low,70
3753,67,17,71,1,3,2.2800000000000002,10,8,8,5,19,5.7,Low,Near,No,Medium,Male,Medium,Yes,No,Medium,High School,High,Positive,In Relationship,Public,Medium,63
3754,79,16,89,0,4,0.31000000000000005,8,4,4,8,22,3.1,Medium,Near,No,Low,Male,High,Yes,No,Medium,High School,Medium,Neutral,In Relationship,Private,High,65
3755,86,8,98,1,1,1.4000000000000001,8,7,7,6,20,3.5,Low,Near,Yes,Low,Male,Low,Yes,No,Low,College,High,Neutral,Single,Private,Medium,65
3756,61,21,81,1,3,0.33,9,5,5,7,22,3.3,High,Near,No,Medium,Male,Medium,Yes,No,Medium,Postgraduate,High,Neutral,In Relationship,Private,Medium,66
3757,61,32,69,0,3,0.42000000000000004,7,4,4,8,19,4.2,Medium,Moderate,Yes,High,Female,Medium,Yes,No,High,High School,High,Positive,Single,Public,Medium,68
3758,65,22,88,2,4,1.64,7,6,6,7,22,4.1,Low,Near,Yes,Medium,Male,High,No,No,Low,College,Medium,Positive,In Relationship,Public,Medium,64
3759,70,20,75,3,4,0.25,9,4,4,8,23,2.5,Medium,Moderate,No,Medium,Male,High,Yes,No,Low,College,High,Neutral,Single,Public,Medium,66
3760,77,22,68,3,4,0.44000000000000006,8,6,6,7,22,4.4,Medium,Moderate,Yes,High,Male,High,Yes,No,Medium,High School,Low,Positive,In Relationship,Public,High,68
3761,79,20,59,0,2,0.67,6,7,7,6,21,6.7,Medium,Moderate,Yes,Low,Male,Medium,Yes,No,Medium,High School,Low,Positive,Single,Public,Medium,64
3762,66,15,90,2,3,0.6200000000000001,6,8,8,5,22,6.2,Medium,Far,No,Medium,Female,Medium,Yes,No,Low,College,Medium,Negative,Single,Public,Medium,62
3763,87,25,75,0,2,0.7400000000000001,6,8,8,5,19,7.4,Medium,Near,Yes,Low,Male,Medium,No,Yes,Medium,High School,Medium,Neutral,In Relationship,Private,Medium,67
3764,84,21,98,1,3,0.73,9,8,8,5,20,7.3,High,Moderate,No,Low,Male,Medium,Yes,No,Medium,High School,Low,Negative,In Relationship,Public,Medium,67
3765,72,20,90,1,2,1.64,9,8,8,5,19,4.1,Medium,Moderate,No,Medium,Male,Medium,Yes,No,Low,Postgraduate,Medium,Neutral,Single,Private,Medium,65
3766,61,14,71,2,4,1.16,10,5,5,7,19,2.9,Medium,Near,Yes,Low,Male,High,No,No,Medium,High School,Low,Neutral,In Relationship,Public,Medium,59
3767,63,28,87,0,2,0.55,6,7,7,6,24,5.5,High,Moderate,Yes,Low,Female,Medium,Yes,No,Low,High School,Medium,Positive,In Relationship,Public,Medium,66
3768,76,24,73,4,2,2.16,7,7,7,5,21,5.4,Low,Near,No,Medium,Female,Medium,Yes,No,Medium,High School,High,Neutral,Single,Public,Medium,68
3769,66,17,54,2,3,0.45,6,7,7,6,21,4.5,Medium,Near,No,High,Female,Medium,Yes,Yes,Medium,High School,High,Positive,In Relationship,Public,Low,63
3770,75,26,76,2,3,2.32,7,7,7,6,21,5.8,Low,Near,Yes,Medium,Male,Medium,Yes,No,Medium,College,Medium,Neutral,Single,Public,Medium,68
3771,85,17,93,2,3,1.92,8,7,7,6,19,4.8,Low,Far,Yes,Medium,Female,Medium,Yes,No,Low,College,High,Positive,Single,Public,High,68
3772,82,15,93,3,2,1.2800000000000002,7,5,5,7,20,3.2,Medium,Moderate,Yes,Low,Female,Medium,Yes,No,Medium,High School,Medium,Negative,In Relationship,Public,High,66
3773,69,15,79,1,2,1.56,9,4,4,8,22,3.9,Low,Moderate,No,Medium,Female,Medium,Yes,No,Low,High School,High,Positive,Single,Private,Medium,63
3774,74,9,69,3,2,0.61,6,7,7,6,21,6.1,Low,Moderate,No,Low,Female,Medium,Yes,No,Low,High School,Medium,Positive,Single,Private,Medium,61
3775,85,23,51,0,4,2.5600000000000005,8,8,8,5,21,6.4,Medium,Near,Yes,High,Female,High,Yes,No,Low,College,High,Negative,Single,Public,Low,68
3776,94,9,66,0,3,0.30000000000000004,6,4,4,8,21,3,Low,Near,No,Low,Male,Medium,Yes,No,Low,College,High,Positive,In Relationship,Public,High,66
3777,90,13,99,1,4,1.4800000000000002,4,5,5,7,21,3.7,High,Moderate,No,High,Male,High,Yes,Yes,High,College,Medium,Neutral,In Relationship,Public,Medium,69
3778,82,8,86,0,3,2.2,5,8,8,6,19,5.5,High,Near,Yes,Low,Female,Medium,No,No,Medium,Postgraduate,Medium,Negative,Single,Public,Medium,64
3779,74,19,86,1,3,1.8399999999999999,7,5,5,8,21,4.6,Medium,Near,No,High,Male,Medium,Yes,No,High,Postgraduate,Medium,Positive,In Relationship,Private,Medium,68
3780,75,19,88,0,2,2.64,10,9,9,4,19,6.6,High,Near,No,Low,Female,Medium,Yes,No,Low,High School,Medium,Positive,In Relationship,Public,High,66
3781,95,18,81,0,3,0.37000000000000005,6,5,5,7,21,3.7,Medium,Near,No,Low,Female,Medium,Yes,Yes,Medium,High School,Medium,Positive,Single,Public,Medium,68
3782,62,14,79,2,2,1.4400000000000002,7,6,6,7,19,3.6,High,Moderate,Yes,Medium,Female,Medium,Yes,No,Low,High School,Medium,Positive,Single,Private,Medium,62
3783,100,13,73,1,3,1.8800000000000001,8,7,7,6,21,4.7,Low,Near,Yes,Low,Male,Medium,Yes,No,Low,Postgraduate,Medium,Neutral,Single,Public,Medium,68
3784,87,23,72,1,3,1.9600000000000002,6,7,7,6,21,4.9,High,Moderate,No,Low,Male,Medium,Yes,No,Medium,College,Medium,Negative,Single,Private,High,69
3785,87,17,94,2,3,0.7200000000000001,6,9,9,4,22,7.2,High,Moderate,Yes,Low,Male,Medium,Yes,No,Medium,High School,High,Neutral,Single,Private,Medium,70
3786,62,22,70,4,2,0.6400000000000001,7,8,8,5,20,6.4,Medium,Near,Yes,Low,Female,Medium,Yes,No,Low,College,High,Negative,Single,Public,Medium,65
3787,84,15,92,3,3,1.72,6,7,7,6,21,4.3,Medium,Near,Yes,Medium,Female,Medium,Yes,No,Medium,College,Low,Positive,Single,Public,Medium,68
3788,79,21,92,0,2,0.45,4,6,6,7,21,4.5,High,Near,No,Low,Female,Medium,Yes,No,Low,Postgraduate,Medium,Negative,In Relationship,Public,Medium,67
3789,64,28,89,0,4,0.5700000000000001,6,7,7,6,22,5.7,Medium,Far,Yes,Low,Male,High,Yes,No,Medium,College,Low,Neutral,Single,Public,Low,64
3790,71,24,52,2,3,0.48,8,7,7,6,21,4.8,Medium,Near,No,Medium,Female,Medium,No,No,Medium,College,Low,Negative,In Relationship,Public,Medium,63
3791,96,18,57,1,2,1.8,8,5,5,8,20,4.5,Low,Near,Yes,Medium,Female,Medium,Yes,No,Medium,High School,Medium,Negative,Single,Public,Medium,67
3792,82,22,66,1,3,2.4000000000000004,9,9,9,5,20,6,Low,Moderate,No,Low,Male,Medium,Yes,No,Medium,High School,High,Negative,Complicated,Private,High,66
3793,77,19,92,2,4,0.41,9,5,5,7,21,4.1,Low,Near,Yes,Low,Female,High,Yes,No,Medium,High School,High,Positive,Single,Public,Medium,67
3794,63,20,94,2,3,0.37000000000000005,6,6,6,7,21,3.7,Medium,Far,Yes,Medium,Female,Medium,No,No,Medium,High School,Medium,Neutral,Single,Public,Medium,63
3795,89,18,52,3,3,1.8800000000000001,6,6,6,7,22,4.7,Medium,Moderate,Yes,High,Female,Medium,Yes,No,Medium,High School,Medium,Positive,Single,Public,High,69
3796,88,19,66,3,2,0.66,6,7,7,6,22,6.6,High,Near,No,Medium,Female,Medium,Yes,No,Medium,High School,High,Positive,Single,Public,Medium,70
3797,85,21,93,0,4,1.2800000000000002,7,6,6,7,19,3.2,Medium,Moderate,Yes,High,Male,High,Yes,No,Medium,High School,High,Neutral,Single,Public,Medium,70
3798,80,14,62,0,2,0.5,6,6,6,6,20,5,Medium,Near,No,High,Male,Medium,Yes,No,Medium,Postgraduate,High,Negative,Single,Private,Medium,65
3799,77,14,99,2,2,2.52,7,8,8,5,21,6.3,Low,Moderate,No,Medium,Female,Medium,Yes,No,Low,Postgraduate,Low,Positive,Single,Public,Medium,64
3800,84,12,74,1,3,2.12,6,7,7,5,19,5.3,High,Moderate,Yes,Medium,Female,Medium,Yes,No,High,College,Medium,Negative,Single,Public,High,67
3801,69,10,97,1,3,2.04,8,7,7,6,20,5.1,Medium,Near,No,Medium,Female,Medium,Yes,No,Medium,High School,Low,Negative,Single,Private,Medium,61
3802,98,13,71,1,1,1.92,6,6,6,7,19,4.8,High,Near,Yes,Low,Female,Low,Yes,No,Medium,College,Medium,Positive,Single,Private,High,70
3803,84,21,66,2,4,2.52,6,9,9,5,19,6.3,Low,Far,No,High,Male,High,Yes,Yes,High,College,High,Positive,Complicated,Private,Medium,68
3804,72,15,68,0,2,1.4400000000000002,8,4,4,8,20,3.6,Medium,Near,Yes,Medium,Female,Medium,Yes,No,High,High School,Medium,Positive,Single,Public,Medium,64
3805,78,23,94,1,2,2.7600000000000002,8,9,9,4,24,6.9,Medium,Moderate,No,High,Male,Medium,Yes,Yes,Medium,High School,High,Neutral,Single,Private,Medium,68
3806,92,20,67,1,5,0.22999999999999998,7,4,4,8,22,2.3,Low,Near,No,Medium,Male,High,Yes,No,Low,High School,Medium,Positive,In Relationship,Public,Medium,68
3807,66,8,83,0,4,0.49000000000000005,8,5,5,7,24,4.9,High,Near,Yes,Low,Male,High,Yes,No,Medium,College,High,Positive,In Relationship,Private,Medium,63
3808,72,24,73,1,2,1.8800000000000001,8,5,5,7,19,4.7,Medium,Moderate,Yes,Low,Female,Medium,Yes,No,Low,College,Low,Positive,In Relationship,Public,Medium,65
3809,87,25,97,4,3,0.37000000000000005,10,4,4,8,22,3.7,Medium,Near,Yes,Low,Female,Medium,Yes,Yes,Medium,High School,Low,Neutral,In Relationship,Private,Low,69
3810,73,14,58,2,2,2.08,8,6,6,6,23,5.2,High,Moderate,No,Low,Male,Medium,Yes,No,Medium,College,Medium,Negative,In Relationship,Public,High,63
3811,92,23,71,1,3,0.45999999999999996,10,5,5,7,22,4.6,Medium,Near,Yes,Low,Male,Medium,Yes,No,Medium,College,Low,Neutral,In Relationship,Public,Medium,69
3812,65,15,56,3,3,1.72,7,6,6,7,22,4.3,Low,Near,Yes,High,Female,Medium,No,Yes,Medium,High School,High,Positive,Single,Private,Medium,61
3813,91,21,79,2,3,0.55,9,7,7,6,23,5.5,High,Far,Yes,Low,Female,Medium,Yes,No,Medium,College,Low,Neutral,In Relationship,Private,Medium,69
3814,63,12,70,1,3,2.2800000000000002,9,7,7,6,19,5.7,Medium,Near,No,High,Female,Medium,Yes,No,Low,College,High,Positive,Single,Public,Low,62
3815,61,9,53,0,2,2.32,7,9,9,5,18,5.8,High,Far,Yes,Medium,Male,Medium,Yes,Yes,Medium,Postgraduate,Low,Positive,Single,Public,Medium,58
3816,96,18,92,2,3,1.72,6,7,7,6,21,4.3,High,Far,Yes,Medium,Male,Medium,Yes,No,Medium,High School,Medium,Positive,Single,Public,Medium,71
3817,83,19,69,5,2,0.39,6,4,4,8,22,3.9,Low,Far,No,Medium,Male,Medium,Yes,No,Medium,Postgraduate,High,Positive,In Relationship,Private,Medium,69
3818,74,18,75,1,3,2.12,8,7,7,6,19,5.3,Medium,Moderate,No,High,Male,Medium,Yes,No,High,Postgraduate,High,Positive,Single,Public,High,68
3819,69,13,70,0,2,2.84,5,9,9,5,19,7.1,Low,Near,No,Medium,Male,Medium,Yes,No,Medium,College,Medium,Negative,In Relationship,Private,High,61
3820,85,18,74,3,2,0.55,6,7,7,6,24,5.5,Medium,Far,Yes,Low,Male,Medium,Yes,No,Medium,College,High,Negative,In Relationship,Private,Medium,67
3821,80,22,51,2,3,2.16,9,7,7,5,21,5.4,High,Near,Yes,Medium,Male,Medium,Yes,No,Medium,Postgraduate,Medium,Negative,Single,Public,Medium,68
3822,100,20,91,3,3,0.35000000000000003,8,5,5,7,21,3.5,Medium,Near,Yes,Low,Male,Medium,Yes,No,Medium,High School,Medium,Positive,Single,Public,Medium,72
3823,99,21,67,1,4,0.4,4,5,5,7,20,4,Low,Near,Yes,Medium,Female,High,Yes,No,Medium,College,High,Negative,In Relationship,Private,Medium,71
3824,85,16,86,3,2,1.92,5,7,7,6,21,4.8,Medium,Near,Yes,Medium,Male,Medium,No,No,Low,High School,Medium,Positive,In Relationship,Public,Medium,67
3825,78,27,53,3,4,1.8800000000000001,10,7,7,6,21,4.7,Medium,Moderate,No,Medium,Male,High,Yes,Yes,Medium,Postgraduate,Medium,Neutral,Single,Private,Medium,68
3826,80,13,76,0,2,0.44000000000000006,9,5,5,7,22,4.4,Medium,Near,No,High,Female,Medium,Yes,No,Medium,High School,Medium,Neutral,Single,Public,Medium,64
3827,87,23,95,3,0,2.52,6,8,8,5,21,6.3,High,Near,No,High,Female,Low,Yes,No,High,High School,Medium,Positive,Single,Private,Medium,73
3828,64,27,70,0,4,2.44,5,7,7,5,20,6.1,Medium,Near,Yes,Low,Female,High,Yes,No,Medium,High School,Low,Positive,Single,Public,High,65
3829,73,23,60,1,2,0.45,5,5,5,7,20,4.5,High,Near,No,Medium,Female,Medium,Yes,No,High,Postgraduate,Low,Positive,Single,Private,Medium,67
3830,63,19,55,0,4,0.61,8,8,8,5,21,6.1,Medium,Moderate,Yes,Medium,Female,High,Yes,No,Low,College,High,Positive,In Relationship,Private,Medium,63
3831,63,17,93,0,2,0.32000000000000006,10,3,3,8,19,3.2,Medium,Near,Yes,Low,Female,Medium,Yes,Yes,Medium,Postgraduate,Medium,Positive,Single,Public,Medium,63
3832,68,26,62,4,2,0.42000000000000004,10,4,4,8,24,4.2,Medium,Near,Yes,Medium,Female,Medium,Yes,No,High,Postgraduate,Medium,Neutral,Single,Public,Medium,69
3833,79,11,99,1,3,2.7600000000000002,5,9,9,4,19,6.9,High,Near,Yes,High,Female,Medium,Yes,No,Medium,High School,High,Positive,In Relationship,Public,Low,68
3834,91,14,62,2,2,1.64,7,7,7,6,21,4.1,Medium,Near,Yes,Low,Male,Medium,Yes,No,Medium,College,Medium,Neutral,Single,Public,High,68
3835,79,18,74,3,4,0.48,6,5,5,7,20,4.8,High,Near,Yes,Low,Male,High,Yes,No,Medium,High School,High,Positive,In Relationship,Public,Medium,69
3836,73,27,73,5,3,1.8800000000000001,7,6,6,7,22,4.7,High,Near,Yes,High,Female,Medium,Yes,No,High,High School,High,Negative,Single,Public,High,73
3837,63,22,53,3,2,0.47000000000000003,5,8,8,5,22,4.7,High,Near,Yes,Low,Male,Medium,Yes,No,High,High School,High,Negative,Single,Public,High,66
3838,82,14,77,3,3,0.36000000000000004,6,4,4,8,21,3.6,Medium,Near,Yes,Medium,Female,Medium,Yes,No,Medium,College,Medium,Positive,In Relationship,Public,Medium,68
3839,71,18,84,2,2,0.58,6,8,8,6,20,5.8,Medium,Near,No,Medium,Male,Medium,Yes,No,Medium,Postgraduate,Medium,Neutral,In Relationship,Public,Low,65
3840,85,16,87,4,3,0.71,8,7,7,6,21,7.1,Medium,Far,No,Low,Male,Medium,Yes,No,High,High School,Medium,Negative,Single,Private,Medium,67
3841,99,16,76,2,4,0.37000000000000005,6,4,4,8,22,3.7,Medium,Near,No,Medium,Female,High,Yes,No,Low,College,Medium,Positive,In Relationship,Private,Medium,70
3842,64,26,91,1,4,0.8800000000000001,6,4,4,8,20,2.2,High,Moderate,No,Low,Male,High,Yes,No,Medium,High School,Medium,Neutral,Single,Private,Medium,66
3843,68,12,88,3,3,1.8800000000000001,8,5,5,7,19,4.7,High,Moderate,No,Low,Female,Medium,Yes,No,High,Postgraduate,Medium,Negative,In Relationship,Public,Medium,64
3844,79,30,60,1,3,3.12,9,9,9,5,20,7.8,High,Near,No,Low,Female,Medium,Yes,No,Medium,High School,Medium,Neutral,In Relationship,Public,Medium,69
3845,99,25,70,1,5,1.56,10,6,6,7,21,3.9,Medium,Far,No,Medium,Female,High,Yes,No,Medium,College,Low,Positive,Complicated,Public,Medium,71
3846,91,27,57,0,4,2.7600000000000002,8,8,8,5,21,6.9,Low,Moderate,No,Low,Male,High,Yes,No,Medium,Postgraduate,Medium,Neutral,Single,Private,Low,68
3847,96,17,57,2,3,2.3600000000000003,7,8,8,6,20,5.9,Medium,Moderate,No,Medium,Female,Medium,Yes,No,Low,College,High,Negative,Single,Private,Medium,68
3848,73,19,86,0,3,2.32,9,7,7,6,21,5.8,Medium,Near,Yes,Medium,Female,Medium,Yes,No,High,College,Low,Positive,Single,Public,High,66
3849,100,11,77,2,3,2.68,9,8,8,4,19,6.7,High,Near,No,Medium,Female,Medium,Yes,No,Medium,Postgraduate,Low,Positive,Single,Public,High,70
3850,64,17,80,0,2,0.37000000000000005,8,6,6,7,21,3.7,High,Near,No,High,Female,Medium,Yes,No,Medium,Postgraduate,Medium,Positive,Single,Public,High,65
3851,62,23,87,1,4,1.8,5,7,7,6,21,4.5,Low,Near,Yes,Medium,Female,High,Yes,No,Medium,High School,Medium,Negative,Complicated,Public,Medium,63
3852,94,28,64,0,3,0.45999999999999996,9,7,7,6,20,4.6,Medium,Moderate,Yes,Medium,Female,Medium,Yes,No,Medium,High School,Low,Neutral,In Relationship,Public,Medium,70
3853,97,13,70,0,2,0.41,8,5,5,7,22,4.1,Medium,Moderate,Yes,High,Female,Medium,Yes,No,Medium,Postgraduate,Low,Neutral,Single,Private,Medium,67
3854,64,18,80,1,5,1.6800000000000002,6,7,7,6,19,4.2,Medium,Near,No,Medium,Male,High,Yes,Yes,Medium,High School,Medium,Positive,Single,Public,Medium,63
3855,65,19,55,1,3,2.32,6,8,8,5,20,5.8,Medium,Moderate,No,Low,Male,Medium,Yes,No,Medium,Postgraduate,High,Positive,Single,Public,High,64
3856,61,12,92,2,4,0.38,8,5,5,7,22,3.8,Medium,Moderate,Yes,High,Male,High,Yes,Yes,Medium,High School,Low,Neutral,Single,Public,Medium,60
3857,64,24,67,0,1,0.48,4,5,5,7,24,4.8,Medium,Near,Yes,Low,Male,Low,Yes,No,Low,High School,Medium,Neutral,In Relationship,Public,Medium,62
3858,68,16,83,2,2,0.44000000000000006,7,5,5,7,22,4.4,High,Near,No,Low,Female,Medium,Yes,No,High,High School,Medium,Positive,In Relationship,Public,High,65
3859,99,19,100,0,3,1.6800000000000002,6,8,8,5,20,4.2,Low,Near,No,High,Male,Medium,Yes,No,Medium,Postgraduate,Low,Negative,In Relationship,Private,Low,69
3860,87,17,74,1,3,1.7600000000000002,6,5,5,7,20,4.4,High,Moderate,Yes,Low,Female,Medium,Yes,No,Low,College,Medium,Neutral,Single,Private,High,68
3861,91,15,61,1,2,0.5,6,5,5,7,20,5,Medium,Moderate,No,Medium,Male,Medium,No,No,Medium,High School,Medium,Positive,Single,Public,High,66
3862,91,20,61,4,2,1.8399999999999999,5,7,7,5,21,4.6,High,Near,Yes,Low,Male,Medium,Yes,No,Low,Postgraduate,High,Positive,In Relationship,Public,Medium,72
3863,81,19,53,2,3,0.41,9,4,4,8,21,4.1,High,Near,Yes,High,Male,Medium,Yes,No,Medium,High School,Medium,Positive,In Relationship,Public,Medium,68
3864,92,18,88,3,2,2.84,4,8,8,5,20,7.1,Medium,Moderate,No,High,Male,Medium,Yes,No,Medium,High School,Medium,Neutral,In Relationship,Public,Medium,69
3865,84,16,65,1,3,1.6800000000000002,7,7,7,6,22,4.2,Medium,Moderate,No,High,Male,Medium,Yes,No,Low,High School,Medium,Negative,Single,Public,High,65
3866,73,22,59,0,1,2.4800000000000004,6,8,8,5,23,6.2,Medium,Near,Yes,Low,Male,Low,Yes,No,Low,High School,High,Positive,Single,Public,Medium,65
3867,82,30,86,2,4,0.48,10,5,5,7,24,4.8,Medium,Near,Yes,Low,Female,High,Yes,No,Low,High School,Low,Neutral,In Relationship,Public,High,70
3868,81,21,65,1,2,1.4000000000000001,7,5,5,7,19,3.5,Low,Moderate,Yes,Medium,Male,Medium,Yes,No,High,College,Medium,Positive,Single,Public,Medium,67
3869,93,26,80,4,3,1.72,4,5,5,7,19,4.3,Medium,Near,No,Low,Male,Medium,Yes,Yes,Medium,College,High,Positive,In Relationship,Private,Medium,73
3870,99,12,71,2,2,1.56,8,7,7,6,20,3.9,High,Near,No,Medium,Female,Medium,Yes,No,Medium,College,High,Neutral,Single,Public,Low,70
3871,76,21,67,1,3,0.43,5,4,4,8,20,4.3,Medium,Moderate,Yes,High,Male,Medium,Yes,No,Medium,High School,Medium,Positive,Single,Private,Low,66
3872,91,13,74,1,1,1.92,8,7,7,5,19,4.8,Medium,Near,Yes,Low,Male,Low,Yes,No,Medium,Postgraduate,Medium,Positive,Single,Private,Medium,68
3873,64,11,66,2,2,1.32,8,4,4,7,21,3.3,Medium,Moderate,Yes,Low,Male,Medium,Yes,No,Medium,College,Medium,Positive,In Relationship,Public,Medium,61
3874,91,16,94,0,3,0.33,9,3,3,8,19,3.3,High,Near,No,High,Male,Medium,Yes,No,Low,Postgraduate,Medium,Positive,Single,Public,Medium,70
3875,75,27,54,2,3,0.67,7,7,7,6,21,6.7,Low,Near,Yes,Medium,Female,Medium,Yes,No,Low,Postgraduate,Medium,Negative,Single,Public,Medium,66
3876,62,26,52,4,5,0.48,8,5,5,7,20,4.8,Medium,Near,Yes,Low,Male,High,Yes,No,Medium,College,High,Neutral,In Relationship,Public,Medium,67
3877,75,21,70,1,3,1.92,7,5,5,7,21,4.8,High,Near,No,Medium,Female,Medium,Yes,No,High,Postgraduate,High,Neutral,In Relationship,Private,High,69
3878,84,11,59,2,3,0.5900000000000001,6,7,7,6,21,5.9,Low,Near,Yes,Medium,Female,Medium,Yes,No,Low,High School,Medium,Positive,Single,Public,Medium,64
3879,65,19,87,0,2,1.1199999999999999,9,5,5,7,20,2.8,Medium,Moderate,Yes,High,Male,Medium,Yes,No,Low,College,High,Positive,In Relationship,Public,High,65
3880,97,22,68,7,5,0.51,5,8,8,5,22,5.1,Medium,Near,Yes,Medium,Female,High,Yes,No,Low,College,High,Negative,Single,Private,High,75
3881,63,21,63,2,2,1.72,7,5,5,7,23,4.3,Medium,Far,No,Medium,Male,Medium,Yes,No,Medium,High School,High,Neutral,In Relationship,Public,Medium,63
3882,97,9,68,5,3,0.55,6,7,7,6,24,5.5,Medium,Near,No,Medium,Male,Medium,Yes,No,Low,College,High,Neutral,In Relationship,Private,Medium,69
3883,88,15,61,2,4,2.52,8,8,8,5,22,6.3,High,Near,Yes,Medium,Male,High,Yes,Yes,Low,High School,Medium,Positive,Single,Public,High,68
3884,73,20,65,2,2,2.72,6,9,9,5,20,6.8,Low,Near,Yes,High,Male,Medium,Yes,No,Medium,College,Medium,Positive,In Relationship,Private,High,66
3885,76,23,78,2,2,0.66,6,8,8,5,22,6.6,Medium,Moderate,Yes,High,Female,Medium,Yes,No,Low,High School,Low,Positive,In Relationship,Public,Medium,66
3886,90,7,93,4,3,0.6400000000000001,7,8,8,5,22,6.4,Medium,Near,Yes,Medium,Male,Medium,Yes,No,Low,College,Low,Neutral,Single,Public,Medium,66
3887,84,19,69,2,4,1.8800000000000001,9,5,5,7,19,4.7,Medium,Near,Yes,Medium,Female,High,Yes,No,Medium,College,Medium,Neutral,In Relationship,Public,Low,68
3888,87,21,66,1,2,2.3600000000000003,6,7,7,6,19,5.9,Medium,Moderate,Yes,Low,Female,Medium,Yes,No,Medium,High School,Low,Negative,Single,Public,Low,65
3889,76,25,89,3,3,2.16,6,7,7,6,22,5.4,High,Near,No,Low,Male,Medium,Yes,No,High,College,Medium,Neutral,In Relationship,Public,Medium,70
3890,80,24,51,3,2,2.8000000000000003,5,9,9,4,24,7,High,Near,No,High,Female,Medium,Yes,No,Medium,High School,Medium,Positive,Single,Public,Low,68
3891,100,23,65,1,2,1.6800000000000002,6,5,5,7,20,4.2,Medium,Near,No,Medium,Female,Medium,Yes,Yes,Low,High School,Medium,Neutral,In Relationship,Public,High,70
3892,69,15,73,2,2,2.4800000000000004,8,8,8,5,23,6.2,Medium,Moderate,No,Medium,Male,Medium,Yes,No,Medium,High School,Low,Neutral,Single,Public,Medium,61
3893,77,9,80,3,3,0.2,7,3,3,8,24,2,Low,Near,No,Medium,Male,Medium,Yes,Yes,Medium,High School,Low,Positive,Single,Public,Medium,61
3894,72,18,58,6,0,2.16,7,7,7,5,21,5.4,High,Moderate,No,Low,Male,Low,Yes,No,Low,High School,Low,Positive,Single,Public,Medium,64
3895,91,26,72,4,3,2.68,10,9,9,4,21,6.7,Medium,Moderate,No,High,Male,Medium,Yes,No,Low,College,Low,Neutral,Single,Public,Medium,71
3896,91,28,78,1,3,1.92,4,5,5,8,19,4.8,Medium,Moderate,Yes,Medium,Male,Medium,Yes,No,Low,High School,High,Positive,Single,Public,Low,72
3897,72,24,76,1,3,2.8000000000000003,10,9,9,4,19,7,High,Near,Yes,Low,Male,Medium,No,No,High,High School,Medium,Negative,Single,Public,Medium,66
3898,63,23,79,0,4,0.29,9,5,5,7,22,2.9,Medium,Far,Yes,Low,Female,High,Yes,No,High,High School,Medium,Negative,In Relationship,Private,Medium,63
3899,60,22,83,3,1,1.92,7,7,7,6,19,4.8,Low,Near,No,Medium,Female,Low,No,No,Medium,College,Low,Positive,Single,Public,Medium,62
3900,77,17,69,3,3,0.58,8,8,8,5,22,5.8,Medium,Near,Yes,High,Male,Medium,Yes,Yes,Low,High School,Medium,Neutral,In Relationship,Public,Medium,65
3901,76,19,53,2,5,2.2,6,8,8,5,22,5.5,Medium,Near,Yes,Medium,Male,High,Yes,No,Medium,High School,Medium,Positive,Single,Public,Medium,66
3902,100,30,53,2,3,0.27999999999999997,7,4,4,8,23,2.8,High,Moderate,No,Low,Male,Medium,Yes,No,Medium,High School,Low,Neutral,In Relationship,Private,High,72
3903,79,14,93,2,3,1.92,10,7,7,6,21,4.8,Medium,Near,Yes,Medium,Male,Medium,Yes,No,Medium,College,High,Neutral,In Relationship,Public,Medium,68
3904,70,30,84,2,3,0.66,6,8,8,5,22,6.6,Low,Near,No,Medium,Male,Medium,Yes,No,High,Postgraduate,High,Positive,In Relationship,Public,Medium,70
3905,96,18,88,1,3,0.55,7,7,7,6,20,5.5,Medium,Moderate,Yes,Medium,Female,Medium,Yes,No,Medium,High School,Medium,Negative,In Relationship,Private,High,70
3906,80,28,96,2,6,2.08,6,8,8,5,21,5.2,High,Near,No,Low,Male,High,Yes,No,High,High School,Medium,Positive,In Relationship,Public,Medium,73
3907,84,12,88,2,2,0.42000000000000004,6,6,6,6,20,4.2,High,Near,No,High,Male,Medium,No,No,High,High School,Medium,Positive,Single,Public,High,67
3908,64,24,85,3,2,0.22999999999999998,6,4,4,8,24,2.3,Low,Moderate,No,Medium,Male,Medium,Yes,No,Medium,Postgraduate,Medium,Positive,In Relationship,Public,Medium,65
3909,75,16,83,1,3,0.29,5,5,5,7,22,2.9,Low,Moderate,Yes,Medium,Female,Medium,Yes,No,Medium,College,High,Negative,Complicated,Private,High,65
3910,98,12,63,0,3,2.4000000000000004,7,8,8,6,19,6,Medium,Near,No,High,Female,Medium,Yes,Yes,Medium,High School,Low,Neutral,Single,Private,Medium,65
3911,84,21,98,0,4,1.7600000000000002,7,7,7,6,19,4.4,Medium,Near,Yes,Medium,Male,High,Yes,No,Medium,College,Medium,Neutral,Single,Public,Medium,70
3912,74,26,77,3,2,2.04,6,7,7,6,21,5.1,Low,Far,Yes,Medium,Male,Medium,Yes,No,Medium,High School,Medium,Negative,Single,Private,Medium,66
3913,85,15,61,0,1,0.61,4,8,8,5,21,6.1,Medium,Near,Yes,Medium,Male,Low,Yes,No,Medium,College,Medium,Neutral,In Relationship,Public,Low,65
3914,96,11,60,2,1,2.08,7,6,6,6,23,5.2,High,Near,No,Low,Male,Low,Yes,No,Medium,High School,High,Neutral,In Relationship,Public,Medium,68
3915,71,19,91,3,1,0.4,7,4,4,8,22,4,Medium,Moderate,Yes,High,Female,Low,Yes,No,Medium,High School,Medium,Negative,In Relationship,Public,Medium,66
3916,80,19,63,1,2,2.72,10,9,9,4,19,6.8,Medium,Near,Yes,Medium,Female,Medium,No,No,High,College,Low,Neutral,Single,Public,Medium,65
3917,98,23,52,2,4,2.68,7,8,8,5,21,6.7,High,Near,Yes,Low,Female,High,Yes,Yes,Low,High School,Medium,Positive,Single,Private,High,71
3918,67,26,71,2,3,1.8399999999999999,8,7,7,6,20,4.6,Medium,Near,Yes,High,Male,Medium,Yes,No,Medium,High School,Low,Negative,Single,Private,Medium,65
3919,89,20,91,0,4,2.64,6,8,8,5,24,6.6,Medium,Near,Yes,Medium,Male,High,Yes,No,High,College,Low,Positive,Single,Private,Medium,70
3920,85,31,71,0,2,2.12,9,8,8,5,21,5.3,Medium,Moderate,Yes,Medium,Female,Medium,Yes,Yes,Low,College,Medium,Negative,In Relationship,Public,High,69
3921,87,21,90,3,4,1.64,6,6,6,7,20,4.1,Medium,Near,No,High,Male,High,Yes,No,High,High School,Medium,Negative,Single,Public,Medium,71
3922,74,18,91,0,2,0.26,8,4,4,8,23,2.6,High,Near,Yes,Medium,Female,Medium,Yes,No,Medium,High School,Medium,Positive,In Relationship,Private,High,67
3923,73,10,93,3,2,0.6200000000000001,8,8,8,5,22,6.2,Medium,Moderate,Yes,Low,Male,Medium,Yes,Yes,High,High School,Medium,Positive,Single,Public,Medium,64
3924,87,18,79,1,4,2.44,8,8,8,6,20,6.1,Low,Near,No,Low,Male,High,Yes,No,High,College,Low,Negative,Single,Public,High,82
3925,69,18,85,2,0,1.64,10,5,5,7,20,4.1,High,Moderate,Yes,High,Female,Low,Yes,No,Medium,College,Medium,Positive,Single,Private,Medium,66
3926,77,26,63,1,4,2.72,6,9,9,5,20,6.8,Medium,Near,Yes,Low,Male,High,Yes,No,Low,High School,Low,Negative,In Relationship,Public,High,66
3927,68,23,55,1,3,1.92,9,7,7,6,21,4.8,Medium,Moderate,Yes,Medium,Male,Medium,Yes,No,Medium,High School,High,Positive,In Relationship,Public,Medium,65
3928,60,13,77,2,5,0.4,9,5,5,7,22,4,Medium,Near,No,Medium,Male,High,Yes,Yes,Low,High School,Medium,Positive,In Relationship,Private,High,61
3929,99,21,51,2,2,0.53,7,7,7,6,23,5.3,High,Near,No,Medium,Female,Medium,Yes,No,High,Postgraduate,Medium,Neutral,In Relationship,Private,Low,72
3930,77,24,73,3,3,1.2400000000000002,10,4,4,8,19,3.1,Medium,Near,Yes,Medium,Male,Medium,Yes,No,Medium,High School,High,Positive,Single,Public,Medium,70
3931,99,29,55,0,3,0.26,7,4,4,8,21,2.6,Medium,Moderate,Yes,Medium,Male,Medium,Yes,No,Low,High School,Medium,Positive,In Relationship,Private,Medium,71
3932,66,25,55,4,2,2,7,8,8,5,20,5,Medium,Moderate,Yes,Medium,Female,Medium,Yes,Yes,Medium,High School,High,Neutral,In Relationship,Public,Medium,84
3933,83,25,94,2,3,0.27,7,4,4,8,22,2.7,High,Moderate,Yes,Low,Male,Medium,Yes,Yes,Low,College,High,Positive,In Relationship,Public,High,72
3934,68,20,82,1,3,1.52,5,5,5,7,20,3.8,High,Near,Yes,Low,Female,Medium,No,No,Medium,Postgraduate,Medium,Positive,In Relationship,Public,High,67
3935,92,22,82,2,5,0.55,8,7,7,6,20,5.5,Low,Near,No,Medium,Male,High,Yes,No,Medium,Postgraduate,High,Neutral,In Relationship,Private,Medium,72
3936,91,27,70,1,6,0.26,8,4,4,8,23,2.6,High,Moderate,Yes,Medium,Female,High,Yes,No,Low,High School,Low,Neutral,In Relationship,Public,Low,70
3937,65,12,71,1,4,2.6,7,9,9,5,19,6.5,High,Moderate,No,Low,Male,High,Yes,No,Medium,High School,Medium,Neutral,Single,Public,High,62
3938,96,18,65,3,2,1.32,10,4,4,8,19,3.3,Medium,Moderate,Yes,Medium,Female,Medium,Yes,No,Low,College,High,Positive,Single,Public,Medium,71
3939,68,15,72,3,3,0.6000000000000001,6,7,7,6,22,6,Medium,Near,No,High,Female,Medium,Yes,No,Low,High School,Low,Neutral,Single,Public,Low,62
3940,85,22,79,1,3,1.8,4,8,8,5,19,4.5,Medium,Near,Yes,Low,Female,Medium,Yes,No,Low,High School,Medium,Positive,Single,Public,Low,68
3941,99,27,59,2,3,2.32,10,7,7,6,21,5.8,Medium,Near,No,Low,Male,Medium,Yes,No,High,High School,High,Positive,In Relationship,Public,Medium,74
3942,95,16,63,0,3,2.44,9,8,8,5,23,6.1,High,Near,No,Medium,Male,Medium,No,No,Medium,High School,High,Positive,Single,Private,Low,68
3943,98,6,75,1,3,0.37000000000000005,8,5,5,7,21,3.7,Low,Far,No,High,Female,Medium,Yes,Yes,Medium,Postgraduate,Medium,Neutral,Single,Public,Medium,64
3944,74,18,69,0,4,0.75,6,8,8,5,21,7.5,Medium,Moderate,Yes,Low,Male,High,Yes,No,Medium,High School,High,Positive,In Relationship,Public,Medium,65
3945,64,25,91,1,5,2.04,8,7,7,6,19,5.1,Low,Near,Yes,Low,Male,High,Yes,No,Medium,College,Medium,Positive,Single,Public,Low,66
3946,68,23,91,5,1,0.96,5,4,4,8,20,2.4,High,Near,No,Low,Female,Low,Yes,No,Low,College,Medium,Neutral,Single,Public,Medium,68
3947,80,23,67,2,4,1.8,7,5,5,7,20,4.5,Medium,Near,No,Low,Male,High,Yes,No,Low,High School,Medium,Neutral,Single,Public,High,67
3948,92,18,73,1,5,1.6800000000000002,6,7,7,6,19,4.2,Medium,Moderate,Yes,Medium,Female,High,Yes,Yes,Low,High School,Medium,Neutral,Single,Public,High,67
3949,66,12,99,2,3,2.8800000000000003,7,9,9,5,20,7.2,High,Moderate,Yes,Medium,Male,Medium,Yes,No,Low,High School,Medium,Neutral,In Relationship,Public,Low,63
3950,86,23,91,2,1,1.4400000000000002,8,4,4,8,22,3.6,High,Near,Yes,Low,Female,Low,Yes,No,Medium,College,Medium,Negative,Single,Public,Medium,71
3951,73,15,61,1,2,0.45999999999999996,5,6,6,6,20,4.6,High,Moderate,No,Low,Male,Medium,No,No,Low,Postgraduate,Medium,Positive,Single,Private,High,63
3952,74,33,64,0,3,1.8,8,7,7,6,20,4.5,Low,Near,No,Medium,Male,Medium,Yes,Yes,Medium,High School,Medium,Negative,Single,Public,Medium,66
3953,86,23,54,2,2,0.47000000000000003,7,5,5,7,19,4.7,Medium,Near,No,Medium,Female,Medium,Yes,Yes,Low,High School,High,Negative,Single,Public,Medium,67
3954,79,17,84,0,2,1.8800000000000001,8,7,7,5,22,4.7,High,Moderate,Yes,Medium,Male,Medium,Yes,No,Medium,High School,Medium,Neutral,In Relationship,Public,Medium,66
3955,92,16,66,2,4,0.58,7,7,7,6,22,5.8,Medium,Moderate,Yes,Medium,Female,High,Yes,No,High,Postgraduate,Medium,Positive,Single,Public,Medium,70
3956,66,19,77,3,4,0.58,8,7,7,6,22,5.8,Medium,Moderate,No,Medium,Female,High,No,No,Low,College,High,Negative,Single,Public,Medium,64
3957,92,19,88,1,2,1.2000000000000002,6,4,4,7,18,3,Medium,Near,Yes,High,Male,Medium,Yes,No,Low,Postgraduate,Medium,Positive,Single,Public,Medium,71
3958,63,27,92,0,3,2.08,4,7,7,5,21,5.2,High,Near,Yes,Low,Female,Medium,Yes,No,Medium,College,High,Neutral,Single,Public,Medium,68
3959,68,21,66,2,3,1.52,5,6,6,7,19,3.8,Medium,Near,Yes,High,Male,Medium,Yes,No,Low,High School,Low,Neutral,Single,Private,Medium,64
3960,86,16,62,1,4,1.4800000000000002,6,7,7,6,20,3.7,Medium,Near,Yes,Low,Female,High,Yes,No,Low,High School,Medium,Positive,Single,Public,High,66
3961,94,31,92,1,4,2.32,5,8,8,6,19,5.8,Medium,Near,No,High,Male,High,Yes,No,Low,High School,Low,Neutral,Single,Private,Low,72
3962,70,20,69,2,3,1.56,9,4,4,8,22,3.9,Medium,Near,Yes,Medium,Female,Medium,Yes,No,High,Postgraduate,Low,Neutral,Single,Public,High,66
3963,73,25,91,0,4,0.55,7,7,7,6,20,5.5,High,Near,Yes,Medium,Female,High,Yes,No,Medium,High School,Medium,Neutral,In Relationship,Public,High,70
3964,81,16,57,1,2,0.44000000000000006,8,5,5,7,20,4.4,Medium,Near,Yes,Medium,Male,Medium,Yes,No,High,High School,Medium,Positive,In Relationship,Private,Medium,66
3965,68,22,96,1,3,2.52,8,8,8,5,21,6.3,Medium,Moderate,No,Medium,Female,Medium,Yes,No,Medium,Postgraduate,High,Positive,Single,Public,Medium,68
3966,92,22,74,2,4,0.54,7,7,7,6,21,5.4,Low,Moderate,Yes,Medium,Male,High,Yes,No,High,College,Medium,Positive,In Relationship,Public,Low,70
3967,91,9,59,0,2,2.32,10,8,8,6,19,5.8,Medium,Moderate,No,Low,Male,Medium,Yes,No,High,College,Medium,Positive,Single,Private,Medium,64
3968,66,32,77,3,1,1.8800000000000001,10,5,5,7,19,4.7,High,Near,Yes,Medium,Male,Low,Yes,No,High,College,High,Neutral,In Relationship,Public,Medium,71
3969,79,28,94,2,5,0.68,9,8,8,5,19,6.8,High,Near,Yes,Low,Male,High,Yes,No,Low,College,Medium,Positive,In Relationship,Private,Medium,72
3970,91,18,69,5,2,0.6200000000000001,6,8,8,5,22,6.2,Medium,Near,Yes,Low,Male,Medium,Yes,No,Medium,High School,High,Positive,Single,Public,High,71
3971,73,13,59,0,4,0.61,9,7,7,6,21,6.1,Low,Near,No,Medium,Male,High,Yes,No,Medium,Postgraduate,Medium,Neutral,Single,Public,High,63
3972,85,22,79,1,2,2.2,4,7,7,6,21,5.5,Medium,Near,Yes,High,Male,Medium,Yes,No,Medium,College,Low,Positive,Single,Public,Low,68
3973,62,21,92,1,4,2.84,9,9,9,5,19,7.1,Medium,Near,No,Medium,Male,High,Yes,Yes,Medium,High School,Medium,Positive,In Relationship,Private,Medium,63
3974,84,22,56,0,2,0.47000000000000003,4,5,5,7,24,4.7,Medium,Moderate,No,High,Male,Medium,Yes,No,Medium,High School,Medium,Positive,In Relationship,Private,Low,66
3975,66,21,52,1,3,0.6200000000000001,7,8,8,5,24,6.2,Medium,Far,Yes,Medium,Female,Medium,Yes,No,High,High School,Medium,Neutral,Single,Public,Medium,63
3976,93,23,53,1,4,1.8,9,7,7,6,20,4.5,High,Near,No,Low,Female,High,Yes,No,High,College,High,Neutral,Single,Private,Medium,72
3977,74,29,62,3,3,2.44,8,8,8,5,23,6.1,High,Moderate,Yes,Low,Male,Medium,Yes,Yes,High,Postgraduate,Medium,Positive,Single,Public,High,70
3978,71,23,50,1,1,0.5599999999999999,5,8,8,5,18,5.6,Medium,Near,Yes,Low,Female,Low,Yes,No,Medium,College,Medium,Positive,Single,Public,High,65
3979,94,14,71,0,3,2.84,7,9,9,4,19,7.1,High,Moderate,Yes,Medium,Female,Medium,Yes,Yes,Medium,College,Medium,Negative,Single,Private,Medium,67
3980,62,28,85,2,3,1.56,8,7,7,5,22,3.9,High,Moderate,No,Low,Female,Medium,Yes,No,Medium,High School,Low,Positive,In Relationship,Public,High,66
3981,76,30,86,1,2,2.08,7,7,7,6,20,5.2,Medium,Far,Yes,Medium,Male,Medium,Yes,Yes,Medium,Postgraduate,Medium,Neutral,Single,Public,High,69
3982,75,39,82,1,3,0.6400000000000001,6,8,8,5,22,6.4,High,Near,Yes,High,Male,Medium,Yes,No,High,College,Medium,Negative,In Relationship,Public,Low,73
3983,71,13,65,2,4,0.45999999999999996,8,5,5,7,21,4.6,High,Near,Yes,Medium,Female,High,Yes,No,High,Postgraduate,Medium,Neutral,In Relationship,Public,Medium,66
3984,96,21,87,0,6,0.38,9,4,4,8,21,3.8,Medium,Near,Yes,Medium,Female,High,Yes,Yes,Medium,High School,Medium,Neutral,In Relationship,Public,Medium,70
3985,90,8,79,2,4,2.4800000000000004,7,9,9,5,19,6.2,High,Near,No,Low,Male,High,Yes,No,High,College,High,Negative,In Relationship,Public,Medium,68
3986,63,23,93,2,2,2.44,9,7,7,6,20,6.1,Medium,Far,Yes,Medium,Male,Medium,Yes,No,Medium,High School,Low,Positive,Single,Private,High,65
3987,89,17,74,1,2,1.7600000000000002,7,7,7,6,22,4.4,Medium,Moderate,No,Low,Female,Medium,Yes,No,Medium,Postgraduate,Medium,Positive,Single,Private,Medium,67
3988,81,32,59,2,2,2.2399999999999998,6,8,8,6,19,5.6,Medium,Moderate,No,High,Female,Medium,Yes,No,High,High School,High,Neutral,Single,Public,Medium,71
3989,96,15,82,2,3,1.8800000000000001,9,6,6,7,20,4.7,High,Near,No,Low,Female,Medium,Yes,No,Medium,High School,High,Neutral,Single,Private,Low,70
3990,73,10,58,5,3,2,9,7,7,5,21,5,Low,Moderate,Yes,Low,Male,Medium,Yes,No,Low,High School,Medium,Negative,Single,Private,Medium,61
3991,83,17,98,0,3,0.41,6,5,5,7,21,4.1,Medium,Near,Yes,Medium,Male,Medium,Yes,No,Medium,High School,High,Positive,In Relationship,Public,Medium,69
3992,80,8,85,1,3,2.72,6,9,9,4,23,6.8,Medium,Near,Yes,Low,Male,Medium,Yes,No,Medium,Postgraduate,Low,Negative,Single,Public,High,63
3993,80,25,88,0,2,2.72,10,8,8,5,19,6.8,Medium,Moderate,Yes,Low,Male,Medium,Yes,No,Low,College,Medium,Negative,In Relationship,Private,High,67
3994,78,8,84,0,2,2.32,7,7,7,6,21,5.8,Medium,Near,Yes,Medium,Male,Medium,Yes,No,Medium,College,High,Positive,In Relationship,Public,Medium,65
3995,68,20,55,0,3,1.72,7,7,7,6,20,4.3,Medium,Near,Yes,Low,Female,Medium,Yes,Yes,High,High School,High,Positive,Single,Public,Low,63
3996,90,8,73,3,4,1.6,7,7,7,5,21,4,Medium,Near,No,High,Male,High,Yes,No,High,Postgraduate,Medium,Negative,In Relationship,Private,Low,67
3997,78,18,83,2,2,1.8399999999999999,9,7,7,5,19,4.6,High,Moderate,Yes,Low,Female,Medium,Yes,No,Medium,Postgraduate,Low,Negative,Single,Private,Medium,66
3998,98,30,61,0,3,0.34,10,4,4,8,21,3.4,Medium,Moderate,Yes,Low,Male,Medium,Yes,No,Medium,Postgraduate,Low,Positive,In Relationship,Public,Medium,72
3999,70,22,84,3,5,1.52,7,7,7,6,22,3.8,High,Near,No,Low,Male,High,Yes,No,Low,High School,Medium,Positive,Single,Public,High,68
4000,87,15,91,1,4,1.6,10,5,5,7,20,4,Medium,Moderate,Yes,Low,Male,High,Yes,No,Medium,High School,High,Neutral,In Relationship,Public,Low,67
4001,98,20,64,1,3,1.92,6,7,7,6,19,4.8,Medium,Moderate,Yes,High,Male,Medium,Yes,No,Medium,Postgraduate,Medium,Positive,In Relationship,Private,High,72
4002,87,20,60,0,2,2.2800000000000002,7,7,7,6,20,5.7,High,Far,Yes,Low,Female,Medium,Yes,Yes,Medium,High School,Medium,Positive,Single,Public,Medium,66
4003,95,23,94,1,4,0.4,8,5,5,7,22,4,Medium,Near,Yes,Medium,Male,High,Yes,No,Medium,High School,Medium,Positive,Single,Public,Medium,73
4004,93,12,50,4,3,1.8800000000000001,6,6,6,7,22,4.7,High,Moderate,Yes,High,Male,Medium,Yes,No,Low,Postgraduate,High,Positive,In Relationship,Public,High,71
4005,74,24,63,1,3,0.25,8,4,4,8,23,2.5,Low,Moderate,Yes,Low,Male,Medium,Yes,No,High,High School,Low,Positive,In Relationship,Public,High,65
4006,84,4,70,5,4,0.43,6,5,5,7,19,4.3,Medium,Near,Yes,Medium,Male,High,Yes,No,Medium,High School,Medium,Neutral,Single,Private,High,65
4007,66,16,84,2,3,1.8800000000000001,5,7,7,6,21,4.7,Medium,Near,Yes,Medium,Female,Medium,Yes,No,Medium,High School,High,Neutral,Single,Private,Medium,65
4008,81,17,100,2,2,2.68,4,8,8,5,21,6.7,Medium,Near,Yes,Medium,Male,Medium,Yes,No,Low,College,Medium,Neutral,Single,Private,High,68
4009,69,24,69,7,3,0.37000000000000005,7,4,4,8,22,3.7,Medium,Near,No,High,Female,Medium,No,No,Medium,College,High,Positive,In Relationship,Public,Medium,70
4010,90,20,97,1,2,2.44,8,7,7,5,20,6.1,Low,Near,Yes,Medium,Female,Medium,Yes,No,Low,High School,Medium,Neutral,Single,Private,Low,68
4011,81,12,68,0,2,1.92,5,8,8,6,21,4.8,Medium,Near,Yes,Low,Male,Medium,Yes,No,High,High School,Low,Negative,In Relationship,Private,High,62
4012,76,14,85,3,3,0.48,7,7,7,6,20,4.8,Medium,Near,No,Low,Male,Medium,Yes,No,High,College,Medium,Neutral,In Relationship,Private,Medium,66
4013,71,21,58,3,5,1.4800000000000002,7,6,6,7,20,3.7,Medium,Near,No,Low,Female,High,Yes,No,Low,College,Medium,Negative,Single,Public,Medium,65
4014,100,20,73,1,4,0.48,7,6,6,7,21,4.8,Medium,Near,Yes,Low,Female,High,Yes,No,Medium,College,Medium,Neutral,In Relationship,Public,Medium,71
4015,63,17,94,0,2,0.54,6,7,7,6,21,5.4,Medium,Moderate,No,Medium,Male,Medium,Yes,No,Low,High School,Medium,Negative,In Relationship,Public,Medium,61
4016,62,17,66,2,4,0.6000000000000001,7,7,7,6,19,6,Medium,Moderate,No,High,Male,High,Yes,No,High,High School,Medium,Neutral,Single,Public,Medium,63
4017,69,24,55,3,4,2.72,7,9,9,4,19,6.8,High,Near,Yes,Medium,Male,High,Yes,No,Low,High School,Medium,Neutral,Single,Public,High,67
4018,99,17,76,2,4,1.52,8,7,7,6,22,3.8,Medium,Near,No,High,Male,High,No,No,Low,Postgraduate,Medium,Positive,Single,Public,Medium,70
4019,99,19,72,3,4,1.32,5,4,4,7,21,3.3,Medium,Near,Yes,Medium,Male,High,Yes,No,Low,Postgraduate,Medium,Neutral,In Relationship,Private,High,73
4020,86,33,61,1,3,2.04,7,7,7,6,19,5.1,Medium,Near,No,High,Male,Medium,Yes,No,Medium,High School,Medium,Positive,Single,Public,Medium,72
4021,95,11,95,1,3,1.72,5,6,6,7,22,4.3,Medium,Near,Yes,Low,Male,Medium,Yes,No,Low,Postgraduate,Medium,Positive,Single,Public,High,69
4022,69,9,80,1,3,1.7600000000000002,7,7,7,6,22,4.4,Medium,Moderate,Yes,Medium,Male,Medium,Yes,No,Medium,College,Low,Neutral,Single,Private,Medium,61
4023,99,25,67,1,3,2.44,5,8,8,5,20,6.1,Medium,Near,No,Low,Male,Medium,Yes,No,Medium,High School,Medium,Neutral,Single,Public,High,71
4024,66,16,100,1,3,0.43,6,8,8,5,22,4.3,Medium,Moderate,Yes,Medium,Female,Medium,Yes,No,Medium,High School,Medium,Neutral,Single,Public,Medium,64
4025,64,18,57,1,3,0.5700000000000001,7,7,7,6,22,5.7,Medium,Moderate,Yes,High,Male,Medium,Yes,No,Medium,High School,Low,Neutral,In Relationship,Public,Medium,61
4026,64,15,92,3,4,0.25,6,4,4,8,23,2.5,Medium,Near,No,Low,Female,High,Yes,No,Low,College,Medium,Negative,Single,Public,Medium,63
4027,83,18,62,2,2,1.8,9,7,7,5,20,4.5,Low,Near,Yes,Low,Male,Medium,Yes,No,High,High School,Medium,Negative,Single,Public,Medium,65
4028,91,30,62,3,4,1.2800000000000002,9,4,4,8,20,3.2,Medium,Near,No,Low,Female,High,Yes,No,Low,Postgraduate,High,Negative,Single,Public,High,73
4029,75,25,75,2,4,0.30000000000000004,8,4,4,8,21,3,Low,Near,Yes,High,Male,High,Yes,Yes,High,Postgraduate,Medium,Negative,In Relationship,Private,High,68
4030,99,25,83,1,2,1.16,8,5,5,7,19,2.9,Medium,Near,No,Medium,Female,Medium,Yes,No,Medium,College,Medium,Neutral,In Relationship,Public,Medium,72
4031,77,12,85,1,3,0.26,7,4,4,8,23,2.6,Low,Far,Yes,Medium,Male,Medium,Yes,No,Medium,College,Low,Positive,Single,Public,Medium,62
4032,66,13,51,3,2,1.6800000000000002,9,7,7,5,21,4.2,Medium,Moderate,Yes,Medium,Male,Medium,Yes,No,Low,Postgraduate,High,Positive,In Relationship,Private,Medium,63
4033,79,3,64,0,3,2.2399999999999998,7,8,8,5,18,5.6,Medium,Far,Yes,Medium,Female,Medium,Yes,No,Low,Postgraduate,Low,Negative,Single,Public,Medium,58
4034,87,15,83,1,3,1.9600000000000002,10,7,7,6,19,4.9,Medium,Near,No,High,Male,Medium,Yes,No,Medium,High School,Medium,Positive,Single,Private,High,68
4035,93,26,94,1,2,1.56,6,6,6,7,20,3.9,High,Near,Yes,Medium,Female,Medium,Yes,No,Low,High School,High,Negative,Single,Public,High,74
4036,78,23,83,1,3,0.47000000000000003,5,6,6,7,21,4.7,Medium,Near,Yes,Medium,Male,Medium,Yes,No,Medium,High School,Medium,Positive,In Relationship,Public,Medium,68
4037,84,19,63,1,2,2.08,5,8,8,6,19,5.2,Medium,Near,Yes,High,Male,Medium,Yes,No,Medium,High School,Medium,Positive,In Relationship,Private,Medium,67
4038,71,20,75,0,4,3.04,5,9,9,5,20,7.6,Medium,Near,Yes,Medium,Male,High,Yes,No,Low,High School,Medium,Positive,In Relationship,Private,Medium,65
4039,86,16,82,0,4,0.61,5,7,7,6,21,6.1,Low,Moderate,Yes,Low,Female,High,Yes,No,Low,High School,Low,Neutral,Single,Public,Medium,63
4040,99,21,57,2,2,1.9600000000000002,7,7,7,5,20,4.9,Low,Near,No,Medium,Male,Medium,Yes,No,High,Postgraduate,Medium,Neutral,Single,Public,Medium,71
4041,62,25,77,0,4,0.68,8,8,8,5,19,6.8,Low,Far,Yes,Medium,Female,High,Yes,No,Medium,College,Medium,Negative,In Relationship,Public,Low,62
4042,95,10,74,2,3,1.72,7,5,5,7,21,4.3,Low,Far,Yes,Low,Male,Medium,Yes,No,High,High School,High,Negative,In Relationship,Public,Medium,66
4043,82,22,67,1,1,0.27,5,3,3,8,19,2.7,Medium,Near,No,Low,Female,Low,Yes,Yes,Low,Postgraduate,Low,Neutral,Single,Private,High,65
4044,70,26,81,0,3,2.7600000000000002,6,8,8,5,21,6.9,Medium,Moderate,No,Low,Male,Medium,Yes,No,Low,High School,High,Neutral,Single,Public,High,66
4045,98,18,82,3,3,0.65,8,7,7,6,21,6.5,Low,Near,No,Medium,Male,Medium,Yes,No,Medium,College,High,Negative,Single,Public,High,71
4046,79,24,99,2,3,1.8800000000000001,6,5,5,7,19,4.7,High,Near,No,Low,Male,Medium,No,No,High,High School,Low,Negative,In Relationship,Public,High,68
4047,73,37,71,0,5,3.3200000000000003,6,9,9,5,19,8.3,High,Moderate,Yes,High,Male,High,Yes,No,Medium,High School,Medium,Positive,In Relationship,Public,High,72
4048,67,19,77,1,4,1.9600000000000002,5,7,7,6,19,4.9,High,Near,No,Medium,Male,High,Yes,No,Medium,Postgraduate,Medium,Negative,Complicated,Private,High,66
4049,70,22,58,4,2,0.47000000000000003,6,8,8,5,22,4.7,Low,Moderate,Yes,High,Male,Medium,Yes,No,Low,Postgraduate,Medium,Positive,Single,Public,Medium,66
4050,93,16,77,2,1,0.49000000000000005,6,5,5,7,24,4.9,High,Moderate,No,Low,Male,Low,Yes,No,High,High School,Low,Negative,In Relationship,Public,Medium,67
4051,85,21,52,5,3,2.12,7,7,7,6,21,5.3,High,Moderate,Yes,High,Male,Medium,Yes,No,Medium,Postgraduate,Low,Positive,Single,Public,High,71
4052,97,23,57,2,1,2.08,8,7,7,6,22,5.2,High,Far,Yes,High,Male,Low,No,No,Low,Postgraduate,High,Positive,Single,Public,Medium,72
4053,69,21,59,3,3,0.38,7,5,5,7,22,3.8,Medium,Near,No,Low,Male,Medium,Yes,No,Medium,Postgraduate,Low,Neutral,Single,Public,Medium,64
4054,65,14,82,1,3,2.7600000000000002,7,9,9,4,19,6.9,High,Near,No,Low,Male,Medium,Yes,No,Low,High School,Low,Negative,In Relationship,Public,Low,60
4055,60,21,78,2,2,2.08,8,7,7,6,20,5.2,Low,Near,No,Medium,Female,Medium,Yes,No,Medium,High School,High,Positive,Single,Public,High,64
4056,80,29,90,2,1,2.7600000000000002,5,9,9,5,19,6.9,Low,Near,Yes,Medium,Female,Low,Yes,No,Medium,College,Medium,Positive,In Relationship,Public,Low,70
4057,100,23,73,3,2,1.6800000000000002,10,5,5,7,21,4.2,Low,Near,Yes,Medium,Male,Medium,Yes,No,Medium,College,Medium,Neutral,In Relationship,Private,Medium,72
4058,88,26,74,0,2,0.5599999999999999,6,7,7,6,19,5.6,High,Moderate,No,Low,Female,Medium,Yes,No,Medium,High School,Medium,Negative,Single,Public,Medium,68
4059,72,19,58,0,3,0.45999999999999996,8,7,7,6,21,4.6,Low,Near,Yes,Medium,Female,Medium,Yes,No,Medium,High School,Medium,Neutral,Single,Public,Low,62
4060,95,24,87,0,2,2.2800000000000002,5,8,8,6,20,5.7,Low,Far,No,Low,Male,Medium,Yes,No,Medium,High School,Medium,Neutral,Single,Public,Medium,68
4061,91,22,50,2,5,0.26,7,4,4,8,23,2.6,High,Moderate,Yes,Low,Male,High,Yes,No,Medium,Postgraduate,High,Positive,In Relationship,Public,Medium,72
4062,61,14,71,0,1,0.48,7,5,5,7,20,4.8,Low,Near,Yes,Medium,Female,Low,Yes,No,Medium,Postgraduate,Medium,Neutral,Single,Private,Low,60
4063,93,22,59,3,4,0.48,9,6,6,7,22,4.8,High,Near,No,Low,Female,High,Yes,No,Low,Postgraduate,Medium,Positive,In Relationship,Public,High,72
4064,72,14,89,2,3,0.22999999999999998,7,3,3,8,23,2.3,High,Near,No,Medium,Female,Medium,Yes,No,Medium,High School,Low,Positive,In Relationship,Public,Medium,65
4065,66,16,84,3,4,0.73,9,8,8,5,21,7.3,Low,Near,No,Low,Female,High,Yes,No,High,High School,Medium,Positive,In Relationship,Public,Low,63
4066,69,21,85,2,0,2.16,7,8,8,5,21,5.4,Low,Near,Yes,Medium,Male,Low,Yes,No,Medium,Postgraduate,Medium,Positive,In Relationship,Private,Medium,66
4067,79,22,57,1,2,1.72,10,6,6,7,22,4.3,Medium,Near,No,Medium,Male,Medium,Yes,No,Low,High School,Low,Positive,In Relationship,Public,High,65
4068,77,13,83,1,2,1.7600000000000002,4,5,5,8,20,4.4,High,Moderate,No,Medium,Male,Medium,Yes,No,Medium,Postgraduate,Medium,Negative,In Relationship,Public,High,65
4069,72,26,85,2,3,0.27,8,4,4,8,22,2.7,High,Near,No,Low,Male,Medium,Yes,No,Medium,High School,Low,Negative,In Relationship,Public,Medium,67
4070,67,23,50,4,3,1.64,4,5,5,7,19,4.1,Medium,Moderate,No,Low,Male,Medium,Yes,No,Low,College,Medium,Positive,In Relationship,Private,Medium,65
4071,90,16,66,0,3,0.37000000000000005,7,5,5,7,21,3.7,Medium,Moderate,No,High,Male,Medium,Yes,No,Medium,High School,High,Negative,Single,Public,High,67
4072,100,11,54,1,3,1.4400000000000002,9,5,5,7,20,3.6,Medium,Near,Yes,Low,Male,Medium,Yes,No,Low,Postgraduate,Medium,Negative,In Relationship,Public,Medium,66
4073,91,19,84,2,3,0.7200000000000001,9,7,7,6,22,7.2,High,Near,Yes,High,Male,Medium,Yes,Yes,High,High School,Low,Positive,Single,Public,High,71
4074,72,17,61,1,4,0.29,8,5,5,7,22,2.9,Medium,Moderate,No,Medium,Male,High,Yes,No,Medium,Postgraduate,Medium,Neutral,In Relationship,Public,Medium,64
4075,70,21,63,0,2,0.52,7,7,7,6,21,5.2,Low,Far,No,Medium,Male,Medium,Yes,No,Medium,High School,Low,Positive,In Relationship,Public,Medium,61
4076,69,18,54,1,2,0.45,8,5,5,7,24,4.5,High,Near,Yes,High,Male,Medium,Yes,No,Low,High School,High,Neutral,In Relationship,Private,High,65
4077,65,8,74,1,5,1.8800000000000001,10,5,5,7,20,4.7,Medium,Near,No,Medium,Male,High,Yes,No,Medium,High School,Medium,Positive,In Relationship,Private,High,61
4078,82,18,52,1,4,0.42000000000000004,7,6,6,6,20,4.2,Low,Near,No,Low,Female,High,Yes,No,Low,High School,High,Negative,Single,Public,Medium,64
4079,84,18,92,0,3,0.52,8,6,6,7,22,5.2,High,Near,Yes,Low,Female,Medium,Yes,No,Low,College,High,Negative,In Relationship,Public,High,69
4080,88,24,51,4,4,1.7600000000000002,6,5,5,7,20,4.4,Medium,Near,Yes,Medium,Male,High,Yes,No,High,High School,Medium,Positive,In Relationship,Public,Low,71
4081,87,16,53,3,5,2.4000000000000004,9,8,8,6,19,6,Medium,Near,No,Medium,Male,High,Yes,No,High,College,High,Neutral,Single,Private,High,70
4082,72,30,82,1,1,1.4400000000000002,8,6,6,7,19,3.6,Medium,Moderate,Yes,Low,Female,Low,Yes,No,High,College,High,Positive,Single,Public,Medium,70
4083,73,9,96,0,2,0.45999999999999996,6,6,6,6,20,4.6,Medium,Near,Yes,Low,Male,Medium,Yes,No,Low,High School,Medium,Positive,Single,Public,High,62
4084,87,28,95,2,3,2.16,8,7,7,6,22,5.4,Medium,Near,No,Medium,Female,Medium,Yes,No,Medium,Postgraduate,Medium,Positive,Single,Private,Low,73
4085,74,19,54,0,3,1.8800000000000001,8,7,7,6,21,4.7,High,Near,No,Medium,Male,Medium,Yes,No,High,College,Medium,Positive,Single,Public,Medium,66
4086,69,25,64,1,3,2.12,8,7,7,6,19,5.3,Medium,Moderate,Yes,High,Female,Medium,Yes,No,Medium,Postgraduate,Medium,Negative,Single,Public,Low,66
4087,75,20,76,3,3,0.41,7,4,4,8,22,4.1,Medium,Near,No,High,Female,Medium,Yes,No,Medium,College,Low,Negative,In Relationship,Private,High,66
4088,71,27,51,3,1,1.32,9,6,6,7,20,3.3,Medium,Far,Yes,High,Female,Low,No,No,Medium,College,Medium,Neutral,Single,Public,Medium,66
4089,64,18,76,2,4,2.84,6,9,9,4,20,7.1,Medium,Near,Yes,Medium,Male,High,Yes,No,Medium,High School,Medium,Positive,Single,Public,High,65
4090,93,13,72,2,2,0.43,7,5,5,7,23,4.3,Low,Near,No,Medium,Female,Medium,Yes,No,High,Postgraduate,Low,Positive,In Relationship,Private,Medium,67
4091,94,29,79,6,4,2.2399999999999998,7,7,7,6,20,5.6,Medium,Near,No,Low,Female,High,Yes,No,Medium,College,High,Neutral,Single,Private,High,76
4092,69,19,96,0,3,0.6900000000000001,9,7,7,6,21,6.9,Medium,Moderate,Yes,High,Female,Medium,Yes,No,Medium,High School,Medium,Positive,Single,Private,High,66
4093,63,21,64,1,3,1.7600000000000002,6,7,7,6,20,4.4,Medium,Near,Yes,High,Male,Medium,Yes,No,Low,High School,Medium,Negative,Complicated,Public,High,63
4094,90,27,82,0,3,0.45,7,5,5,7,23,4.5,Medium,Moderate,No,Medium,Female,Medium,Yes,No,Medium,College,Medium,Positive,In Relationship,Public,Medium,71
4095,68,14,71,1,3,0.24,6,4,4,8,23,2.4,High,Moderate,No,Medium,Male,Medium,Yes,No,Low,College,Medium,Positive,Complicated,Public,Medium,63
4096,76,24,72,1,2,0.27,7,4,4,8,22,2.7,Low,Moderate,Yes,High,Male,Medium,Yes,No,Low,College,High,Positive,In Relationship,Public,Medium,67
4097,63,16,82,0,3,0.66,8,7,7,6,22,6.6,Medium,Near,Yes,High,Male,Medium,Yes,No,Medium,High School,Medium,Neutral,Single,Public,Medium,63
4098,69,19,98,0,4,1.9600000000000002,5,7,7,6,19,4.9,Medium,Moderate,Yes,High,Male,High,Yes,No,Medium,High School,High,Neutral,Single,Public,Medium,66
4099,92,20,93,3,2,1.8399999999999999,9,6,6,7,21,4.6,Medium,Near,Yes,High,Female,Medium,Yes,No,Low,College,Medium,Positive,In Relationship,Public,Medium,72
4100,92,11,82,4,2,2,8,7,7,6,22,5,Medium,Near,Yes,Medium,Female,Medium,Yes,No,High,Postgraduate,High,Negative,Single,Private,Medium,70
4101,68,15,73,0,3,0.25,6,4,4,8,23,2.5,Low,Near,Yes,Medium,Male,Medium,No,No,Medium,College,High,Positive,In Relationship,Public,Medium,62
4102,73,28,71,0,2,0.27,6,3,3,8,19,2.7,Medium,Moderate,Yes,Medium,Female,Medium,Yes,No,Medium,College,High,Positive,Single,Private,High,69
4103,65,25,89,2,3,0.6900000000000001,9,8,8,5,20,6.9,Medium,Near,Yes,Medium,Female,Medium,Yes,No,Medium,High School,Low,Neutral,In Relationship,Public,High,66
4104,63,20,61,2,3,1.6,8,7,7,5,21,4,Medium,Near,Yes,High,Male,Medium,Yes,No,Medium,High School,Medium,Neutral,In Relationship,Public,Medium,64
4105,100,21,79,2,1,1.36,6,4,4,8,20,3.4,Medium,Near,Yes,Low,Female,Low,Yes,No,Medium,High School,Low,Neutral,Single,Public,Medium,70
4106,86,18,75,0,4,1.56,6,7,7,6,20,3.9,Medium,Near,No,Low,Male,High,Yes,No,High,High School,Medium,Neutral,Single,Public,High,67
4107,82,28,82,1,2,0.45,8,5,5,7,21,4.5,High,Near,Yes,Medium,Male,Medium,Yes,No,Low,Postgraduate,Medium,Negative,In Relationship,Private,Medium,71
4108,91,19,59,1,2,0.6200000000000001,8,8,8,5,20,6.2,Medium,Near,No,High,Male,Medium,Yes,No,High,Postgraduate,Medium,Neutral,Single,Public,Medium,69
4109,94,21,85,1,4,1.8800000000000001,8,7,7,5,20,4.7,Low,Near,No,Medium,Male,High,Yes,No,Medium,College,High,Negative,Single,Public,Medium,70
4110,92,27,81,0,1,0.45,7,6,6,7,21,4.5,Medium,Near,Yes,Low,Male,Low,Yes,No,Medium,College,Medium,Negative,In Relationship,Public,Medium,70
4111,61,15,59,1,2,1.4400000000000002,8,7,7,6,22,3.6,Low,Moderate,Yes,Medium,Female,Medium,Yes,No,Medium,Postgraduate,High,Neutral,Single,Public,Medium,61
4112,67,29,72,0,3,0.7200000000000001,7,8,8,5,22,7.2,High,Near,No,Medium,Female,Medium,No,No,Medium,High School,Low,Neutral,In Relationship,Public,High,65
4113,86,11,84,0,3,2.32,6,7,7,6,22,5.8,High,Near,Yes,High,Male,Medium,Yes,No,Medium,High School,Medium,Neutral,In Relationship,Private,High,67
4114,75,30,95,1,5,0.49000000000000005,9,5,5,7,19,4.9,Low,Near,Yes,High,Male,High,Yes,No,Low,Postgraduate,Medium,Negative,Single,Public,Medium,70
4115,99,18,56,2,3,2.2,8,8,8,6,20,5.5,Medium,Near,No,Low,Male,Medium,No,No,Medium,High School,Medium,Negative,In Relationship,Private,High,67
4116,87,19,50,3,2,2.08,6,8,8,5,21,5.2,High,Near,Yes,Low,Male,Medium,Yes,No,Medium,Postgraduate,Low,Neutral,In Relationship,Public,Medium,68
4117,98,9,58,2,4,2.2800000000000002,7,7,7,6,19,5.7,High,Near,No,Medium,Male,High,Yes,No,Medium,College,High,Negative,Single,Public,Medium,69
4118,68,17,99,1,1,2.04,7,7,7,6,20,5.1,Medium,Near,No,Medium,Male,Low,Yes,No,Medium,Postgraduate,Medium,Neutral,Single,Private,Low,65
4119,95,14,88,2,2,0.45999999999999996,6,6,6,6,20,4.6,Medium,Far,Yes,Low,Male,Medium,Yes,No,Medium,High School,High,Neutral,Single,Public,Low,68
4120,73,16,81,1,4,1.6,7,5,5,8,20,4,Medium,Near,Yes,High,Male,High,Yes,No,Medium,Postgraduate,High,Negative,In Relationship,Public,High,67
4121,100,19,57,1,2,1.7600000000000002,6,7,7,6,19,4.4,High,Near,Yes,High,Male,Medium,Yes,Yes,Medium,High School,Medium,Positive,Single,Private,Medium,70
4122,66,26,71,2,3,0.5700000000000001,8,8,8,5,18,5.7,High,Near,No,Medium,Female,Medium,Yes,No,High,High School,High,Neutral,In Relationship,Public,Medium,68
4123,81,21,86,1,4,2.64,7,8,8,5,19,6.6,Medium,Near,Yes,Low,Male,High,Yes,No,Medium,College,High,Neutral,In Relationship,Public,Medium,69
4124,92,22,95,0,3,0.7400000000000001,5,8,8,5,19,7.4,Low,Near,Yes,Low,Male,Medium,Yes,No,Low,Postgraduate,High,Positive,In Relationship,Public,Low,70
4125,77,13,69,2,5,0.27999999999999997,7,4,4,8,22,2.8,High,Moderate,Yes,Low,Male,High,Yes,No,Medium,College,High,Neutral,Single,Private,High,67
4126,79,15,100,4,3,2.2800000000000002,6,7,7,6,20,5.7,High,Near,Yes,Low,Female,Medium,Yes,No,Medium,College,High,Neutral,Single,Public,Medium,70
4127,99,31,57,1,2,1.8399999999999999,4,7,7,6,19,4.6,Low,Moderate,Yes,High,Female,Medium,Yes,No,High,Postgraduate,Medium,Neutral,Complicated,Public,High,74
4128,77,16,69,1,4,2.16,7,8,8,5,18,5.4,Low,Near,Yes,Low,Female,High,Yes,No,Low,High School,Medium,Neutral,Complicated,Public,High,63
4129,84,30,94,1,2,0.45999999999999996,9,7,7,6,21,4.6,Medium,Near,Yes,Low,Female,Medium,Yes,Yes,Medium,High School,High,Positive,In Relationship,Private,High,72
4130,62,19,82,0,5,2.52,7,9,9,5,19,6.3,Medium,Near,No,Low,Male,High,Yes,Yes,Low,Postgraduate,High,Neutral,Complicated,Private,Low,62
4131,94,20,91,1,2,1.16,8,5,5,7,19,2.9,Medium,Near,No,Low,Female,Medium,Yes,No,Medium,Postgraduate,Medium,Positive,In Relationship,Public,Medium,71
4132,86,26,95,0,5,0.35000000000000003,7,5,5,7,21,3.5,Low,Moderate,No,Low,Male,High,Yes,No,Medium,High School,Medium,Negative,Single,Public,High,68
4133,76,28,75,3,3,1.7600000000000002,6,7,7,5,19,4.4,High,Near,Yes,High,Male,Medium,Yes,No,High,High School,Medium,Positive,Single,Public,Medium,72
4134,61,19,62,1,2,1.64,6,7,7,6,21,4.1,High,Moderate,Yes,High,Female,Medium,Yes,No,High,Postgraduate,Medium,Neutral,Single,Public,Medium,64
4135,84,18,85,0,4,0.73,5,8,8,5,20,7.3,Low,Moderate,No,Medium,Male,High,Yes,No,Medium,High School,Low,Neutral,In Relationship,Public,Medium,64
4136,61,20,78,0,5,0.53,8,7,7,6,21,5.3,High,Near,Yes,Low,Female,High,Yes,No,Medium,High School,Low,Positive,In Relationship,Private,Medium,63
4137,60,22,89,2,4,0.27,8,4,4,8,22,2.7,Medium,Moderate,Yes,Medium,Male,High,Yes,No,Medium,College,High,Neutral,In Relationship,Private,High,66
4138,85,25,76,2,2,0.30000000000000004,7,3,3,8,19,3,Medium,Near,Yes,High,Female,Medium,Yes,No,Medium,College,Medium,Positive,Single,Public,Medium,71
4139,68,20,91,4,4,0.47000000000000003,4,8,8,5,22,4.7,High,Near,Yes,High,Male,High,Yes,No,High,College,Medium,Positive,Single,Private,Medium,70
4140,68,24,95,3,0,0.27,8,4,4,8,22,2.7,Medium,Moderate,Yes,Medium,Male,Low,Yes,No,Low,High School,High,Positive,In Relationship,Public,Medium,67
4141,86,30,87,0,4,0.45,6,5,5,7,22,4.5,High,Near,Yes,Low,Female,High,Yes,No,Medium,College,High,Positive,In Relationship,Private,Low,73
4142,62,22,87,2,3,1.8,7,7,7,6,20,4.5,Medium,Near,Yes,High,Female,Medium,Yes,No,Medium,High School,Low,Neutral,Single,Public,Low,64
4143,73,22,79,4,1,2.8000000000000003,5,9,9,4,19,7,Medium,Moderate,No,Medium,Female,Low,Yes,No,Medium,Postgraduate,Low,Negative,Single,Public,Low,65
4144,66,11,74,3,3,1.64,7,7,7,5,20,4.1,Medium,Far,Yes,Medium,Female,Medium,Yes,No,Medium,High School,Medium,Neutral,Single,Private,High,62
4145,83,4,99,1,3,0.5700000000000001,7,7,7,6,21,5.7,Medium,Near,No,Low,Female,Medium,Yes,No,Low,College,High,Neutral,Single,Private,Low,64
4146,86,22,82,1,5,1.64,4,7,7,5,20,4.1,Medium,Moderate,No,Low,Male,High,Yes,No,Low,College,Low,Positive,Single,Private,Low,67
4147,89,19,92,5,3,1.64,9,6,6,7,20,4.1,High,Near,No,Medium,Male,Medium,Yes,No,High,Postgraduate,Medium,Positive,Single,Private,Medium,74
4148,70,17,75,1,4,1.7600000000000002,7,5,5,8,20,4.4,Medium,Far,No,Low,Male,High,Yes,Yes,Medium,College,High,Neutral,In Relationship,Private,Medium,63
4149,64,21,78,1,4,3.3200000000000003,7,9,9,5,19,8.3,Low,Near,Yes,Medium,Male,High,Yes,No,Low,High School,High,Positive,In Relationship,Public,Medium,64
4150,63,20,83,4,3,0.66,8,8,8,5,22,6.6,Low,Moderate,No,Medium,Female,Medium,Yes,No,Low,Postgraduate,Medium,Neutral,In Relationship,Public,Medium,64
4151,77,27,86,1,3,0.22000000000000003,7,3,3,8,24,2.2,High,Near,No,High,Male,Medium,Yes,No,High,College,Low,Negative,Single,Public,High,70
4152,98,21,72,3,3,0.5700000000000001,8,7,7,6,21,5.7,Medium,Moderate,Yes,Low,Female,Medium,Yes,No,Medium,High School,Medium,Positive,Single,Public,Low,71
4153,69,16,68,0,4,1.92,5,7,7,6,19,4.8,Medium,Moderate,Yes,Medium,Male,High,Yes,No,Medium,College,Medium,Neutral,Single,Public,High,63
4154,70,26,62,0,1,0.7400000000000001,7,8,8,5,19,7.4,High,Near,Yes,Low,Female,Low,Yes,No,Medium,College,Medium,Negative,In Relationship,Private,Medium,66
4155,64,19,71,1,3,0.33,4,4,4,8,22,3.3,High,Near,Yes,High,Male,Medium,Yes,No,Medium,High School,Medium,Neutral,In Relationship,Public,Medium,65
4156,84,23,61,2,5,1.52,7,7,7,5,21,3.8,High,Moderate,No,Medium,Male,High,Yes,No,Medium,College,Medium,Neutral,In Relationship,Public,High,70
4157,87,17,71,2,3,0.7200000000000001,9,9,9,4,22,7.2,Low,Moderate,Yes,Low,Female,Medium,Yes,No,Medium,College,Low,Neutral,Single,Public,Medium,65
4158,86,16,94,0,2,0.5700000000000001,5,7,7,6,19,5.7,Medium,Near,Yes,Medium,Male,Medium,Yes,No,High,High School,High,Negative,In Relationship,Public,Medium,68
4159,94,21,99,1,2,1.92,6,8,8,6,21,4.8,High,Near,No,Medium,Male,Medium,Yes,No,Medium,High School,Medium,Neutral,In Relationship,Private,High,72
4160,79,20,79,0,4,0.2,4,3,3,8,24,2,High,Moderate,Yes,Medium,Male,High,Yes,No,Low,High School,Medium,Neutral,Single,Private,High,67
4161,65,23,57,1,4,0.41,7,4,4,8,21,4.1,High,Near,No,High,Male,High,No,No,Low,High School,High,Neutral,In Relationship,Public,Medium,65
4162,72,18,71,2,4,0.41,8,5,5,7,21,4.1,Medium,Near,No,High,Male,High,Yes,No,Low,Postgraduate,Medium,Positive,Single,Public,Medium,66
4163,86,9,80,1,5,1.6800000000000002,8,6,6,7,21,4.2,High,Far,No,Low,Female,High,Yes,No,Medium,College,High,Positive,Single,Public,Medium,67
4164,85,17,69,1,3,1.6,6,4,4,8,19,4,Low,Near,No,Medium,Male,Medium,Yes,Yes,Medium,Postgraduate,Medium,Neutral,Single,Private,Medium,65
4165,81,25,60,2,3,0.31000000000000005,4,4,4,8,22,3.1,Medium,Near,No,Medium,Male,Medium,Yes,No,Medium,High School,Medium,Neutral,In Relationship,Private,Medium,68
4166,87,18,61,2,1,0.45999999999999996,5,7,7,6,21,4.6,Medium,Near,No,Medium,Male,Low,Yes,No,High,High School,Medium,Positive,In Relationship,Public,Medium,68
4167,85,19,74,1,3,1.8800000000000001,9,5,5,7,19,4.7,High,Moderate,Yes,High,Female,Medium,Yes,No,Medium,College,Medium,Neutral,In Relationship,Public,Medium,69
4168,95,26,61,2,2,1.92,8,7,7,6,19,4.8,Low,Near,Yes,Medium,Female,Medium,Yes,No,Medium,Postgraduate,Medium,Neutral,Single,Private,Medium,71
4169,83,16,62,0,1,0.73,7,8,8,5,21,7.3,Medium,Moderate,Yes,Low,Male,Low,Yes,Yes,Medium,Postgraduate,Medium,Neutral,In Relationship,Private,Medium,64
4170,91,11,94,1,3,0.7000000000000001,7,7,7,6,22,7,High,Moderate,No,Medium,Male,Medium,Yes,Yes,Medium,High School,Low,Neutral,Single,Public,Medium,65
4171,70,19,89,1,2,1.16,5,4,4,8,19,2.9,Medium,Near,No,Low,Male,Medium,Yes,No,Medium,High School,Medium,Neutral,Single,Private,High,64
4172,87,17,53,3,3,1.7600000000000002,9,5,5,7,20,4.4,Medium,Moderate,Yes,Low,Female,Medium,Yes,No,Low,Postgraduate,Medium,Positive,In Relationship,Public,Medium,67
4173,96,14,66,3,2,0.45999999999999996,6,6,6,7,22,4.6,High,Near,No,Medium,Female,Medium,Yes,No,Medium,College,Medium,Positive,In Relationship,Public,Medium,70
4174,75,19,77,1,4,2.68,8,8,8,5,20,6.7,High,Moderate,No,Low,Female,High,Yes,No,Medium,High School,Medium,Positive,Single,Public,Low,66
4175,91,23,53,3,3,2.9600000000000004,5,9,9,5,20,7.4,Medium,Near,No,Medium,Male,Medium,Yes,No,Low,High School,High,Negative,In Relationship,Private,High,70
4176,89,20,84,1,4,0.27999999999999997,7,4,4,8,22,2.8,High,Moderate,Yes,High,Male,High,Yes,No,Low,High School,Medium,Neutral,Complicated,Public,High,70
4177,62,22,69,1,3,1.4800000000000002,9,4,4,8,19,3.7,Medium,Near,Yes,High,Male,Medium,Yes,No,Low,College,High,Negative,Single,Private,Low,64
4178,83,31,70,3,3,1.8800000000000001,6,8,8,6,22,4.7,High,Near,Yes,Low,Male,Medium,Yes,No,Medium,College,Low,Negative,In Relationship,Private,Medium,71
4179,65,18,63,1,3,1.8399999999999999,8,6,6,7,21,4.6,High,Far,Yes,Medium,Male,Medium,Yes,No,Medium,High School,Medium,Positive,In Relationship,Public,Medium,63
4180,99,22,67,1,3,0.44000000000000006,5,4,4,8,19,4.4,Medium,Near,Yes,Medium,Male,Medium,Yes,No,High,College,Medium,Negative,Single,Private,High,72
4181,92,17,93,4,4,0.6400000000000001,6,8,8,5,23,6.4,High,Moderate,No,Medium,Female,High,Yes,No,Medium,College,High,Neutral,Single,Private,Low,72
4182,64,15,89,0,2,2.16,7,8,8,6,21,5.4,Low,Near,Yes,Low,Male,Medium,Yes,No,Low,High School,High,Negative,In Relationship,Public,Medium,61
4183,65,16,97,2,4,0.25,8,4,4,8,23,2.5,Low,Near,Yes,Low,Female,High,Yes,Yes,High,High School,High,Negative,In Relationship,Public,Medium,63
4184,84,17,85,0,2,1.92,7,7,7,6,21,4.8,High,Moderate,No,Medium,Male,Medium,Yes,No,High,College,Low,Positive,In Relationship,Private,Medium,67
4185,74,22,79,3,1,1.36,8,5,5,7,20,3.4,Low,Near,Yes,Medium,Female,Low,Yes,No,Low,High School,High,Neutral,In Relationship,Public,Medium,67
4186,61,34,63,2,5,0.42000000000000004,9,5,5,7,20,4.2,Low,Moderate,No,Medium,Female,High,Yes,No,Low,High School,Medium,Neutral,In Relationship,Public,Medium,65
4187,82,16,83,0,2,0.42000000000000004,6,5,5,7,20,4.2,Medium,Near,No,Medium,Female,Medium,Yes,No,Medium,High School,Low,Negative,Single,Public,Medium,64
4188,76,18,95,2,6,0.5700000000000001,5,7,7,6,19,5.7,Low,Near,No,High,Female,High,Yes,No,High,Postgraduate,Medium,Positive,In Relationship,Public,High,69
4189,64,20,53,4,4,0.8800000000000001,6,4,4,8,20,2.2,High,Moderate,No,High,Female,High,No,No,High,College,Medium,Neutral,Single,Private,Medium,65
4190,92,22,72,1,4,2.2,9,7,7,6,21,5.5,High,Near,No,Low,Male,High,Yes,Yes,Low,Postgraduate,High,Neutral,Single,Public,High,71
4191,97,22,57,0,2,0.47000000000000003,6,7,7,6,20,4.7,Medium,Near,Yes,Medium,Male,Medium,Yes,No,Medium,High School,Medium,Positive,Complicated,Private,High,70
4192,90,28,91,0,2,1.32,9,4,4,8,19,3.3,Medium,Moderate,Yes,Medium,Female,Medium,Yes,No,Medium,College,Low,Positive,Single,Public,Medium,98
4193,93,5,81,1,2,2,7,7,7,6,20,5,Medium,Near,Yes,Low,Female,Medium,No,No,Medium,College,Medium,Neutral,In Relationship,Public,High,65
4194,69,6,94,1,4,0.55,10,8,8,5,20,5.5,Medium,Near,Yes,Medium,Female,High,No,No,Medium,Postgraduate,High,Neutral,Complicated,Private,Medium,63
4195,71,17,53,0,3,1.64,10,6,6,7,20,4.1,Medium,Moderate,Yes,Low,Male,Medium,Yes,No,Low,High School,Medium,Positive,Single,Public,Low,61
4196,68,27,95,1,3,2.32,9,7,7,6,21,5.8,Low,Moderate,Yes,Low,Male,Medium,Yes,No,Medium,College,Medium,Positive,Single,Public,Medium,67
4197,91,11,53,0,2,1.32,5,6,6,7,20,3.3,Medium,Near,No,Low,Female,Medium,Yes,No,Medium,Postgraduate,Medium,Neutral,Single,Private,Medium,64
4198,98,2,64,1,2,2.8800000000000003,4,9,9,5,20,7.2,Medium,Near,No,Low,Female,Medium,Yes,No,Medium,High School,High,Neutral,In Relationship,Private,High,65
4199,89,23,58,2,3,0.67,7,8,8,5,21,6.7,High,Moderate,Yes,Medium,Male,Medium,Yes,No,Medium,Postgraduate,High,Positive,In Relationship,Private,High,73
4200,95,21,57,1,3,2.8000000000000003,8,9,9,4,19,7,High,Near,Yes,Low,Male,Medium,No,No,Low,High School,Medium,Positive,In Relationship,Public,Medium,69
4201,86,13,59,3,3,1.6800000000000002,8,5,5,8,21,4.2,High,Near,No,Medium,Male,Medium,Yes,No,Medium,High School,Medium,Neutral,In Relationship,Public,Medium,67
4202,76,14,74,0,2,0.45999999999999996,6,6,6,6,20,4.6,Medium,Far,No,High,Male,Medium,Yes,Yes,Low,College,High,Positive,Single,Private,Medium,63
4203,77,14,89,0,2,1.9600000000000002,5,7,7,6,19,4.9,High,Near,Yes,Medium,Male,Medium,Yes,No,Low,College,High,Positive,Complicated,Private,Medium,67
4204,63,21,95,2,5,1.4400000000000002,8,7,7,6,19,3.6,High,Near,Yes,High,Male,High,Yes,No,Medium,High School,Low,Neutral,Single,Public,Medium,66
4205,61,16,78,2,2,0.37000000000000005,10,4,4,8,22,3.7,High,Moderate,Yes,Low,Female,Medium,Yes,No,Medium,College,Medium,Positive,In Relationship,Public,High,64
4206,88,23,58,2,2,1.72,6,6,6,7,22,4.3,Low,Moderate,Yes,Low,Male,Medium,Yes,No,Medium,High School,High,Neutral,Single,Public,Medium,68
4207,78,3,54,2,4,2.2,8,7,7,6,21,5.5,Medium,Moderate,No,High,Male,High,Yes,No,High,High School,Medium,Positive,Single,Public,Medium,61
4208,82,15,75,1,1,1.4800000000000002,10,6,6,7,20,3.7,Medium,Near,Yes,High,Female,Low,Yes,No,Medium,College,Medium,Negative,Single,Public,Medium,66
4209,82,13,88,0,2,2.16,7,8,8,5,21,5.4,Medium,Near,Yes,Low,Female,Medium,Yes,No,Medium,High School,Medium,Neutral,In Relationship,Public,Medium,65
4210,71,18,81,0,4,1.8399999999999999,7,7,7,6,19,4.6,High,Moderate,Yes,Medium,Female,High,Yes,No,Medium,College,Medium,Negative,Complicated,Public,Medium,65
4211,79,17,79,3,5,0.42000000000000004,8,5,5,7,22,4.2,Medium,Near,No,Medium,Male,High,Yes,Yes,Medium,Postgraduate,Medium,Neutral,Single,Private,High,67
4212,79,25,52,1,2,2.12,7,7,7,5,21,5.3,Medium,Moderate,Yes,Medium,Female,Medium,Yes,No,Medium,Postgraduate,High,Negative,Single,Public,Medium,68
4213,76,9,71,1,3,1.6,9,6,6,7,19,4,Medium,Near,Yes,Medium,Male,Medium,Yes,No,Medium,College,Medium,Neutral,Single,Public,High,63
4214,93,20,78,1,3,0.27,6,4,4,8,22,2.7,Medium,Moderate,No,Low,Female,Medium,Yes,No,Low,College,High,Positive,In Relationship,Public,Medium,70
4215,78,23,80,0,2,0.22999999999999998,7,3,3,8,23,2.3,High,Near,No,Low,Female,Medium,Yes,No,Medium,High School,High,Neutral,In Relationship,Private,Medium,68
4216,84,31,50,2,3,0.6200000000000001,5,8,8,5,20,6.2,Medium,Near,No,Low,Male,Medium,No,No,Medium,High School,Medium,Positive,Single,Private,High,69
4217,96,17,60,0,2,1.92,7,7,7,6,21,4.8,Medium,Near,Yes,Low,Male,Medium,Yes,Yes,Low,College,High,Neutral,In Relationship,Private,Medium,67
4218,95,22,97,0,3,2.08,5,8,8,5,21,5.2,Medium,Moderate,No,Low,Male,Medium,Yes,No,Medium,High School,Medium,Neutral,In Relationship,Public,Low,69
4219,96,9,75,1,4,1.8800000000000001,8,7,7,6,20,4.7,Low,Near,Yes,Low,Female,High,Yes,Yes,Low,High School,Medium,Positive,Single,Private,High,65
4220,71,6,85,1,2,0.42000000000000004,5,6,6,6,20,4.2,High,Moderate,Yes,Low,Male,Medium,Yes,No,Medium,High School,Medium,Positive,Single,Public,Medium,61
4221,61,25,65,3,3,0.54,8,7,7,6,24,5.4,High,Near,Yes,Low,Female,Medium,Yes,No,Low,College,Medium,Neutral,In Relationship,Public,Low,65
4222,70,20,79,4,4,1.72,6,6,6,7,22,4.3,Medium,Near,Yes,Medium,Male,High,Yes,No,Low,Postgraduate,Low,Positive,Single,Public,Medium,67
4223,71,27,68,1,2,1.56,10,4,4,8,22,3.9,High,Moderate,Yes,Low,Male,Medium,Yes,No,Medium,High School,Medium,Negative,Single,Public,Medium,66
4224,96,12,65,2,4,2.64,9,8,8,5,20,6.6,Medium,Near,No,High,Female,High,Yes,Yes,Medium,Postgraduate,Medium,Neutral,Single,Private,High,69
4225,86,23,71,3,4,0.67,8,8,8,5,21,6.7,Medium,Near,Yes,Medium,Female,High,Yes,No,High,College,Medium,Neutral,In Relationship,Public,Medium,71
4226,63,31,73,1,2,0.32000000000000006,5,5,5,7,22,3.2,High,Near,No,High,Female,Medium,Yes,No,Medium,High School,High,Positive,In Relationship,Public,Low,68
4227,65,23,67,3,5,0.41,6,5,5,7,22,4.1,Medium,Moderate,No,Medium,Male,High,No,No,High,High School,High,Negative,In Relationship,Private,Medium,65
4228,66,22,63,1,5,1.32,6,5,5,7,19,3.3,Medium,Far,No,Low,Male,High,Yes,No,High,Postgraduate,Medium,Neutral,In Relationship,Private,Medium,64
4229,85,20,81,1,3,2.7600000000000002,6,9,9,4,19,6.9,Low,Near,No,High,Male,Medium,Yes,No,Low,College,Medium,Positive,Single,Private,High,68
4230,89,11,69,1,3,2.2800000000000002,9,8,8,5,19,5.7,High,Near,No,Low,Male,Medium,Yes,No,Low,High School,Low,Neutral,In Relationship,Public,Low,64
4231,94,28,60,1,3,0.15000000000000002,7,2,2,9,23,1.5,High,Near,No,Low,Male,Medium,Yes,No,Low,High School,Medium,Positive,Single,Public,Medium,71
4232,98,16,88,1,3,0.41,6,5,5,7,22,4.1,Medium,Moderate,No,Low,Female,Medium,Yes,No,Medium,Postgraduate,High,Neutral,Single,Public,Medium,70
4233,68,23,86,0,2,1.8800000000000001,6,7,7,5,22,4.7,Medium,Near,Yes,Medium,Male,Medium,Yes,No,Medium,Postgraduate,High,Positive,In Relationship,Public,Medium,68
4234,72,11,94,2,3,0.38,6,6,6,7,20,3.8,Medium,Moderate,Yes,Medium,Male,Medium,Yes,No,Low,High School,Medium,Positive,Complicated,Public,Medium,63
4235,70,13,78,0,3,0.47000000000000003,8,5,5,7,24,4.7,High,Near,Yes,Low,Male,Medium,Yes,Yes,Medium,High School,Medium,Negative,In Relationship,Private,Medium,61
4236,74,29,64,2,1,1.7600000000000002,5,7,7,6,22,4.4,Low,Moderate,No,Medium,Male,Low,Yes,No,Medium,College,Medium,Neutral,Single,Public,Medium,66
4237,97,18,93,5,4,1.9600000000000002,7,7,7,6,19,4.9,High,Near,Yes,High,Female,High,Yes,No,Medium,College,Medium,Positive,Complicated,Public,Medium,75
4238,83,29,64,2,1,2.72,8,9,9,4,19,6.8,High,Far,Yes,Medium,Male,Low,Yes,No,Medium,High School,High,Neutral,Single,Public,High,71
4239,90,20,83,1,3,0.27,4,4,4,8,23,2.7,Medium,Near,Yes,Low,Male,Medium,Yes,No,High,College,Medium,Positive,Complicated,Public,Low,69
4240,80,9,60,2,3,0.5599999999999999,5,7,7,6,19,5.6,Low,Near,No,Low,Male,Medium,Yes,No,Medium,High School,High,Neutral,In Relationship,Private,Medium,62
4241,61,25,81,0,4,2.12,7,7,7,6,21,5.3,Medium,Moderate,No,Medium,Female,High,Yes,No,High,High School,Medium,Positive,Single,Public,Medium,65
4242,63,16,92,0,3,1.8,9,7,7,5,22,4.5,Low,Moderate,No,Low,Female,Medium,Yes,No,Medium,College,Medium,Positive,In Relationship,Private,Medium,61
4243,82,24,77,3,2,2.16,9,8,8,6,21,5.4,Medium,Near,No,Medium,Female,Medium,Yes,No,Medium,High School,Medium,Positive,In Relationship,Public,Medium,69
4244,89,20,74,1,3,0.45999999999999996,6,5,5,7,19,4.6,Low,Far,Yes,Medium,Male,Medium,Yes,No,Low,Postgraduate,Low,Positive,In Relationship,Private,Low,66
4245,69,11,100,1,5,1.9600000000000002,9,7,7,6,21,4.9,Medium,Near,Yes,Low,Male,High,Yes,No,Low,High School,High,Neutral,Single,Public,Medium,64
4246,89,21,51,1,4,2.2800000000000002,7,8,8,5,19,5.7,Medium,Near,Yes,Medium,Female,High,Yes,No,Low,High School,High,Positive,Single,Public,Medium,69
4247,92,33,67,6,5,0.65,7,8,8,5,23,6.5,High,Near,Yes,High,Female,High,Yes,No,Low,High School,High,Positive,Single,Public,Medium,78
4248,76,23,96,2,4,1.4400000000000002,7,5,5,7,20,3.6,High,Near,Yes,Medium,Female,High,Yes,No,Low,High School,Low,Neutral,In Relationship,Private,Medium,68
4249,90,20,82,2,4,2.6,8,8,8,5,20,6.5,High,Moderate,No,High,Female,High,Yes,Yes,Medium,High School,High,Negative,In Relationship,Private,Medium,70
4250,76,26,77,1,5,2,6,7,7,6,19,5,Medium,Near,Yes,Medium,Male,High,Yes,No,Medium,High School,Low,Neutral,Single,Private,Medium,68
4251,87,21,82,0,5,2.2800000000000002,6,7,7,6,19,5.7,Low,Near,Yes,Medium,Female,High,Yes,No,Medium,Postgraduate,Low,Neutral,Single,Public,High,68
4252,91,21,66,1,3,1.4800000000000002,5,5,5,7,19,3.7,Medium,Near,No,High,Female,Medium,Yes,No,Low,College,Medium,Positive,In Relationship,Public,Medium,69
4253,100,13,54,0,3,2.8800000000000003,8,9,9,5,20,7.2,Low,Near,Yes,Medium,Female,Medium,Yes,No,Medium,College,Medium,Positive,In Relationship,Public,High,68
4254,74,21,64,3,1,1.8,8,5,5,7,20,4.5,Low,Far,Yes,Low,Male,Low,Yes,No,Medium,College,High,Neutral,Single,Public,Low,80
4255,76,26,67,1,3,2.72,8,8,8,5,21,6.8,Medium,Moderate,Yes,Low,Male,Medium,Yes,No,High,High School,Medium,Negative,Single,Public,Medium,67
4256,67,15,74,1,2,2.52,5,8,8,5,22,6.3,Medium,Near,Yes,High,Male,Medium,Yes,No,Medium,Postgraduate,Low,Positive,Single,Public,High,64
4257,68,29,70,0,2,1.6,6,5,5,7,20,4,Low,Near,No,Medium,Male,Medium,Yes,No,Low,Postgraduate,Medium,Negative,In Relationship,Public,Medium,64
4258,88,19,76,1,3,1.9600000000000002,9,7,7,6,19,4.9,Medium,Far,Yes,Medium,Male,Medium,Yes,No,Low,High School,Medium,Positive,Complicated,Public,High,68
4259,97,15,60,4,3,1.56,7,4,4,8,22,3.9,Medium,Near,No,Medium,Female,Medium,Yes,No,Low,High School,Low,Negative,Single,Public,Medium,67
4260,76,26,59,0,1,0.37000000000000005,7,5,5,7,21,3.7,Medium,Near,No,Medium,Male,Low,Yes,Yes,Low,Postgraduate,Medium,Neutral,Single,Public,Medium,65
4261,67,18,68,0,4,2.92,7,9,9,5,19,7.3,High,Near,Yes,Medium,Male,High,Yes,No,Medium,High School,High,Positive,In Relationship,Public,Medium,66
4262,71,25,74,4,4,0.22999999999999998,8,4,4,8,24,2.3,Low,Near,Yes,Medium,Male,High,Yes,Yes,Low,Postgraduate,Medium,Positive,In Relationship,Public,Medium,67
4263,78,18,67,0,3,1.8399999999999999,7,7,7,5,21,4.6,Medium,Moderate,No,High,Male,Medium,No,No,Low,College,High,Negative,In Relationship,Public,Medium,64
4264,72,20,79,1,4,1.56,6,7,7,5,22,3.9,Low,Near,Yes,Low,Female,High,Yes,No,Medium,Postgraduate,Medium,Positive,In Relationship,Private,Medium,66
4265,69,23,66,1,3,1.2800000000000002,8,6,6,7,19,3.2,Low,Far,Yes,Medium,Male,Medium,No,No,Low,College,Medium,Positive,Single,Public,Medium,63
4266,89,22,59,5,4,0.6200000000000001,5,8,8,5,24,6.2,High,Near,No,Medium,Male,High,Yes,Yes,High,High School,Medium,Positive,Single,Private,Medium,71
4267,60,8,93,0,3,1.56,9,6,6,7,21,3.9,Medium,Near,Yes,Low,Female,Medium,Yes,No,High,Postgraduate,High,Neutral,Complicated,Public,High,62
4268,82,13,60,1,4,1.64,6,5,5,7,19,4.1,High,Far,No,Low,Female,High,Yes,No,Medium,College,Medium,Positive,In Relationship,Public,Low,64
4269,92,26,98,2,3,1.9600000000000002,8,7,7,6,19,4.9,Medium,Moderate,Yes,Medium,Male,Medium,Yes,No,Medium,Postgraduate,Low,Neutral,Single,Public,Medium,72
4270,71,19,99,0,4,2.44,7,8,8,5,20,6.1,Medium,Moderate,Yes,Low,Female,High,Yes,No,Low,High School,High,Negative,Single,Public,High,65
4271,84,17,85,1,2,1.52,6,7,7,6,22,3.8,High,Near,No,Medium,Female,Medium,Yes,No,Medium,College,Low,Positive,Single,Public,Low,67
4272,87,12,75,1,3,1.7600000000000002,9,7,7,6,22,4.4,High,Moderate,Yes,Low,Female,Medium,No,Yes,Medium,College,High,Neutral,Single,Private,Medium,65
4273,86,14,90,0,1,1.92,8,7,7,6,19,4.8,Low,Near,Yes,Low,Male,Low,Yes,No,Low,High School,Low,Neutral,In Relationship,Private,Medium,63
4274,78,8,94,1,3,1.6800000000000002,7,5,5,7,21,4.2,High,Near,No,High,Female,Medium,Yes,Yes,Low,High School,High,Neutral,In Relationship,Public,High,65
4275,74,19,85,1,5,2.04,10,7,7,6,21,5.1,Medium,Moderate,Yes,Low,Male,High,Yes,No,Medium,Postgraduate,Medium,Positive,Single,Public,Medium,67
4276,93,16,55,0,4,0.27999999999999997,8,4,4,8,22,2.8,Medium,Moderate,Yes,High,Male,High,Yes,No,Low,High School,Medium,Neutral,Single,Public,Medium,67
4277,90,14,50,0,3,0.44000000000000006,6,6,6,6,20,4.4,Medium,Moderate,Yes,Medium,Male,Medium,Yes,No,Medium,College,Low,Positive,Single,Private,High,65
4278,73,20,60,1,3,1.36,4,4,4,8,22,3.4,High,Moderate,Yes,Low,Male,Medium,Yes,Yes,Medium,High School,Medium,Positive,Single,Private,Medium,64
4279,64,22,59,0,5,1.72,7,7,7,5,20,4.3,Low,Near,No,Medium,Female,High,Yes,Yes,High,High School,High,Positive,Single,Private,High,64
4280,63,33,59,1,4,0.31000000000000005,9,5,5,7,22,3.1,High,Near,Yes,Medium,Male,High,Yes,No,Medium,High School,High,Positive,Single,Public,Medium,69
4281,64,11,75,1,3,1.9600000000000002,8,8,8,5,21,4.9,Medium,Moderate,No,High,Male,Medium,Yes,No,Low,High School,Medium,Positive,In Relationship,Private,Medium,60
4282,83,27,76,1,4,2.12,9,7,7,5,19,5.3,Medium,Near,Yes,Low,Male,High,Yes,No,Medium,High School,Medium,Positive,Single,Public,High,70
4283,62,26,86,2,3,2.04,6,7,7,6,20,5.1,High,Near,No,Medium,Male,Medium,Yes,No,Medium,High School,Low,Positive,Single,Public,Medium,66
4284,73,15,60,3,4,0.4,7,5,5,7,22,4,Medium,Near,Yes,Medium,Female,High,Yes,No,High,College,Medium,Neutral,Single,Public,Medium,66
4285,90,21,55,2,2,0.5700000000000001,7,7,7,6,21,5.7,Low,Near,No,Medium,Female,Medium,Yes,No,Medium,College,Medium,Neutral,Single,Public,Medium,68
4286,72,17,83,3,3,1.8800000000000001,7,5,5,7,19,4.7,Medium,Far,No,Medium,Female,Medium,Yes,Yes,Low,High School,Low,Negative,In Relationship,Public,High,62
4287,91,21,74,0,2,0.33,8,4,4,8,22,3.3,High,Near,Yes,Medium,Female,Medium,Yes,No,Low,Postgraduate,Medium,Negative,In Relationship,Public,Medium,70
4288,90,29,83,0,3,1.52,9,4,4,8,20,3.8,Medium,Near,Yes,Medium,Female,Medium,Yes,No,Medium,High School,Medium,Positive,Single,Private,High,72
4289,70,24,69,1,2,0.47000000000000003,10,5,5,7,24,4.7,Low,Moderate,Yes,High,Female,Medium,Yes,No,High,High School,Low,Negative,In Relationship,Public,Medium,64
4290,89,23,88,1,5,0.5700000000000001,9,7,7,6,21,5.7,Medium,Near,No,High,Male,High,Yes,No,High,Postgraduate,Low,Neutral,Single,Public,Medium,71
4291,90,17,84,1,4,1.7600000000000002,8,6,6,7,21,4.4,High,Far,No,Low,Female,High,Yes,No,Medium,High School,Medium,Negative,Single,Public,Low,67
4292,76,11,83,3,1,0.6400000000000001,6,8,8,5,23,6.4,Medium,Near,No,Medium,Female,Low,Yes,No,High,High School,Low,Positive,Single,Public,Medium,64
4293,68,19,51,1,1,0.47000000000000003,7,6,6,6,20,4.7,High,Moderate,No,High,Female,Low,No,No,Medium,High School,High,Positive,In Relationship,Public,Medium,64
4294,81,27,93,0,3,1.8800000000000001,8,7,7,5,22,4.7,High,Near,Yes,High,Female,Medium,Yes,No,Medium,College,Medium,Neutral,In Relationship,Public,High,72
4295,97,11,69,3,2,1.4800000000000002,7,6,6,7,20,3.7,Low,Near,Yes,Low,Female,Medium,Yes,No,Medium,High School,Low,Positive,Single,Public,Medium,66
4296,86,14,57,3,2,1.56,6,5,5,7,20,3.9,Medium,Near,No,High,Female,Medium,Yes,No,Medium,College,High,Neutral,Single,Private,High,68
4297,67,21,88,1,5,1.7600000000000002,6,5,5,7,20,4.4,Medium,Near,Yes,Low,Female,High,Yes,No,Medium,Postgraduate,Medium,Positive,In Relationship,Private,Medium,95
4298,87,14,74,0,3,1.8800000000000001,8,6,6,7,22,4.7,Low,Moderate,Yes,Medium,Male,Medium,Yes,Yes,Medium,College,Medium,Neutral,In Relationship,Public,High,64
4299,77,15,52,1,2,0.55,7,7,7,6,24,5.5,Medium,Near,Yes,Medium,Male,Medium,Yes,No,Medium,College,Medium,Neutral,In Relationship,Public,Medium,64
4300,84,17,89,2,2,2.9600000000000004,7,9,9,5,20,7.4,High,Moderate,Yes,High,Male,Medium,Yes,No,Medium,High School,Low,Positive,In Relationship,Public,Medium,68
4301,89,12,72,1,5,2.4800000000000004,7,8,8,5,23,6.2,Low,Near,Yes,High,Male,High,Yes,No,Medium,College,Medium,Neutral,Single,Public,High,67
4302,81,14,88,1,3,0.45999999999999996,6,5,5,7,21,4.6,Medium,Moderate,No,High,Female,Medium,Yes,No,Medium,Postgraduate,Medium,Positive,In Relationship,Public,Medium,67
4303,93,24,88,1,3,0.75,7,8,8,5,21,7.5,Medium,Moderate,Yes,Medium,Female,Medium,Yes,No,Low,High School,High,Negative,In Relationship,Public,High,71
4304,89,12,55,1,3,1.4800000000000002,6,7,7,6,21,3.7,Low,Near,Yes,Low,Female,Medium,Yes,No,Low,High School,Medium,Negative,Single,Public,High,63
4305,85,10,81,3,3,1.9600000000000002,6,7,7,6,19,4.9,Medium,Near,Yes,Low,Female,Medium,Yes,No,Medium,High School,Medium,Neutral,Complicated,Public,Medium,66
4306,66,16,68,2,5,0.68,5,8,8,5,19,6.8,High,Moderate,No,Low,Male,High,No,No,High,Postgraduate,High,Positive,In Relationship,Public,Medium,65
4307,93,24,77,0,3,1.8800000000000001,7,7,7,6,21,4.7,Low,Near,Yes,Low,Female,Medium,Yes,No,Medium,High School,Medium,Negative,Single,Private,Medium,68
4308,97,19,54,0,2,0.42000000000000004,8,4,4,8,24,4.2,Low,Near,Yes,High,Male,Medium,Yes,No,Medium,High School,Medium,Neutral,Single,Public,Medium,68
4309,65,17,79,0,2,0.42000000000000004,9,5,5,7,20,4.2,High,Moderate,No,Medium,Male,Medium,Yes,Yes,Medium,High School,Medium,Positive,In Relationship,Public,Medium,62
4310,80,20,89,0,3,1.64,5,5,5,7,19,4.1,Medium,Far,Yes,High,Male,Medium,Yes,No,Medium,Postgraduate,Low,Neutral,In Relationship,Public,High,67
4311,70,10,99,1,4,0.45,9,5,5,7,22,4.5,High,Moderate,Yes,Medium,Female,High,Yes,No,Medium,High School,High,Neutral,In Relationship,Public,Medium,65
4312,90,23,66,2,3,0.7200000000000001,7,8,8,5,19,7.2,Medium,Near,Yes,High,Female,Medium,Yes,No,Low,High School,High,Neutral,In Relationship,Public,High,71
4313,89,22,58,4,2,0.6200000000000001,5,8,8,5,21,6.2,High,Near,Yes,High,Female,Medium,Yes,Yes,Medium,College,Medium,Neutral,Single,Public,High,71
4314,66,18,68,1,3,0.36000000000000004,6,5,5,7,22,3.6,Medium,Far,Yes,Medium,Male,Medium,No,Yes,Low,High School,High,Positive,Single,Public,High,61
4315,95,26,51,1,2,2.3600000000000003,4,8,8,6,20,5.9,Medium,Near,No,Low,Male,Medium,Yes,No,Medium,High School,Medium,Positive,Single,Public,Medium,70
4316,67,13,70,0,2,1.08,5,4,4,8,19,2.7,Low,Near,Yes,Low,Male,Medium,Yes,No,Medium,High School,Medium,Negative,Single,Private,High,60
4317,92,27,96,0,2,1.6800000000000002,10,6,6,7,21,4.2,Medium,Far,No,Low,Male,Medium,Yes,No,Medium,Postgraduate,Low,Neutral,Single,Public,Medium,70
4318,78,21,60,1,2,1.8,6,6,6,7,20,4.5,High,Near,No,Low,Female,Medium,Yes,No,High,College,Medium,Neutral,Single,Private,High,67
4319,73,18,74,3,2,2.12,8,8,8,5,19,5.3,Medium,Near,Yes,Medium,Male,Medium,No,No,Low,Postgraduate,Medium,Neutral,Single,Private,High,66
4320,66,20,79,2,2,1.72,7,7,7,5,22,4.3,Low,Moderate,Yes,Medium,Female,Medium,Yes,No,Medium,High School,Low,Positive,In Relationship,Private,Medium,63
4321,67,19,59,3,3,0.6200000000000001,7,8,8,5,24,6.2,Medium,Near,No,Low,Female,Medium,Yes,No,Low,Postgraduate,Medium,Positive,Single,Private,High,65
4322,86,27,67,5,2,1.7600000000000002,8,7,7,6,22,4.4,Medium,Near,Yes,High,Female,Medium,Yes,Yes,High,Postgraduate,High,Positive,Single,Public,High,75
4323,82,14,96,2,4,0.45,4,5,5,7,21,4.5,Medium,Near,No,High,Male,High,Yes,Yes,Low,High School,High,Negative,In Relationship,Private,Medium,66
4324,65,15,65,1,2,0.45999999999999996,9,5,5,7,22,4.6,Medium,Near,No,Low,Female,Medium,Yes,No,Medium,College,Medium,Neutral,In Relationship,Public,Medium,61
4325,65,26,82,1,1,0.42000000000000004,7,4,4,8,24,4.2,Medium,Far,Yes,Low,Male,Low,Yes,No,Low,Postgraduate,Medium,Positive,Single,Public,Medium,65
4326,63,16,57,2,3,0.7200000000000001,6,8,8,5,19,7.2,Medium,Near,Yes,Low,Male,Medium,Yes,No,Medium,Postgraduate,Low,Neutral,In Relationship,Public,Low,61
4327,90,25,83,2,3,1.52,8,4,4,8,20,3.8,High,Near,Yes,Medium,Male,Medium,Yes,No,Medium,College,High,Negative,Single,Public,Medium,73
4328,88,30,64,1,2,1.8800000000000001,6,7,7,6,19,4.7,Medium,Near,Yes,High,Female,Medium,Yes,No,Medium,College,High,Neutral,Complicated,Public,Medium,73
4329,62,18,62,1,5,1.8399999999999999,7,6,6,7,21,4.6,Medium,Moderate,Yes,Medium,Male,High,Yes,No,Medium,College,Medium,Positive,Single,Public,Medium,63
4330,82,24,56,1,3,1.6800000000000002,7,7,7,6,20,4.2,Medium,Moderate,No,Medium,Male,Medium,Yes,No,Medium,Postgraduate,Low,Positive,Complicated,Public,Medium,67
4331,63,13,52,2,4,0.54,8,7,7,6,24,5.4,High,Near,Yes,Low,Male,High,Yes,No,Medium,High School,Medium,Positive,In Relationship,Public,Medium,62
4332,96,25,98,1,3,0.44000000000000006,7,5,5,7,22,4.4,Low,Near,No,Medium,Male,Medium,Yes,No,Medium,College,Low,Neutral,In Relationship,Private,Medium,71
4333,96,21,71,2,4,2.12,5,7,7,6,19,5.3,Medium,Moderate,Yes,Low,Male,High,Yes,No,Medium,High School,Medium,Negative,Single,Public,High,70
4334,88,23,89,0,5,0.48,8,5,5,7,24,4.8,Medium,Near,No,Medium,Female,High,Yes,No,Medium,High School,Medium,Positive,In Relationship,Private,High,70
4335,97,16,96,4,2,1.8399999999999999,7,7,7,5,19,4.6,Medium,Near,No,Low,Female,Medium,No,No,Low,High School,Medium,Neutral,Single,Private,High,69
4336,92,10,60,3,2,2.4800000000000004,4,8,8,6,19,6.2,Medium,Near,No,Low,Female,Medium,Yes,No,High,College,Medium,Positive,Single,Public,Low,66
4337,93,23,93,1,3,1.8399999999999999,7,8,8,6,21,4.6,High,Near,Yes,Medium,Female,Medium,Yes,No,High,High School,Low,Negative,In Relationship,Public,High,72
4338,83,8,85,1,3,0.4,6,4,4,8,22,4,Low,Far,Yes,Low,Female,Medium,Yes,No,Low,High School,High,Neutral,In Relationship,Public,High,63
4339,72,18,79,1,4,1.9600000000000002,8,8,8,5,19,4.9,Medium,Moderate,Yes,Medium,Male,High,Yes,No,Medium,High School,Low,Positive,Single,Public,High,65
4340,69,26,90,3,3,2.2,6,8,8,6,19,5.5,High,Moderate,Yes,Medium,Female,Medium,Yes,No,Medium,College,High,Positive,Single,Public,Medium,71
4341,73,21,56,5,3,0.26,5,4,4,8,23,2.6,Medium,Moderate,No,High,Male,Medium,Yes,No,Medium,High School,Medium,Neutral,Single,Private,Medium,66
4342,85,32,63,2,3,0.44000000000000006,9,5,5,7,20,4.4,Low,Moderate,Yes,High,Male,Medium,No,No,Low,High School,Medium,Neutral,Single,Public,Medium,69
4343,67,26,57,0,4,0.51,8,8,8,5,22,5.1,Medium,Far,No,Medium,Female,High,Yes,No,Medium,College,Low,Negative,Single,Public,Medium,62
4344,70,16,95,1,3,2.4000000000000004,7,9,9,5,20,6,High,Near,No,Medium,Female,Medium,No,No,High,High School,High,Neutral,Complicated,Public,Medium,66
4345,79,20,55,3,4,0.5900000000000001,8,7,7,6,20,5.9,Low,Near,Yes,Low,Female,High,Yes,No,Low,High School,Medium,Positive,Single,Private,Medium,66
4346,69,20,99,1,3,1.32,8,4,4,8,19,3.3,Low,Moderate,Yes,Medium,Female,Medium,Yes,Yes,High,High School,Medium,Negative,Single,Public,High,64
4347,84,11,55,0,3,2.2800000000000002,7,7,7,6,21,5.7,Medium,Near,Yes,Medium,Male,Medium,Yes,No,High,High School,Low,Negative,Single,Public,High,63
4348,97,14,83,0,2,2.4800000000000004,5,9,9,5,19,6.2,Medium,Near,Yes,Low,Female,Medium,Yes,No,Medium,High School,Medium,Positive,In Relationship,Public,Medium,68
4349,90,17,83,5,3,2,7,7,7,6,19,5,Medium,Near,No,Medium,Male,Medium,Yes,Yes,Low,High School,Medium,Negative,Single,Public,High,68
4350,87,8,97,2,3,0.53,9,7,7,6,23,5.3,High,Near,No,Low,Male,Medium,Yes,No,Low,High School,High,Positive,In Relationship,Public,Medium,67
4351,83,20,66,1,3,2.12,8,8,8,5,18,5.3,Low,Near,Yes,High,Female,Medium,Yes,Yes,Medium,College,High,Neutral,Single,Private,Medium,67
4352,80,19,67,2,2,2.16,7,7,7,5,21,5.4,High,Near,Yes,Low,Female,Medium,Yes,Yes,Medium,Postgraduate,High,Neutral,Single,Public,High,68
4353,67,10,92,1,4,1.04,8,4,4,8,20,2.6,Medium,Near,Yes,Medium,Male,High,Yes,No,Medium,Postgraduate,High,Negative,Single,Public,High,65
4354,96,22,99,4,4,1.7600000000000002,7,5,5,7,23,4.4,High,Moderate,Yes,Low,Male,High,Yes,No,High,College,Low,Positive,In Relationship,Public,Medium,74
4355,70,24,52,1,2,1.64,9,5,5,7,20,4.1,High,Moderate,Yes,Low,Male,Medium,Yes,No,High,Postgraduate,Medium,Positive,Single,Public,Medium,85
4356,64,21,82,2,3,2.32,9,7,7,6,21,5.8,Medium,Moderate,No,Low,Male,Medium,Yes,No,Medium,College,Medium,Neutral,Single,Public,Medium,64
4357,90,18,62,3,2,0.6200000000000001,5,8,8,5,20,6.2,Medium,Moderate,Yes,Medium,Female,Medium,Yes,No,High,High School,Low,Neutral,Single,Private,Medium,67
4358,67,24,86,2,2,0.27999999999999997,9,4,4,8,22,2.8,High,Near,Yes,Medium,Female,Medium,Yes,No,Medium,College,High,Negative,Single,Public,Medium,68
4359,75,24,89,0,3,0.51,10,8,8,5,22,5.1,Medium,Near,Yes,Medium,Female,Medium,Yes,No,Low,College,Low,Positive,Single,Private,High,67
4360,61,22,88,1,4,1.9600000000000002,8,8,8,6,22,4.9,Medium,Near,No,Medium,Female,High,Yes,No,Low,High School,High,Neutral,In Relationship,Public,High,65
4361,65,15,72,2,2,1.6,8,5,5,8,20,4,High,Far,Yes,Low,Male,Medium,Yes,Yes,Low,Postgraduate,High,Neutral,In Relationship,Private,Medium,63
4362,67,22,58,1,2,0.7000000000000001,6,8,8,5,22,7,Medium,Near,Yes,Low,Male,Medium,Yes,No,Medium,Postgraduate,Medium,Neutral,In Relationship,Public,Medium,64
4363,62,27,79,0,3,0.45999999999999996,6,6,6,6,20,4.6,Low,Moderate,Yes,Low,Male,Medium,Yes,No,Medium,College,Low,Negative,Single,Private,Medium,62
4364,86,16,89,1,2,1.2800000000000002,7,4,4,8,22,3.2,High,Near,Yes,Medium,Female,Medium,Yes,No,Low,Postgraduate,Low,Positive,Single,Public,Low,68
4365,93,33,96,0,4,2.16,6,7,7,6,20,5.4,Medium,Far,Yes,Low,Female,High,Yes,No,High,Postgraduate,Medium,Positive,Single,Private,Medium,75
4366,75,17,73,0,4,2.2399999999999998,5,7,7,6,20,5.6,Low,Near,No,Low,Female,High,Yes,No,High,High School,Medium,Neutral,Single,Private,Medium,63
4367,95,20,62,2,4,2.64,7,9,9,4,19,6.6,Low,Moderate,Yes,Low,Male,High,Yes,No,Low,College,Medium,Neutral,In Relationship,Public,Medium,68
4368,69,16,56,2,3,0.31000000000000005,8,5,5,7,22,3.1,Medium,Near,No,Medium,Male,Medium,Yes,No,Low,Postgraduate,Medium,Neutral,Single,Private,Medium,63
4369,73,21,90,0,2,1.56,5,5,5,7,20,3.9,High,Near,No,Medium,Female,Medium,Yes,No,Medium,College,High,Neutral,Single,Public,Medium,68
4370,66,10,77,0,2,1.8800000000000001,7,7,7,6,20,4.7,High,Near,No,Medium,Male,Medium,Yes,No,Medium,High School,Medium,Positive,In Relationship,Public,High,62
4371,85,17,84,3,2,0.43,7,8,8,5,22,4.3,Medium,Far,Yes,Medium,Female,Medium,Yes,No,Medium,College,Low,Positive,Single,Public,Medium,67
4372,77,13,58,2,3,0.4,7,5,5,7,20,4,High,Near,No,Low,Male,Medium,Yes,No,Medium,High School,High,Positive,In Relationship,Public,Medium,66
4373,85,21,50,1,2,1.72,8,6,6,7,22,4.3,Medium,Far,No,Medium,Male,Medium,Yes,No,Low,High School,Medium,Neutral,In Relationship,Private,High,65
4374,90,26,98,0,3,2.84,8,8,8,5,20,7.1,Medium,Moderate,Yes,Low,Female,Medium,Yes,Yes,Medium,Postgraduate,Medium,Negative,In Relationship,Private,Low,69
4375,82,24,91,2,1,1.56,6,5,5,7,19,3.9,Medium,Near,No,High,Male,Low,Yes,No,Medium,High School,High,Positive,In Relationship,Public,Medium,70
4376,85,6,70,0,3,0.38,9,5,5,7,22,3.8,Medium,Near,Yes,Low,Female,Medium,Yes,Yes,High,Postgraduate,High,Positive,Single,Public,Medium,64
4377,97,32,73,0,3,0.65,8,8,8,5,20,6.5,Medium,Near,Yes,High,Female,Medium,Yes,No,Medium,College,High,Negative,Single,Public,Medium,75
4378,72,22,96,1,3,0.49000000000000005,9,5,5,7,19,4.9,Low,Near,Yes,Low,Male,Medium,Yes,No,High,College,Low,Positive,Single,Private,Medium,66
4379,74,15,60,2,3,0.36000000000000004,7,4,4,8,21,3.6,Low,Far,No,Medium,Female,Medium,Yes,No,Low,High School,Medium,Positive,In Relationship,Public,Medium,62
4380,89,21,90,4,5,1.9600000000000002,7,8,8,5,21,4.9,Medium,Far,No,High,Male,High,Yes,No,Low,Postgraduate,Low,Neutral,In Relationship,Public,Medium,70
4381,84,21,51,0,3,0.5700000000000001,7,8,8,5,18,5.7,High,Moderate,No,Medium,Male,Medium,Yes,No,Medium,High School,High,Positive,In Relationship,Public,Medium,68
4382,67,16,94,1,2,0.43,9,5,5,7,19,4.3,High,Near,Yes,Medium,Female,Medium,Yes,No,High,Postgraduate,Medium,Neutral,Single,Private,Medium,66
4383,75,21,79,0,2,0.41,7,5,5,7,22,4.1,High,Near,Yes,Low,Male,Medium,Yes,No,Medium,High School,Low,Neutral,Single,Public,Medium,65
4384,79,16,74,3,2,2.8800000000000003,7,9,9,4,19,7.2,Medium,Far,Yes,Medium,Male,Medium,Yes,No,High,Postgraduate,High,Positive,Complicated,Private,Medium,68
4385,77,18,85,2,3,0.26,10,4,4,8,23,2.6,Medium,Near,No,Medium,Female,Medium,Yes,No,Low,Postgraduate,High,Positive,In Relationship,Public,Medium,68
4386,67,16,53,2,3,2.7600000000000002,5,8,8,5,20,6.9,Medium,Moderate,Yes,Medium,Male,Medium,Yes,No,Low,High School,Medium,Positive,In Relationship,Private,Medium,62
4387,97,11,60,2,3,1.56,8,6,6,7,21,3.9,Medium,Near,Yes,Low,Female,Medium,Yes,No,Low,College,Low,Positive,Complicated,Public,Medium,66
4388,90,21,70,2,2,0.54,7,7,7,6,24,5.4,Low,Near,No,Low,Female,Medium,Yes,No,Medium,Postgraduate,Medium,Negative,In Relationship,Public,Medium,68
4389,79,24,81,0,2,1.16,7,4,4,8,19,2.9,Medium,Moderate,No,High,Male,Medium,Yes,No,High,High School,High,Positive,Single,Public,Medium,69
4390,87,23,57,2,3,1.8800000000000001,6,5,5,7,19,4.7,Low,Near,No,High,Male,Medium,Yes,Yes,Medium,High School,Medium,Positive,In Relationship,Public,Medium,67
4391,96,25,69,3,2,2.64,6,9,9,4,19,6.6,High,Near,Yes,High,Male,Medium,Yes,No,Low,Postgraduate,Low,Positive,In Relationship,Public,Medium,74
4392,65,22,63,2,3,1.8,6,7,7,6,21,4.5,Medium,Far,No,Medium,Male,Medium,No,No,Medium,High School,Low,Neutral,Single,Public,Medium,61
4393,70,17,82,2,2,2.12,8,8,8,5,19,5.3,Medium,Moderate,No,High,Female,Medium,Yes,Yes,Low,High School,High,Negative,In Relationship,Public,High,64
4394,82,25,96,1,2,1,8,4,4,8,19,2.5,Medium,Moderate,No,Low,Female,Medium,Yes,No,Medium,High School,Medium,Positive,Single,Private,Medium,69
4395,92,12,58,2,2,0.45999999999999996,4,7,7,6,21,4.6,Medium,Moderate,No,Medium,Male,Medium,Yes,Yes,Low,College,High,Positive,Single,Public,Medium,66
4396,61,15,59,0,4,1.4800000000000002,5,7,7,6,20,3.7,Medium,Near,No,Low,Female,High,Yes,No,High,High School,Medium,Neutral,Single,Public,High,61
4397,99,14,80,3,4,0.67,8,8,8,5,21,6.7,Medium,Near,Yes,Medium,Female,High,Yes,No,High,College,Medium,Neutral,In Relationship,Private,Low,71
4398,78,26,73,2,4,3.24,8,9,9,5,19,8.1,High,Near,Yes,Low,Female,High,No,No,Medium,College,High,Positive,In Relationship,Private,Medium,71
4399,74,26,86,2,4,2.68,5,9,9,4,19,6.7,Medium,Near,No,Low,Female,High,Yes,No,Low,College,Medium,Positive,Single,Public,High,69
4400,72,23,64,1,4,1.8399999999999999,8,5,5,7,20,4.6,Medium,Near,Yes,Low,Female,High,Yes,No,Low,Postgraduate,Medium,Neutral,Single,Public,Medium,66
4401,67,26,77,2,3,1.8399999999999999,7,5,5,7,20,4.6,Medium,Moderate,Yes,Low,Male,Medium,Yes,Yes,Low,High School,Low,Neutral,In Relationship,Private,High,64
4402,92,15,69,1,4,0.51,8,5,5,7,22,5.1,Medium,Near,No,High,Male,High,Yes,No,Medium,Postgraduate,Low,Neutral,In Relationship,Private,Medium,68
4403,98,22,64,0,3,0.43,6,4,4,8,20,4.3,Medium,Moderate,Yes,Medium,Female,Medium,Yes,No,Low,High School,High,Positive,Single,Public,High,71
4404,77,19,86,0,4,1.72,5,5,5,7,23,4.3,Medium,Near,Yes,Medium,Male,High,Yes,Yes,High,High School,High,Negative,In Relationship,Public,Low,66
4405,98,25,90,1,4,0.37000000000000005,7,5,5,7,21,3.7,Medium,Near,Yes,High,Male,High,Yes,No,High,Postgraduate,Medium,Neutral,Single,Public,Low,94
4406,93,19,66,1,3,0.35000000000000003,7,4,4,8,22,3.5,High,Near,Yes,Medium,Female,Medium,Yes,No,Low,High School,Low,Neutral,In Relationship,Private,Medium,68
4407,79,18,81,1,4,0.8800000000000001,7,4,4,8,20,2.2,Medium,Moderate,No,Medium,Female,High,No,No,Medium,College,Medium,Positive,Single,Private,High,66
4408,87,23,59,4,2,2.32,6,7,7,6,19,5.8,Low,Near,No,Medium,Male,Medium,Yes,No,Medium,High School,High,Neutral,Single,Public,High,70
4409,77,25,90,1,3,2.2,10,8,8,5,18,5.5,Medium,Near,No,Low,Male,Medium,Yes,No,Medium,High School,Medium,Neutral,Single,Public,Medium,68
4410,82,16,64,1,2,1.7600000000000002,4,7,7,6,19,4.4,Low,Moderate,No,Medium,Male,Medium,Yes,No,Low,Postgraduate,High,Neutral,Single,Private,Medium,65
4411,62,20,59,3,4,0.48,6,5,5,7,20,4.8,Medium,Near,Yes,Medium,Male,High,Yes,No,Low,High School,Medium,Positive,In Relationship,Public,Medium,64
4412,88,14,97,0,3,0.45999999999999996,6,5,5,7,20,4.6,Medium,Near,Yes,Low,Male,Medium,Yes,No,Medium,College,High,Positive,In Relationship,Public,Medium,69
4413,62,5,71,1,4,1.9600000000000002,7,5,5,7,23,4.9,High,Far,No,Low,Male,High,Yes,No,Low,College,High,Positive,In Relationship,Private,Medium,59
4414,93,21,82,2,4,1.64,8,7,7,6,21,4.1,Medium,Near,No,Medium,Male,High,Yes,No,Medium,College,Low,Neutral,Single,Private,High,70
4415,93,24,90,0,2,0.9199999999999999,8,4,4,8,19,2.3,Low,Near,Yes,High,Male,Medium,Yes,No,High,College,High,Negative,Single,Private,Medium,72
4416,69,22,84,0,3,0.63,9,8,8,5,22,6.3,Medium,Moderate,No,Medium,Male,Medium,Yes,No,Medium,College,Low,Neutral,Single,Public,Medium,64
4417,73,8,78,0,3,2.52,8,8,8,5,21,6.3,High,Near,No,Medium,Male,Medium,Yes,No,High,High School,Medium,Negative,Single,Private,High,63
4418,79,18,69,2,3,2,4,8,8,5,19,5,Medium,Near,Yes,High,Male,Medium,Yes,No,Medium,College,Medium,Positive,In Relationship,Private,Low,67
4419,84,7,96,1,3,1.8800000000000001,5,5,5,7,19,4.7,Medium,Near,Yes,Low,Male,Medium,No,Yes,Medium,High School,Medium,Positive,In Relationship,Public,Low,62
4420,71,28,57,1,4,0.54,9,7,7,6,24,5.4,Medium,Near,Yes,Low,Female,High,Yes,No,High,Postgraduate,Medium,Neutral,In Relationship,Public,High,69
4421,84,13,94,3,2,0.30000000000000004,9,3,3,8,19,3,Medium,Near,Yes,Medium,Male,Medium,Yes,Yes,Medium,High School,Medium,Negative,Single,Public,Medium,66
4422,72,28,85,4,2,0.67,8,8,8,5,21,6.7,Low,Near,No,Low,Female,Medium,Yes,No,High,High School,Low,Negative,In Relationship,Private,Medium,66
4423,62,26,79,1,3,1.72,6,5,5,7,21,4.3,Medium,Near,No,Low,Female,Medium,Yes,Yes,Medium,College,Low,Positive,In Relationship,Public,Medium,63
4424,60,15,66,2,4,0.5,7,6,6,6,20,5,Medium,Near,No,High,Male,High,Yes,No,High,High School,Medium,Neutral,Single,Public,Medium,62
4425,64,13,57,1,3,1.8399999999999999,6,7,7,6,22,4.6,High,Moderate,No,Low,Female,Medium,Yes,Yes,Low,High School,Medium,Neutral,Single,Public,Low,58
4426,92,22,72,0,4,1.1199999999999999,5,5,5,7,20,2.8,Low,Moderate,No,Medium,Male,High,Yes,No,Low,College,Medium,Negative,In Relationship,Private,Medium,67
4427,98,15,89,2,3,2.7600000000000002,7,9,9,4,20,6.9,Medium,Moderate,Yes,Low,Male,Medium,No,No,Low,College,Medium,Neutral,Single,Public,Low,68
4428,77,21,87,1,3,0.47000000000000003,10,5,5,7,24,4.7,Medium,Near,No,Low,Male,Medium,Yes,No,Low,College,High,Neutral,In Relationship,Public,Medium,67
4429,81,17,82,3,4,2.08,6,7,7,6,20,5.2,Medium,Near,No,Low,Male,High,Yes,No,Medium,College,Medium,Neutral,In Relationship,Private,Medium,67
4430,66,9,100,3,3,0.45,9,5,5,7,24,4.5,Medium,Near,No,Medium,Male,Medium,Yes,No,Low,College,Low,Neutral,In Relationship,Public,Medium,62
4431,82,7,99,2,2,2.2800000000000002,6,8,8,5,21,5.7,High,Moderate,Yes,Medium,Male,Medium,Yes,No,Medium,Postgraduate,Medium,Negative,In Relationship,Public,High,66
4432,66,21,70,1,5,1.8,5,6,6,7,22,4.5,Medium,Near,Yes,Low,Female,High,Yes,No,Medium,High School,Medium,Positive,Single,Private,High,65
4433,84,17,60,0,5,0.48,8,7,7,5,19,4.8,High,Near,Yes,Low,Female,High,Yes,No,Medium,College,Medium,Positive,Complicated,Private,Low,67
4434,97,17,73,1,4,1.6,7,7,7,5,21,4,Low,Near,No,Medium,Male,High,No,No,High,College,Medium,Neutral,In Relationship,Private,High,69
4435,68,24,92,1,2,0.53,9,7,7,6,21,5.3,High,Near,Yes,Low,Male,Medium,Yes,No,Low,High School,Medium,Positive,In Relationship,Public,High,67
4436,91,27,73,0,3,0.48,9,5,5,7,20,4.8,Medium,Near,Yes,Low,Male,Medium,Yes,No,Low,College,Low,Neutral,In Relationship,Private,Medium,69
4437,61,18,67,2,4,0.73,7,8,8,5,20,7.3,Low,Near,No,High,Male,High,Yes,No,Low,High School,Medium,Positive,In Relationship,Public,Medium,62
4438,75,18,87,3,3,2.2800000000000002,9,7,7,6,19,5.7,Medium,Near,Yes,Low,Female,Medium,Yes,No,Low,Postgraduate,Medium,Negative,Single,Public,Medium,67
4439,64,23,83,0,3,1.8,6,8,8,5,19,4.5,Low,Moderate,Yes,Medium,Male,Medium,Yes,No,Medium,High School,Medium,Neutral,Single,Public,Medium,63
4440,74,12,98,2,3,2.2800000000000002,6,7,7,6,20,5.7,Medium,Near,No,Low,Male,Medium,Yes,No,High,College,Medium,Neutral,Single,Public,Medium,65
4441,67,21,77,3,3,0.34,9,4,4,8,21,3.4,Medium,Moderate,Yes,High,Female,Medium,Yes,No,Medium,College,Medium,Neutral,In Relationship,Public,Low,66
4442,75,23,98,3,1,0.31000000000000005,5,4,4,8,22,3.1,High,Near,Yes,Medium,Female,Low,Yes,No,Medium,College,Medium,Positive,In Relationship,Public,High,71
4443,77,24,65,1,4,0.47000000000000003,7,5,5,7,22,4.7,High,Near,Yes,Medium,Male,High,Yes,No,High,Postgraduate,Low,Positive,In Relationship,Private,High,70
4444,72,8,93,4,4,0.58,9,7,7,6,22,5.8,High,Near,Yes,Medium,Male,High,Yes,No,High,High School,High,Positive,In Relationship,Public,Medium,68
4445,86,15,68,0,3,1.8,9,6,6,7,20,4.5,Medium,Near,Yes,Medium,Male,Medium,Yes,No,High,High School,High,Neutral,Single,Public,Low,67
4446,97,15,90,2,0,0.68,6,8,8,5,19,6.8,High,Near,No,High,Male,Low,Yes,No,High,High School,Medium,Neutral,In Relationship,Private,High,71
4447,76,21,96,1,5,0.41,9,5,5,7,22,4.1,Medium,Near,Yes,Low,Male,High,Yes,No,Medium,High School,Low,Negative,Single,Public,Low,65
4448,68,23,81,1,2,2.2800000000000002,5,8,8,6,20,5.7,Medium,Near,Yes,Low,Male,Medium,Yes,No,Low,Postgraduate,Low,Neutral,Single,Public,Low,64
4449,71,29,86,1,2,0.30000000000000004,6,3,3,8,19,3,Medium,Near,Yes,Low,Female,Medium,Yes,No,Medium,College,Medium,Positive,Single,Public,Medium,69
4450,94,17,98,1,2,1.4400000000000002,7,7,7,6,19,3.6,Low,Near,Yes,Medium,Male,Medium,Yes,No,Low,High School,Medium,Negative,Single,Public,High,68
4451,83,17,69,4,3,0.35000000000000003,8,5,5,7,21,3.5,Low,Near,Yes,Low,Male,Medium,Yes,No,Low,College,Medium,Neutral,Single,Public,High,67
4452,78,27,76,1,4,0.45999999999999996,5,5,5,7,20,4.6,Medium,Near,Yes,Medium,Male,High,Yes,No,High,Postgraduate,Medium,Positive,Single,Private,Medium,71
4453,66,22,95,1,3,2.12,10,7,7,6,21,5.3,Low,Near,Yes,Medium,Male,Medium,Yes,No,Medium,High School,Medium,Negative,Single,Private,Medium,64
4454,78,28,84,2,3,2.2800000000000002,4,8,8,6,20,5.7,High,Far,Yes,Low,Female,Medium,Yes,No,Medium,College,Medium,Negative,Single,Public,Low,69
4455,71,22,94,1,4,1.32,7,5,5,7,19,3.3,High,Near,Yes,Medium,Male,High,Yes,No,Medium,High School,Medium,Neutral,In Relationship,Public,Medium,68
4456,98,13,81,1,3,0.61,7,8,8,5,21,6.1,Low,Near,Yes,Medium,Male,Medium,Yes,No,Medium,Postgraduate,High,Negative,In Relationship,Private,Low,69
4457,95,12,87,0,3,1.1199999999999999,4,5,5,7,20,2.8,Medium,Moderate,No,Low,Male,Medium,Yes,No,Medium,High School,Medium,Positive,In Relationship,Public,Medium,67
4458,63,11,51,0,3,0.47000000000000003,9,8,8,5,22,4.7,High,Moderate,Yes,Low,Male,Medium,Yes,Yes,High,College,Medium,Negative,Single,Public,Low,58
4459,81,24,67,0,2,0.37000000000000005,6,6,6,7,21,3.7,Medium,Far,Yes,Medium,Male,Medium,Yes,No,High,High School,Low,Negative,Single,Public,High,66
4460,69,27,89,2,1,1.8399999999999999,7,5,5,7,20,4.6,High,Moderate,Yes,High,Male,Low,Yes,No,Low,High School,Medium,Neutral,Single,Private,High,69
4461,76,31,70,3,3,2.4800000000000004,7,8,8,6,19,6.2,High,Moderate,Yes,Low,Male,Medium,Yes,No,Low,College,Medium,Neutral,Single,Public,Medium,70
4462,95,25,68,1,3,1.72,5,6,6,7,22,4.3,Low,Far,Yes,Medium,Male,Medium,Yes,No,Medium,High School,Medium,Positive,Single,Public,High,70
4463,81,27,98,0,3,1.52,5,6,6,7,19,3.8,Low,Near,Yes,High,Male,Medium,Yes,No,Medium,High School,Medium,Positive,Single,Public,Medium,70
4464,73,17,78,0,3,2.7600000000000002,9,9,9,4,19,6.9,High,Moderate,No,Low,Female,Medium,Yes,No,Medium,Postgraduate,High,Negative,In Relationship,Public,High,66
4465,68,13,60,1,3,2.84,7,9,9,4,19,7.1,High,Moderate,No,Medium,Female,Medium,Yes,No,Medium,College,Low,Positive,Single,Private,Low,61
4466,92,25,74,3,2,0.42000000000000004,4,5,5,7,20,4.2,Medium,Moderate,Yes,Low,Female,Medium,Yes,Yes,Medium,High School,Medium,Positive,In Relationship,Public,High,71
4467,85,23,76,2,3,0.45,7,5,5,7,20,4.5,Low,Near,Yes,Low,Female,Medium,Yes,No,High,College,High,Neutral,In Relationship,Public,Medium,69
4468,79,21,99,2,2,2.12,7,8,8,5,21,5.3,Medium,Near,Yes,Low,Male,Medium,Yes,No,Medium,Postgraduate,Medium,Positive,In Relationship,Public,Medium,69
4469,69,22,86,0,1,0.2,7,3,3,8,24,2,Medium,Near,No,Medium,Female,Low,Yes,No,Low,High School,High,Neutral,Single,Public,Medium,65
4470,73,22,76,3,4,0.54,4,8,8,5,18,5.4,High,Far,Yes,Medium,Male,High,Yes,No,High,College,High,Negative,Single,Public,Medium,69
4471,98,28,72,1,2,2.5600000000000005,7,9,9,4,19,6.4,High,Near,Yes,Low,Male,Medium,Yes,No,Medium,College,Medium,Positive,Single,Private,High,74
4472,81,28,96,2,5,1.6,6,4,4,8,19,4,Medium,Moderate,Yes,Low,Male,High,Yes,No,High,High School,Medium,Positive,Single,Private,Medium,71
4473,76,23,82,0,1,0.27999999999999997,7,3,3,8,19,2.8,Medium,Near,No,Medium,Male,Low,Yes,No,High,College,High,Neutral,Single,Private,High,68
4474,81,25,68,0,3,1.56,8,7,7,6,20,3.9,High,Moderate,Yes,Low,Female,Medium,Yes,No,Low,College,High,Neutral,Single,Public,High,69
4475,91,23,73,3,5,0.15000000000000002,8,2,2,9,23,1.5,Medium,Far,Yes,Medium,Male,High,No,No,Medium,High School,Low,Negative,Single,Public,Medium,68
4476,74,17,64,2,3,1.9600000000000002,9,8,8,5,21,4.9,Low,Near,No,Medium,Male,Medium,Yes,No,Medium,High School,Medium,Neutral,In Relationship,Public,Medium,63
4477,67,25,98,0,2,0.47000000000000003,10,7,7,6,20,4.7,Medium,Near,Yes,High,Male,Medium,Yes,No,High,High School,Medium,Positive,In Relationship,Public,Medium,68
4478,83,12,85,2,2,2.4000000000000004,5,8,8,6,19,6,Medium,Near,Yes,Low,Male,Medium,Yes,No,Medium,College,High,Negative,Single,Private,High,67
4479,87,26,70,3,3,0.7200000000000001,6,9,9,4,22,7.2,High,Moderate,No,Medium,Male,Medium,Yes,No,Low,College,Medium,Neutral,Single,Public,Medium,71
4480,89,13,59,0,2,0.7000000000000001,8,8,8,5,19,7,High,Moderate,No,Low,Male,Medium,Yes,No,Low,Postgraduate,High,Neutral,In Relationship,Public,High,66
4481,95,22,59,2,3,0.5,7,5,5,7,20,5,Medium,Near,No,Low,Male,Medium,Yes,Yes,Medium,High School,High,Negative,Single,Public,Medium,69
4482,75,15,74,3,4,2.72,4,8,8,5,19,6.8,Medium,Near,Yes,Medium,Female,High,Yes,No,Medium,College,High,Positive,In Relationship,Public,High,68
4483,63,23,73,1,3,0.49000000000000005,7,6,6,6,20,4.9,Medium,Moderate,No,Low,Male,Medium,Yes,No,Low,College,Medium,Neutral,Single,Public,Medium,63
4484,98,20,71,0,4,2.9600000000000004,9,9,9,5,20,7.4,Medium,Moderate,No,Low,Male,High,Yes,No,Medium,College,Medium,Negative,In Relationship,Public,Medium,69
4485,77,10,93,3,3,0.44000000000000006,5,5,5,7,20,4.4,High,Near,Yes,Low,Female,Medium,Yes,No,Medium,College,Low,Positive,Single,Public,Medium,66
4486,85,23,99,1,5,0.58,7,7,7,6,19,5.8,Medium,Near,Yes,Low,Female,High,Yes,No,High,College,Medium,Neutral,Single,Public,High,71
4487,87,17,68,2,4,0.6400000000000001,4,8,8,5,22,6.4,High,Moderate,No,Low,Male,High,Yes,No,Medium,Postgraduate,Medium,Positive,Single,Public,Low,68
4488,82,25,65,0,4,1.8399999999999999,8,7,7,6,22,4.6,Medium,Near,Yes,High,Male,High,Yes,No,Medium,High School,Medium,Neutral,Single,Private,Medium,69
4489,68,20,89,0,3,1.92,7,7,7,6,22,4.8,Medium,Far,Yes,Medium,Female,Medium,Yes,No,Medium,High School,Medium,Positive,Single,Private,High,65
4490,90,22,72,0,4,1.8399999999999999,6,8,8,5,20,4.6,Low,Near,Yes,Low,Male,High,Yes,No,Medium,College,Medium,Neutral,In Relationship,Public,Medium,68
4491,92,14,61,0,2,0.32000000000000006,6,5,5,7,22,3.2,Medium,Moderate,Yes,Low,Male,Medium,Yes,No,High,College,High,Neutral,In Relationship,Private,Medium,67
4492,82,16,59,1,3,2.7600000000000002,5,9,9,4,24,6.9,Medium,Near,No,Medium,Male,Medium,Yes,No,Medium,High School,Medium,Positive,Single,Public,Medium,65
4493,80,17,64,1,4,1.9600000000000002,9,7,7,6,19,4.9,Medium,Far,Yes,Low,Female,High,Yes,No,Medium,Postgraduate,Low,Positive,Complicated,Private,Medium,65
4494,65,25,50,2,2,0.6200000000000001,6,8,8,5,21,6.2,Low,Near,Yes,Low,Female,Medium,Yes,No,Medium,College,Medium,Positive,Single,Public,Medium,64
4495,63,30,97,1,3,0.37000000000000005,8,6,6,7,21,3.7,High,Near,No,Low,Female,Medium,Yes,No,Medium,High School,High,Neutral,Single,Public,High,69
4496,74,15,72,2,3,2.04,6,7,7,6,19,5.1,Low,Near,No,Low,Male,Medium,Yes,No,Low,High School,High,Positive,Single,Public,Medium,64
4497,72,26,54,2,2,0.6400000000000001,10,8,8,5,20,6.4,Medium,Moderate,No,High,Male,Medium,No,No,Medium,College,Medium,Neutral,Single,Public,High,66
4498,98,7,58,2,5,2.16,9,7,7,6,22,5.4,Low,Near,Yes,Medium,Male,High,Yes,Yes,Medium,College,Medium,Neutral,Single,Private,Medium,65
4499,91,13,66,2,4,1.16,10,4,4,8,19,2.9,Medium,Near,Yes,Medium,Female,High,Yes,No,Medium,High School,High,Positive,Single,Public,Medium,69
4500,86,14,78,3,4,1.1199999999999999,10,5,5,7,20,2.8,Medium,Near,Yes,Medium,Female,High,Yes,Yes,Medium,High School,Low,Negative,In Relationship,Private,High,66
4501,81,12,85,0,2,0.6200000000000001,6,8,8,5,22,6.2,Medium,Near,Yes,Low,Male,Medium,Yes,Yes,High,High School,Medium,Positive,In Relationship,Private,Medium,64
4502,67,10,65,1,4,1.8800000000000001,6,5,5,7,19,4.7,Medium,Near,Yes,Medium,Female,High,Yes,No,Medium,High School,Medium,Negative,In Relationship,Public,High,61
4503,99,22,98,1,1,2.44,10,8,8,6,20,6.1,Medium,Near,No,Medium,Male,Low,Yes,No,Low,College,Medium,Neutral,Single,Private,Medium,72
4504,75,19,88,1,3,1.6,7,6,6,7,19,4,Medium,Moderate,Yes,Medium,Male,Medium,Yes,No,Low,Postgraduate,Medium,Positive,Single,Private,Medium,67
4505,64,22,91,0,4,1.7600000000000002,8,5,5,7,20,4.4,Medium,Moderate,Yes,Low,Female,High,Yes,No,Low,College,Low,Neutral,In Relationship,Public,Medium,63
4506,80,24,66,1,3,2.84,6,9,9,4,20,7.1,High,Moderate,No,Medium,Male,Medium,Yes,No,High,College,Medium,Neutral,Single,Public,Medium,69
4507,95,22,69,3,2,1.4000000000000001,6,5,5,7,19,3.5,High,Far,Yes,Medium,Male,Medium,Yes,Yes,High,Postgraduate,Low,Neutral,In Relationship,Public,Medium,70
4508,95,24,77,1,3,2.12,8,7,7,6,19,5.3,High,Near,Yes,Low,Male,Medium,Yes,Yes,Low,High School,Medium,Positive,Single,Public,Medium,71
4509,60,20,73,0,1,2.8000000000000003,4,9,9,4,19,7,Low,Moderate,Yes,Low,Female,Low,Yes,No,Medium,Postgraduate,Medium,Neutral,Single,Public,Low,60
4510,95,13,63,3,2,0.41,8,5,5,7,21,4.1,High,Near,Yes,Medium,Female,Medium,Yes,No,Medium,Postgraduate,Medium,Neutral,In Relationship,Private,Medium,70
4511,71,26,100,1,4,2.2399999999999998,8,8,8,5,18,5.6,High,Near,No,Low,Female,High,Yes,No,Low,College,Low,Positive,Single,Private,High,69
4512,62,16,92,0,4,1.6,6,4,4,8,22,4,High,Near,No,Medium,Female,High,No,No,Medium,High School,Medium,Positive,Single,Private,Medium,63
4513,94,14,62,2,1,2.32,7,7,7,6,22,5.8,Medium,Near,Yes,Medium,Male,Low,Yes,No,High,Postgraduate,Medium,Negative,Single,Private,High,69
4514,95,19,95,0,2,1.1199999999999999,7,4,4,8,20,2.8,Medium,Near,Yes,Medium,Male,Medium,Yes,No,High,College,Medium,Negative,Single,Private,High,71
4515,84,15,79,1,4,0.6400000000000001,7,8,8,5,22,6.4,High,Near,Yes,Medium,Female,High,Yes,No,Medium,High School,Medium,Neutral,In Relationship,Public,High,68
4516,83,17,51,0,4,1.72,8,6,6,7,22,4.3,High,Moderate,No,Low,Male,High,Yes,No,Low,High School,Medium,Negative,Single,Public,Medium,64
4517,93,22,67,0,3,1.6800000000000002,6,7,7,5,21,4.2,Medium,Near,No,Medium,Female,Medium,Yes,No,Medium,College,Low,Neutral,In Relationship,Public,Medium,68
4518,91,22,51,2,3,2.2800000000000002,10,7,7,6,23,5.7,Medium,Near,Yes,High,Female,Medium,Yes,No,High,High School,Low,Neutral,Single,Public,Medium,69
4519,96,15,54,0,3,0.44000000000000006,7,6,6,7,21,4.4,Low,Near,No,Low,Female,Medium,Yes,No,Low,College,Medium,Neutral,In Relationship,Public,Medium,65
4520,82,17,59,3,4,0.41,7,5,5,7,21,4.1,Medium,Near,Yes,Medium,Male,High,Yes,No,Medium,College,Medium,Positive,Single,Public,Medium,68
4521,99,26,74,1,2,1.8399999999999999,10,7,7,5,19,4.6,High,Near,Yes,Medium,Male,Medium,Yes,No,Medium,College,Medium,Neutral,Single,Private,Medium,74
4522,100,23,69,0,4,0.4,4,5,5,7,22,4,Low,Near,Yes,Low,Female,High,Yes,No,Low,Postgraduate,High,Positive,Single,Public,High,72
4523,65,32,57,1,2,1.52,10,4,4,8,20,3.8,Medium,Near,No,High,Female,Medium,Yes,No,Medium,High School,High,Negative,Single,Private,Medium,67
4524,94,27,70,1,2,1.92,7,5,5,8,19,4.8,High,Moderate,Yes,Medium,Female,Medium,Yes,No,Low,High School,High,Neutral,Single,Public,High,73
4525,80,27,65,1,4,0.33,6,5,5,7,22,3.3,Medium,Moderate,No,High,Male,High,No,No,High,College,Medium,Neutral,In Relationship,Private,Medium,68
4526,76,12,71,0,4,2.68,5,9,9,4,21,6.7,Low,Near,Yes,Medium,Male,High,Yes,No,Low,High School,Medium,Negative,Single,Public,Medium,61
4527,85,25,59,3,4,1.92,5,7,7,6,19,4.8,High,Near,No,Low,Female,High,Yes,No,Medium,High School,High,Neutral,Single,Public,Medium,70
4528,62,20,80,1,3,1.92,6,6,6,7,19,4.8,Low,Moderate,Yes,Medium,Female,Medium,No,No,High,College,Medium,Neutral,Single,Public,High,62
4529,80,17,52,2,3,2.8000000000000003,7,8,8,5,19,7,Medium,Near,Yes,Medium,Female,Medium,Yes,No,High,Postgraduate,Medium,Neutral,In Relationship,Private,Medium,67
4530,95,21,69,0,3,1.52,8,4,4,8,20,3.8,High,Near,Yes,Low,Male,Medium,No,No,Medium,Postgraduate,Low,Negative,Single,Public,High,69
4531,69,26,95,0,3,0.42000000000000004,7,5,5,7,22,4.2,High,Near,No,Medium,Female,Medium,No,No,Low,Postgraduate,High,Negative,In Relationship,Public,Medium,93
4532,77,23,71,3,4,2.6,6,9,9,5,19,6.5,High,Moderate,No,Medium,Male,High,Yes,No,Low,High School,Medium,Positive,Single,Private,Low,68
4533,98,15,72,1,2,0.5700000000000001,9,7,7,6,22,5.7,Medium,Near,Yes,Low,Female,Medium,Yes,No,Medium,College,Medium,Neutral,In Relationship,Public,High,69
4534,77,24,53,2,4,2,10,6,6,7,20,5,Medium,Moderate,Yes,High,Male,High,Yes,No,High,College,Medium,Neutral,Single,Public,Medium,68
4535,74,16,80,0,5,2.4000000000000004,9,9,9,5,20,6,High,Near,No,Medium,Male,High,Yes,No,Low,High School,Medium,Negative,Complicated,Public,Medium,64
4536,78,21,97,0,2,0.45,6,5,5,7,22,4.5,Medium,Near,Yes,Medium,Female,Medium,Yes,No,Medium,High School,High,Positive,In Relationship,Public,Medium,69
4537,81,18,65,2,4,1.6,8,7,7,5,21,4,Medium,Near,No,Low,Male,High,Yes,No,Low,Postgraduate,Medium,Neutral,In Relationship,Public,Medium,66
4538,85,19,70,4,3,1.8,8,7,7,6,20,4.5,Medium,Moderate,No,High,Male,Medium,Yes,No,Low,High School,Medium,Neutral,Single,Public,Medium,68
4539,92,25,79,3,4,1.8399999999999999,9,7,7,6,19,4.6,Medium,Moderate,Yes,Medium,Male,High,Yes,No,Medium,College,Medium,Negative,Complicated,Public,High,72
4540,78,14,55,2,2,0.7200000000000001,6,9,9,4,22,7.2,Medium,Near,No,Low,Female,Medium,Yes,No,Low,High School,High,Neutral,Single,Private,Medium,63
4541,93,32,98,0,4,2.72,6,8,8,5,21,6.8,Medium,Near,No,Medium,Male,High,Yes,Yes,Medium,High School,High,Neutral,Single,Public,Medium,73
4542,81,9,73,1,1,2.6,9,8,8,5,20,6.5,Medium,Near,Yes,Medium,Male,Low,Yes,No,Medium,Postgraduate,High,Negative,In Relationship,Public,Medium,65
4543,74,16,56,1,2,0.38,8,4,4,8,23,3.8,High,Near,Yes,Low,Female,Medium,Yes,No,Low,High School,High,Positive,In Relationship,Private,Medium,65
4544,86,22,67,0,2,1.8399999999999999,5,5,5,8,21,4.6,Medium,Near,Yes,High,Male,Medium,Yes,No,Medium,College,Low,Positive,In Relationship,Public,Medium,68
4545,89,24,69,3,2,1.2000000000000002,8,5,5,7,20,3,Medium,Near,No,High,Male,Medium,No,No,Low,College,High,Neutral,In Relationship,Public,Medium,70
4546,82,19,67,0,2,0.42000000000000004,10,4,4,8,24,4.2,Medium,Far,No,Low,Male,Medium,Yes,No,Medium,Postgraduate,Medium,Positive,Single,Public,Low,65
4547,62,20,85,2,3,1.9600000000000002,6,7,7,6,19,4.9,Medium,Near,Yes,Medium,Female,Medium,Yes,No,Medium,College,High,Neutral,Single,Public,Medium,66
4548,67,22,67,1,1,0.67,6,8,8,5,21,6.7,High,Near,Yes,Low,Male,Low,Yes,No,High,College,Medium,Neutral,In Relationship,Private,Medium,66
4549,71,19,66,2,3,0.5,7,6,6,6,20,5,High,Near,Yes,Low,Female,Medium,Yes,No,Low,High School,Medium,Neutral,Single,Public,Medium,65
4550,71,28,66,2,3,2.2399999999999998,8,8,8,5,19,5.6,High,Near,No,Low,Male,Medium,Yes,No,Medium,College,Medium,Positive,In Relationship,Private,Medium,69
4551,87,25,89,1,4,0.4,7,4,4,8,22,4,High,Near,Yes,Low,Female,High,Yes,Yes,Medium,High School,Low,Neutral,In Relationship,Public,Medium,69
4552,61,25,65,2,4,0.5599999999999999,9,7,7,6,19,5.6,High,Moderate,No,Medium,Female,High,Yes,Yes,Medium,High School,Medium,Neutral,Single,Private,Medium,64
4553,90,14,51,1,4,0.58,7,7,7,6,22,5.8,Medium,Near,Yes,Medium,Female,High,Yes,Yes,Medium,High School,Medium,Positive,Single,Public,Medium,66
4554,71,20,68,1,3,0.61,9,8,8,5,20,6.1,Medium,Far,Yes,Low,Male,Medium,Yes,No,Medium,High School,Low,Positive,Single,Private,Medium,63
4555,72,18,64,4,3,2.32,6,7,7,6,22,5.8,Medium,Near,Yes,Low,Female,Medium,Yes,No,Medium,Postgraduate,High,Positive,In Relationship,Public,Medium,68
4556,81,14,95,2,3,0.24,5,4,4,8,21,2.4,Medium,Near,Yes,Low,Male,Medium,Yes,No,Low,High School,High,Positive,In Relationship,Public,High,68
4557,69,22,74,1,3,2.84,6,9,9,4,19,7.1,Medium,Near,No,Medium,Female,Medium,Yes,Yes,High,College,High,Negative,Single,Public,Low,65
4558,95,17,62,1,3,1.8800000000000001,5,6,6,7,22,4.7,Medium,Moderate,No,Medium,Male,Medium,Yes,No,High,High School,High,Positive,In Relationship,Private,Medium,69
4559,63,24,99,2,1,2.2,8,8,8,5,20,5.5,Medium,Near,No,Low,Female,Low,Yes,No,Low,Postgraduate,Medium,Neutral,Single,Public,High,66
4560,78,14,62,1,4,1.4800000000000002,4,5,5,7,19,3.7,Medium,Near,No,Low,Male,High,Yes,No,Medium,College,Medium,Neutral,In Relationship,Public,Medium,63
4561,94,30,88,2,3,2.16,6,7,7,6,20,5.4,Medium,Near,Yes,Low,Female,Medium,Yes,Yes,Low,College,Low,Neutral,In Relationship,Private,Medium,72
4562,85,15,82,2,4,0.45,7,5,5,7,19,4.5,Medium,Far,No,Medium,Male,High,Yes,No,High,High School,High,Negative,Single,Public,Medium,67
4563,72,21,73,1,3,2.2399999999999998,5,8,8,5,21,5.6,High,Near,No,Medium,Male,Medium,Yes,No,Medium,High School,High,Neutral,In Relationship,Public,Medium,67
4564,77,25,70,0,5,1.9600000000000002,7,8,8,5,21,4.9,Medium,Near,Yes,Medium,Male,High,Yes,No,Medium,High School,High,Neutral,In Relationship,Public,Medium,68
4565,88,17,94,2,3,0.6000000000000001,7,7,7,6,22,6,High,Near,Yes,Medium,Male,Medium,No,No,Medium,High School,High,Positive,Single,Public,High,71
4566,99,25,74,1,3,1.4000000000000001,9,5,5,7,19,3.5,High,Near,No,Medium,Male,Medium,Yes,No,Medium,High School,Medium,Negative,In Relationship,Private,High,73
4567,96,13,69,2,3,1.52,5,7,7,6,22,3.8,Medium,Near,No,Medium,Male,Medium,Yes,No,Medium,High School,Medium,Positive,Single,Public,Low,68
4568,74,29,68,0,4,1.9600000000000002,8,8,8,5,21,4.9,Medium,Near,No,Medium,Female,High,Yes,No,Medium,High School,High,Positive,In Relationship,Public,High,69
4569,100,20,64,0,2,1.4400000000000002,8,7,7,6,22,3.6,Medium,Moderate,Yes,Low,Male,Medium,Yes,No,Medium,High School,Medium,Neutral,Single,Public,Medium,69
4570,60,16,70,3,4,1.4400000000000002,7,4,4,8,20,3.6,High,Near,No,High,Female,High,Yes,No,Low,High School,Medium,Negative,Single,Private,High,63
4571,61,18,56,3,3,0.9199999999999999,6,4,4,8,19,2.3,Medium,Moderate,Yes,Low,Male,Medium,Yes,No,Medium,High School,Medium,Neutral,Single,Public,Medium,62
4572,93,25,53,0,5,2.52,5,8,8,6,20,6.3,Medium,Moderate,Yes,High,Female,High,Yes,No,Medium,College,Medium,Neutral,Single,Private,Medium,70
4573,68,16,77,1,3,0.43,10,4,4,8,24,4.3,Medium,Near,No,High,Male,Medium,Yes,No,Medium,Postgraduate,High,Positive,Single,Public,Medium,66
4574,62,16,73,3,3,0.45999999999999996,7,7,7,6,20,4.6,Medium,Near,No,High,Female,Medium,Yes,No,Low,High School,Medium,Negative,In Relationship,Public,Medium,62
4575,69,19,59,2,2,0.58,7,7,7,6,19,5.8,High,Moderate,Yes,Low,Female,Medium,Yes,No,Low,Postgraduate,Medium,Neutral,Single,Private,Low,64
4576,77,13,55,2,3,2.44,10,7,7,5,20,6.1,Medium,Moderate,Yes,Low,Male,Medium,Yes,No,Low,College,Medium,Positive,Single,Private,Medium,63
4577,89,31,57,1,2,2.68,7,8,8,5,20,6.7,Medium,Moderate,Yes,High,Female,Medium,Yes,No,Medium,College,Medium,Positive,Single,Public,Low,71
4578,85,17,66,1,1,1.8800000000000001,10,7,7,6,19,4.7,Medium,Moderate,Yes,High,Male,Low,Yes,Yes,Medium,Postgraduate,High,Neutral,Complicated,Public,Medium,67
4579,70,25,73,2,1,0.33,5,3,3,8,19,3.3,High,Near,Yes,Medium,Male,Low,Yes,No,Medium,Postgraduate,Low,Neutral,Single,Private,Medium,67
4580,80,21,60,1,2,1.8,7,8,8,6,22,4.5,High,Moderate,Yes,Medium,Male,Medium,Yes,No,Medium,College,Low,Positive,In Relationship,Public,High,67
4581,97,14,88,2,3,0.27999999999999997,5,4,4,8,21,2.8,Medium,Near,Yes,High,Male,Medium,Yes,No,Medium,Postgraduate,Low,Positive,In Relationship,Public,Medium,71
4582,93,20,60,0,3,1.7600000000000002,7,7,7,6,19,4.4,Medium,Near,No,Low,Male,Medium,Yes,No,High,High School,High,Neutral,Single,Public,High,69
4583,73,25,56,2,4,1.8399999999999999,7,7,7,6,22,4.6,Medium,Near,Yes,High,Female,High,Yes,No,Medium,High School,Medium,Neutral,Single,Public,Medium,93
4584,99,19,100,1,1,2.72,6,8,8,5,24,6.8,Medium,Moderate,Yes,Low,Male,Low,Yes,No,Medium,High School,High,Positive,Single,Private,Medium,72
4585,88,27,72,1,1,1.4800000000000002,7,7,7,6,21,3.7,High,Near,No,Low,Female,Low,Yes,No,Medium,High School,Medium,Positive,Single,Public,High,71
4586,62,26,59,1,3,0.9199999999999999,6,4,4,8,19,2.3,Medium,Moderate,No,Medium,Male,Medium,Yes,No,Medium,High School,Medium,Neutral,Single,Public,Medium,63
4587,61,26,95,0,3,1.56,7,7,7,6,21,3.9,Low,Moderate,Yes,Medium,Male,Medium,No,No,Low,Postgraduate,High,Neutral,Single,Public,High,65
4588,67,17,62,0,3,0.7200000000000001,6,9,9,4,22,7.2,Medium,Moderate,Yes,Medium,Female,Medium,Yes,No,Medium,College,Low,Neutral,Single,Public,Medium,61
4589,89,14,96,2,3,2.32,9,7,7,6,22,5.8,Low,Moderate,No,Low,Female,Medium,Yes,No,Low,College,Medium,Neutral,Single,Private,High,66
4590,67,16,56,1,2,1.08,5,4,4,8,19,2.7,Medium,Near,Yes,Low,Female,Medium,Yes,No,Low,College,Medium,Negative,Single,Public,Medium,61
4591,80,21,92,1,3,2.5600000000000005,7,9,9,4,19,6.4,Medium,Moderate,No,Medium,Male,Medium,Yes,No,Low,High School,Medium,Positive,Single,Public,Medium,67
4592,64,23,59,3,5,0.48,5,6,6,6,20,4.8,Low,Moderate,Yes,Low,Female,High,Yes,No,Medium,High School,Medium,Positive,Single,Public,Medium,64
4593,97,7,97,3,2,2.2800000000000002,6,8,8,5,19,5.7,High,Moderate,No,Medium,Female,Medium,Yes,No,Medium,College,Low,Positive,Single,Private,High,69
4594,74,20,79,1,2,0.4,6,5,5,7,22,4,Medium,Far,No,High,Male,Medium,Yes,Yes,Medium,College,Low,Neutral,Single,Public,Medium,64
4595,96,21,59,2,2,1.8800000000000001,7,6,6,7,22,4.7,Medium,Near,Yes,High,Male,Medium,Yes,No,Low,College,Medium,Negative,Single,Public,Medium,70
4596,98,18,92,2,4,0.45999999999999996,7,5,5,7,20,4.6,Medium,Near,Yes,Low,Male,High,Yes,No,Medium,High School,High,Neutral,In Relationship,Private,High,73
4597,60,28,70,0,5,1.8399999999999999,5,7,7,6,19,4.6,Medium,Near,Yes,Low,Male,High,Yes,No,Low,High School,Low,Neutral,Complicated,Private,Medium,63
4598,79,23,87,2,4,1.8,6,7,7,6,20,4.5,Medium,Moderate,Yes,Low,Male,High,No,No,Medium,College,Medium,Neutral,Single,Public,High,68
4599,61,28,82,0,3,2.72,6,9,9,4,19,6.8,Low,Near,Yes,Medium,Female,Medium,Yes,No,Low,College,Low,Positive,Single,Public,High,64
4600,96,19,86,3,3,1.9600000000000002,5,7,7,6,21,4.9,Low,Moderate,Yes,Medium,Male,Medium,No,No,Medium,High School,Medium,Positive,Single,Public,Medium,69
4601,81,26,67,3,2,1.8800000000000001,9,5,5,7,19,4.7,Medium,Near,Yes,Low,Female,Medium,Yes,No,Medium,College,Medium,Neutral,In Relationship,Public,Medium,69
4602,63,30,97,2,2,0.47000000000000003,5,5,5,7,24,4.7,Low,Moderate,No,Low,Female,Medium,Yes,Yes,High,College,High,Positive,In Relationship,Public,High,67
4603,64,28,78,3,4,0.39,7,5,5,7,22,3.9,Low,Moderate,Yes,Medium,Male,High,Yes,No,Medium,Postgraduate,High,Positive,In Relationship,Private,High,69
4604,75,13,54,1,3,1.2800000000000002,10,4,4,8,20,3.2,High,Near,No,Low,Male,Medium,Yes,Yes,Medium,College,Medium,Negative,Single,Private,Medium,62
4605,98,18,53,0,1,0.44000000000000006,9,5,5,7,20,4.4,Medium,Moderate,No,High,Male,Low,Yes,No,Medium,High School,Low,Neutral,Single,Public,Medium,66
4606,88,18,87,2,2,2.16,8,7,7,6,22,5.4,Medium,Moderate,No,Medium,Female,Medium,Yes,No,Medium,Postgraduate,Low,Neutral,Single,Public,High,68
4607,95,23,92,1,1,2.7600000000000002,7,8,8,5,21,6.9,Low,Near,No,Low,Female,Low,Yes,No,High,High School,High,Positive,Single,Public,Medium,71
4608,75,24,85,1,2,1.8399999999999999,8,6,6,7,21,4.6,Low,Near,No,Low,Male,Medium,Yes,Yes,Medium,Postgraduate,Medium,Positive,In Relationship,Public,Medium,66
4609,62,15,64,2,4,2.08,8,8,8,6,21,5.2,High,Near,No,Low,Female,High,Yes,No,High,College,Low,Neutral,In Relationship,Public,Medium,62
4610,99,20,61,1,4,1.92,9,7,7,6,22,4.8,Low,Moderate,Yes,High,Male,High,Yes,No,Low,High School,Low,Neutral,Single,Private,Medium,68
4611,61,8,78,0,3,1.8800000000000001,7,7,7,6,20,4.7,Low,Near,Yes,Medium,Female,Medium,Yes,No,Medium,High School,Medium,Positive,Single,Private,Medium,59
4612,98,29,60,0,4,2.32,9,7,7,6,22,5.8,Medium,Near,Yes,Low,Female,High,Yes,No,Low,High School,Medium,Negative,Single,Private,Medium,70
4613,75,17,69,1,4,0.45999999999999996,7,7,7,6,21,4.6,Low,Near,Yes,High,Male,High,Yes,No,Medium,High School,High,Positive,In Relationship,Public,Medium,66
4614,60,20,81,3,3,1.64,10,5,5,7,19,4.1,Medium,Near,Yes,Low,Male,Medium,Yes,No,Medium,College,Medium,Positive,In Relationship,Public,Medium,65
4615,88,18,64,0,4,0.6400000000000001,7,8,8,5,22,6.4,Medium,Moderate,No,Medium,Male,High,Yes,No,Low,College,Medium,Positive,In Relationship,Public,Low,66
4616,99,27,69,2,2,2.2399999999999998,5,8,8,5,19,5.6,Medium,Moderate,Yes,Medium,Male,Medium,Yes,No,Medium,Postgraduate,Medium,Positive,In Relationship,Public,Low,73
4617,99,3,68,2,3,2.04,7,7,7,6,19,5.1,Low,Near,Yes,High,Female,Medium,Yes,No,Medium,High School,Medium,Neutral,Single,Private,Medium,65
4618,66,20,73,0,3,1.8399999999999999,8,5,5,7,20,4.6,High,Moderate,Yes,High,Male,Medium,Yes,No,Medium,High School,Medium,Positive,Single,Public,Low,65
4619,67,19,84,0,3,0.45999999999999996,9,5,5,7,20,4.6,Medium,Moderate,No,Medium,Female,Medium,Yes,No,Low,High School,High,Positive,Single,Public,Medium,64
4620,83,17,89,0,4,2.72,6,8,8,5,23,6.8,Medium,Near,Yes,Low,Male,High,Yes,No,High,Postgraduate,Medium,Positive,Single,Public,Medium,69
4621,85,30,83,2,3,2.32,4,7,7,6,21,5.8,Medium,Near,No,High,Female,Medium,Yes,No,Low,Postgraduate,Medium,Positive,In Relationship,Public,High,74
4622,90,15,51,2,2,0.31000000000000005,8,5,5,7,22,3.1,High,Moderate,Yes,High,Female,Medium,Yes,No,High,High School,High,Negative,Single,Public,Medium,68
4623,67,25,95,0,4,0.51,8,8,8,5,22,5.1,Medium,Moderate,No,Medium,Female,High,Yes,No,Medium,Postgraduate,Low,Neutral,Single,Public,Medium,65
4624,98,22,79,2,5,2.68,5,9,9,4,21,6.7,High,Moderate,Yes,High,Male,High,No,No,Medium,High School,Medium,Neutral,Single,Public,Medium,72
4625,86,28,96,2,4,1.6800000000000002,7,8,8,5,20,4.2,Medium,Near,Yes,Medium,Male,High,Yes,No,Medium,High School,Medium,Neutral,In Relationship,Public,Low,71
4626,94,16,98,0,4,0.61,7,7,7,6,21,6.1,Medium,Moderate,No,Low,Female,High,Yes,No,Medium,High School,High,Neutral,Single,Public,Medium,69
4627,82,16,73,3,1,0.65,8,8,8,5,20,6.5,High,Near,Yes,Low,Male,Low,Yes,No,Low,College,Low,Positive,Single,Public,High,67
4628,77,27,96,0,3,0.6400000000000001,6,8,8,5,23,6.4,High,Moderate,Yes,Medium,Male,Medium,Yes,No,Low,Postgraduate,Medium,Positive,Single,Public,High,71
4629,99,23,68,1,3,3.16,6,9,9,5,19,7.9,Low,Far,Yes,Medium,Male,Medium,Yes,Yes,High,College,Low,Neutral,In Relationship,Public,Medium,68
4630,83,11,63,3,2,0.44000000000000006,7,5,5,7,20,4.4,Medium,Far,No,High,Female,Medium,Yes,No,High,High School,Low,Negative,Single,Public,Medium,63
4631,95,17,54,2,2,0.6200000000000001,5,7,7,6,22,6.2,Medium,Moderate,No,High,Female,Medium,Yes,No,Low,College,High,Neutral,Single,Public,High,69
4632,98,22,73,1,4,1.52,10,7,7,6,22,3.8,Low,Near,No,Low,Female,High,Yes,Yes,Medium,College,Medium,Negative,Single,Public,Low,68
4633,87,25,84,2,4,2.08,8,7,7,6,22,5.2,High,Moderate,Yes,High,Male,High,Yes,No,Low,College,High,Positive,Single,Public,Medium,73
4634,82,16,99,3,2,2.08,6,7,7,6,22,5.2,Medium,Near,Yes,High,Male,Medium,Yes,No,Medium,High School,Medium,Positive,Single,Public,Medium,69
4635,60,3,76,0,4,0.45999999999999996,5,6,6,7,22,4.6,Medium,Moderate,Yes,Medium,Female,High,Yes,No,Medium,High School,Medium,Neutral,In Relationship,Private,High,58
4636,62,23,87,1,3,2.12,5,7,7,5,19,5.3,Low,Near,No,High,Male,Medium,Yes,No,Medium,High School,High,Positive,Single,Private,Low,65
4637,68,13,95,2,4,1.8,8,6,6,7,22,4.5,Medium,Moderate,Yes,Low,Male,High,Yes,No,Medium,High School,Medium,Positive,Single,Private,Low,63
4638,67,8,77,1,2,0.33,5,4,4,8,22,3.3,Low,Near,No,Medium,Male,Medium,Yes,No,Low,College,Low,Positive,In Relationship,Public,High,59
4639,70,3,58,0,2,1.8399999999999999,7,5,5,7,20,4.6,Medium,Moderate,Yes,Medium,Male,Medium,Yes,No,Medium,High School,Medium,Neutral,In Relationship,Private,Medium,58
4640,72,25,92,1,2,1.6800000000000002,4,5,5,7,21,4.2,Medium,Near,Yes,Low,Male,Medium,Yes,Yes,High,High School,Medium,Negative,In Relationship,Private,Medium,66
4641,74,21,79,0,4,0.44000000000000006,8,6,6,7,21,4.4,High,Near,Yes,Low,Male,High,Yes,No,Medium,High School,Medium,Positive,In Relationship,Private,High,67
4642,77,19,88,3,3,1.8,8,7,7,6,20,4.5,Medium,Moderate,Yes,Low,Male,Medium,No,No,Medium,College,High,Positive,Complicated,Public,Medium,67
4643,64,28,83,2,4,1.2400000000000002,7,4,4,8,19,3.1,Medium,Moderate,No,High,Male,High,Yes,No,Low,High School,High,Neutral,Single,Private,Medium,67
4644,62,24,53,0,6,0.71,7,9,9,4,21,7.1,Low,Near,Yes,Medium,Female,High,Yes,No,Medium,Postgraduate,High,Positive,Single,Public,Medium,65
4645,87,30,58,1,1,2.3600000000000003,8,7,7,6,19,5.9,Medium,Near,Yes,Low,Male,Low,Yes,No,High,College,High,Negative,Single,Public,Medium,71
4646,81,12,64,2,3,2.8000000000000003,7,9,9,4,19,7,Medium,Near,Yes,High,Male,Medium,Yes,No,High,High School,Medium,Neutral,Single,Public,Medium,66
4647,78,20,64,2,2,2.64,8,8,8,5,19,6.6,High,Moderate,Yes,High,Female,Medium,Yes,No,Medium,High School,Medium,Positive,In Relationship,Private,Medium,68
4648,85,10,92,0,4,2.16,5,8,8,5,19,5.4,High,Far,Yes,Low,Female,High,Yes,Yes,Medium,High School,Medium,Positive,In Relationship,Private,High,65
4649,93,19,80,1,3,0.65,8,8,8,5,23,6.5,High,Moderate,No,Medium,Male,Medium,Yes,No,Medium,College,High,Neutral,Single,Private,Medium,71
4650,77,19,54,2,4,2.52,7,8,8,5,22,6.3,Low,Near,Yes,Low,Female,High,Yes,No,Low,High School,Medium,Positive,Single,Private,Medium,64
4651,86,24,69,1,3,2.5600000000000005,9,8,8,6,19,6.4,High,Near,Yes,Medium,Male,Medium,Yes,No,High,Postgraduate,Medium,Neutral,Single,Public,High,72
4652,98,20,78,4,2,0.49000000000000005,7,7,7,6,20,4.9,Low,Far,No,High,Male,Medium,Yes,No,Low,High School,Low,Neutral,Complicated,Public,High,69
4653,94,24,63,1,3,2.04,7,7,7,6,21,5.1,Medium,Near,No,Low,Male,Medium,Yes,No,Medium,High School,Medium,Neutral,Single,Public,High,70
4654,77,24,52,0,4,2.2800000000000002,6,7,7,6,19,5.7,Medium,Near,Yes,Medium,Male,High,Yes,No,Medium,High School,Medium,Negative,Single,Private,Medium,66
4655,86,33,69,0,3,1.8800000000000001,9,6,6,7,22,4.7,Medium,Near,No,Medium,Female,Medium,No,No,Medium,College,Medium,Neutral,In Relationship,Public,Medium,70
4656,67,18,73,0,2,1.04,4,4,4,8,20,2.6,Low,Moderate,No,Medium,Male,Medium,Yes,No,Low,Postgraduate,High,Neutral,Single,Private,Medium,62
4657,82,14,95,1,3,2.2399999999999998,8,8,8,5,18,5.6,Medium,Moderate,Yes,Low,Male,Medium,Yes,No,Medium,Postgraduate,Low,Neutral,Single,Private,Medium,66
4658,99,21,95,2,1,2.2,7,8,8,5,19,5.5,Low,Near,No,Low,Female,Low,Yes,No,Low,High School,High,Negative,Complicated,Public,Medium,70
4659,81,15,75,1,1,2.2,7,7,7,6,21,5.5,Low,Moderate,Yes,Medium,Male,Low,Yes,No,Low,Postgraduate,Low,Negative,Single,Public,High,63
4660,97,29,74,1,4,2.12,7,7,7,5,21,5.3,Medium,Near,Yes,Medium,Female,High,Yes,Yes,Medium,High School,High,Positive,Single,Public,Low,73
4661,76,18,82,2,4,1.52,7,4,4,8,22,3.8,High,Near,Yes,Medium,Female,High,Yes,No,High,Postgraduate,Medium,Neutral,Single,Public,High,70
4662,100,17,63,1,5,2.04,8,7,7,6,20,5.1,High,Near,No,Low,Male,High,Yes,No,Low,High School,High,Positive,Single,Private,Medium,71
4663,83,17,64,1,4,1.7600000000000002,6,7,7,5,21,4.4,Medium,Near,No,Medium,Female,High,Yes,No,Medium,High School,Low,Positive,In Relationship,Private,Medium,65
4664,62,24,50,1,2,1.7600000000000002,7,6,6,7,21,4.4,Low,Near,Yes,High,Male,Medium,Yes,No,Medium,Postgraduate,Medium,Negative,Single,Private,High,64
4665,83,19,54,1,4,2.52,8,8,8,5,22,6.3,Low,Moderate,Yes,Low,Male,High,Yes,No,Medium,High School,High,Positive,Single,Private,Medium,66
4666,71,16,59,1,3,1.52,6,5,5,7,21,3.8,Low,Near,Yes,Low,Male,Medium,Yes,No,High,Postgraduate,Low,Positive,Single,Public,High,82
4667,61,30,82,2,3,0.42000000000000004,8,5,5,7,22,4.2,High,Near,Yes,Low,Female,Medium,Yes,No,Low,Postgraduate,Low,Neutral,Single,Public,High,68
4668,93,15,61,1,4,0.5599999999999999,8,7,7,6,22,5.6,Medium,Near,No,Medium,Female,High,Yes,No,High,High School,Medium,Neutral,In Relationship,Public,Medium,67
4669,71,20,56,5,5,0.44000000000000006,6,6,6,6,20,4.4,High,Near,Yes,Medium,Male,High,Yes,No,High,College,Low,Positive,Single,Private,Medium,68
4670,92,24,81,2,3,0.29,5,5,5,7,22,2.9,High,Near,Yes,Low,Male,Medium,Yes,Yes,Medium,High School,Low,Negative,In Relationship,Private,Medium,69
4671,72,10,83,0,4,1.52,6,7,7,6,22,3.8,Medium,Near,Yes,Medium,Male,High,Yes,No,Medium,High School,Medium,Positive,Single,Public,Medium,63
4672,68,23,53,3,3,2.2,7,8,8,6,19,5.5,High,Moderate,No,High,Female,Medium,Yes,No,High,High School,Medium,Neutral,Single,Public,Medium,66
4673,99,14,89,0,2,0.6900000000000001,7,7,7,6,21,6.9,Medium,Far,No,Medium,Female,Medium,No,No,High,Postgraduate,Medium,Positive,Single,Private,Medium,68
4674,74,25,80,4,3,1.56,9,7,7,6,20,3.9,Medium,Moderate,Yes,Medium,Female,Medium,Yes,No,Medium,College,High,Positive,Single,Public,Medium,71
4675,84,14,70,2,3,1.4000000000000001,6,4,4,8,19,3.5,High,Near,Yes,High,Female,Medium,Yes,No,High,College,Medium,Positive,Single,Public,Medium,69
4676,84,24,99,1,2,2.3600000000000003,6,7,7,6,19,5.9,Medium,Far,Yes,Medium,Female,Medium,Yes,No,Medium,Postgraduate,Low,Positive,Single,Public,High,70
4677,82,27,51,3,2,1.9600000000000002,8,7,7,6,20,4.9,Medium,Near,No,High,Male,Medium,Yes,No,High,College,Medium,Neutral,Single,Public,Medium,70
4678,97,25,77,1,4,1.7600000000000002,6,5,5,7,21,4.4,Medium,Near,Yes,Low,Male,High,Yes,No,Low,Postgraduate,Medium,Positive,In Relationship,Private,High,73
4679,87,22,58,0,4,1.8399999999999999,6,7,7,6,22,4.6,High,Near,Yes,Low,Female,High,Yes,No,Medium,High School,Medium,Neutral,Single,Private,Medium,68
4680,76,19,66,1,3,2.68,6,9,9,4,19,6.7,Low,Near,Yes,High,Male,Medium,Yes,No,Medium,High School,Medium,Positive,Single,Public,Medium,65
4681,94,17,57,4,4,1.2800000000000002,4,5,5,7,20,3.2,High,Moderate,Yes,Medium,Male,High,Yes,No,Medium,High School,High,Neutral,In Relationship,Public,High,72
4682,67,29,83,2,4,2.2800000000000002,8,7,7,6,19,5.7,Low,Near,Yes,Low,Female,High,Yes,Yes,Medium,High School,High,Positive,Single,Private,Medium,67
4683,82,16,70,4,4,1.1199999999999999,8,5,5,7,20,2.8,Medium,Near,Yes,Low,Female,High,Yes,No,High,College,Low,Neutral,In Relationship,Public,High,68
4684,98,14,99,0,3,0.42000000000000004,8,5,5,7,22,4.2,Medium,Near,Yes,High,Male,Medium,Yes,No,Low,High School,Medium,Neutral,Single,Public,Medium,69
4685,85,24,83,1,4,0.33,10,4,4,8,22,3.3,Medium,Moderate,Yes,Medium,Female,High,Yes,No,Low,College,Medium,Positive,In Relationship,Public,High,70
4686,93,15,96,1,2,0.6200000000000001,9,7,7,6,19,6.2,Medium,Moderate,Yes,Medium,Female,Medium,Yes,No,Medium,High School,High,Negative,Single,Public,Medium,69
4687,86,14,62,1,2,0.6400000000000001,6,8,8,5,20,6.4,High,Near,Yes,Medium,Male,Medium,Yes,No,Medium,High School,High,Positive,Single,Private,Medium,68
4688,94,11,66,2,2,2.16,9,8,8,6,21,5.4,Medium,Moderate,No,Low,Male,Medium,No,No,Medium,High School,Medium,Positive,In Relationship,Private,High,65
4689,98,17,68,1,4,1.2000000000000002,7,4,4,8,20,3,High,Moderate,Yes,Low,Male,High,Yes,No,Medium,College,Medium,Positive,Single,Public,Medium,70
4690,71,20,92,1,4,0.26,6,4,4,8,21,2.6,Low,Near,Yes,Low,Male,High,Yes,No,High,College,Medium,Negative,In Relationship,Private,Medium,65
4691,67,21,61,0,3,2.2,6,8,8,5,22,5.5,Low,Moderate,No,Low,Female,Medium,Yes,No,Medium,High School,Medium,Positive,Single,Private,Medium,61
4692,79,26,97,1,2,1.52,7,6,6,7,19,3.8,Low,Near,No,High,Male,Medium,Yes,No,Medium,High School,Medium,Positive,Single,Private,Medium,69
4693,88,23,52,0,4,2.08,7,7,7,6,22,5.2,Low,Near,Yes,Medium,Male,High,Yes,No,Medium,High School,Medium,Neutral,Single,Public,Low,67
4694,69,19,94,1,3,2.64,9,8,8,5,20,6.6,Medium,Moderate,Yes,Low,Male,Medium,Yes,No,Medium,High School,Medium,Positive,Single,Public,High,65
4695,60,19,73,3,3,0.44000000000000006,8,5,5,7,20,4.4,Medium,Near,No,Medium,Male,Medium,Yes,No,High,High School,Medium,Neutral,Single,Private,Low,63
4696,74,23,76,0,4,0.5,6,6,6,6,20,5,High,Near,Yes,Medium,Male,High,Yes,No,Medium,High School,Medium,Negative,Single,Private,High,67
4697,99,28,100,6,5,0.27999999999999997,5,4,4,8,21,2.8,Low,Moderate,No,Medium,Female,High,Yes,No,Medium,High School,High,Neutral,In Relationship,Private,Medium,76
4698,88,21,94,0,3,1.4400000000000002,8,4,4,8,20,3.6,Medium,Near,No,Medium,Male,Medium,Yes,No,Medium,College,Medium,Neutral,Single,Public,High,70
4699,76,17,95,1,4,2.08,8,7,7,6,20,5.2,High,Near,Yes,Low,Female,High,Yes,No,Low,Postgraduate,Medium,Neutral,Single,Private,Medium,67
4700,68,14,79,2,4,1.8800000000000001,9,8,8,6,22,4.7,High,Near,Yes,Low,Female,High,Yes,No,Low,College,High,Positive,In Relationship,Private,Medium,66
4701,74,11,98,1,2,0.45,7,5,5,7,20,4.5,High,Near,Yes,Low,Male,Medium,Yes,No,Low,High School,Medium,Positive,Single,Public,Medium,65
4702,67,24,84,0,1,1.92,8,8,8,5,21,4.8,High,Near,No,Low,Female,Low,Yes,No,High,College,Low,Neutral,In Relationship,Public,Medium,65
4703,64,23,91,2,3,1.7600000000000002,8,5,5,7,20,4.4,Medium,Far,No,Low,Female,Medium,Yes,No,Medium,High School,Low,Negative,In Relationship,Public,Medium,63
4704,96,23,86,3,3,2.72,5,8,8,5,19,6.8,High,Near,Yes,Medium,Male,Medium,Yes,Yes,Medium,High School,Medium,Neutral,In Relationship,Public,High,74
4705,100,19,89,2,3,2.2800000000000002,7,8,8,5,19,5.7,High,Moderate,Yes,High,Male,Medium,Yes,No,High,College,Low,Neutral,In Relationship,Private,Low,72
4706,67,28,82,1,4,2.2,8,8,8,6,19,5.5,High,Near,No,High,Female,High,Yes,No,Low,High School,High,Neutral,Single,Public,Low,68
4707,62,17,86,2,4,0.58,8,7,7,6,19,5.8,Low,Moderate,No,Medium,Female,High,Yes,No,High,High School,Medium,Neutral,Single,Public,Medium,62
4708,73,26,72,1,3,1.72,7,6,6,7,20,4.3,High,Far,No,Low,Male,Medium,Yes,No,Medium,College,Low,Neutral,Single,Private,Low,65
4709,78,20,85,1,3,0.35000000000000003,10,5,5,7,21,3.5,Medium,Near,Yes,High,Male,Medium,Yes,No,Medium,High School,High,Negative,Single,Private,High,69
4710,68,16,64,2,2,0.61,10,8,8,5,20,6.1,Low,Moderate,Yes,High,Male,Medium,Yes,No,Medium,High School,Medium,Negative,Single,Public,Low,61
4711,72,24,82,2,4,1.64,7,7,7,6,21,4.1,Medium,Far,Yes,Medium,Male,High,Yes,No,High,High School,Medium,Positive,Single,Private,Medium,67
4712,68,22,76,1,4,2.32,7,8,8,5,20,5.8,High,Near,No,Medium,Male,High,Yes,No,Medium,High School,Medium,Positive,Single,Public,Medium,66
4713,91,22,95,1,2,2.2,8,8,8,6,19,5.5,Medium,Near,Yes,Low,Male,Medium,Yes,No,Medium,High School,Low,Neutral,Single,Private,High,70
4714,89,20,84,5,3,2.2399999999999998,7,7,7,6,20,5.6,High,Moderate,No,High,Male,Medium,Yes,No,Low,Postgraduate,Medium,Neutral,Single,Public,Medium,72
4715,85,20,80,3,3,0.42000000000000004,9,5,5,7,22,4.2,Low,Moderate,Yes,Low,Male,Medium,Yes,No,Medium,Postgraduate,High,Neutral,Single,Private,Medium,69
4716,75,34,66,0,3,2.2,5,8,8,5,20,5.5,Medium,Near,Yes,Low,Male,Medium,Yes,No,Medium,High School,Low,Positive,Single,Private,Medium,68
4717,96,27,93,2,2,2.52,7,8,8,6,20,6.3,Medium,Near,No,Medium,Male,Medium,Yes,No,Medium,College,Medium,Neutral,Single,Public,Medium,74
4718,99,24,53,1,3,2.72,8,9,9,4,19,6.8,Medium,Near,No,Low,Male,Medium,Yes,Yes,High,High School,High,Neutral,Single,Private,Medium,70
4719,67,21,95,1,4,0.65,9,8,8,5,20,6.5,Medium,Near,Yes,Medium,Male,High,Yes,No,High,High School,Medium,Positive,Single,Private,Medium,67
4720,69,26,83,4,2,2.64,5,8,8,5,20,6.6,Medium,Moderate,Yes,Medium,Female,Medium,Yes,No,Medium,High School,Medium,Neutral,Single,Private,High,68
4721,81,23,59,2,1,1.8,6,6,6,7,22,4.5,Low,Near,No,High,Female,Low,Yes,No,Medium,Postgraduate,High,Neutral,Single,Private,High,69
4722,64,20,95,4,4,1.8,4,7,7,5,20,4.5,Low,Near,No,Medium,Male,High,Yes,No,Medium,High School,High,Neutral,Single,Public,Medium,66
4723,77,18,66,3,3,0.42000000000000004,6,6,6,6,20,4.2,Low,Moderate,No,Medium,Male,Medium,Yes,No,High,College,Medium,Positive,Single,Public,High,66
4724,83,20,58,1,3,1.2800000000000002,5,4,4,8,20,3.2,High,Near,Yes,Medium,Male,Medium,Yes,No,Medium,High School,High,Neutral,Single,Public,Medium,68
4725,81,1,66,1,2,2.68,8,8,8,5,21,6.7,Medium,Near,Yes,Low,Male,Medium,Yes,No,Medium,College,Medium,Negative,Single,Public,Medium,60
4726,73,21,98,0,4,0.39,7,5,5,7,21,3.9,Medium,Near,No,High,Male,High,Yes,Yes,High,Postgraduate,High,Positive,In Relationship,Public,High,69
4727,82,17,88,1,1,0.49000000000000005,7,5,5,7,19,4.9,Medium,Near,No,Medium,Male,Low,Yes,Yes,Medium,High School,High,Negative,Single,Public,Medium,66
4728,98,30,96,1,3,1.8399999999999999,7,7,7,5,21,4.6,High,Near,Yes,Medium,Female,Medium,Yes,No,Medium,Postgraduate,Medium,Neutral,In Relationship,Private,Medium,77
4729,68,20,65,1,5,0.7000000000000001,9,7,7,6,22,7,Low,Near,No,High,Male,High,Yes,No,Low,College,Medium,Negative,Single,Public,Medium,63
4730,86,13,54,3,3,2.72,5,8,8,5,23,6.8,Low,Near,Yes,High,Male,Medium,Yes,Yes,Medium,College,Medium,Neutral,Single,Public,High,66
4731,62,20,78,1,4,2.6,4,9,9,5,18,6.5,Medium,Moderate,Yes,High,Female,High,No,No,Medium,High School,High,Positive,Single,Private,Medium,64
4732,63,14,74,1,4,0.35000000000000003,8,4,4,8,22,3.5,High,Moderate,No,Low,Female,High,Yes,No,Medium,Postgraduate,High,Neutral,In Relationship,Private,Medium,63
4733,82,23,86,0,4,0.47000000000000003,6,5,5,7,19,4.7,Medium,Near,Yes,High,Male,High,Yes,No,Medium,High School,Low,Neutral,Single,Public,Medium,68
4734,64,22,77,1,2,1.4000000000000001,5,5,5,7,19,3.5,Medium,Near,No,High,Male,Medium,Yes,No,Medium,College,High,Negative,Single,Private,Medium,65
4735,61,26,70,1,4,2.84,8,8,8,5,20,7.1,Medium,Moderate,Yes,Medium,Male,High,Yes,Yes,Low,Postgraduate,High,Neutral,In Relationship,Private,Medium,65
4736,67,15,50,0,1,0.45,4,5,5,7,22,4.5,High,Near,Yes,Medium,Male,Low,Yes,No,Low,College,High,Positive,In Relationship,Public,Medium,64
4737,83,20,73,0,3,1.4800000000000002,6,7,7,6,20,3.7,Medium,Far,Yes,High,Male,Medium,Yes,No,Medium,College,High,Positive,Single,Public,Medium,68
4738,88,12,56,0,2,0.25,4,4,4,8,23,2.5,Medium,Far,Yes,Low,Male,Medium,Yes,No,Medium,High School,Low,Neutral,In Relationship,Private,High,62
4739,68,24,96,1,3,2.64,7,9,9,4,19,6.6,Medium,Near,Yes,Low,Male,Medium,Yes,No,Medium,High School,Medium,Positive,In Relationship,Public,High,67
4740,87,23,96,1,1,0.53,9,7,7,6,23,5.3,High,Near,Yes,Medium,Female,Low,Yes,No,High,College,High,Positive,In Relationship,Private,Medium,73
4741,67,23,90,2,3,1.8800000000000001,6,6,6,7,20,4.7,High,Near,Yes,High,Female,Medium,Yes,No,Medium,High School,High,Positive,Single,Private,Medium,69
4742,85,20,58,0,2,1.16,6,4,4,8,19,2.9,Medium,Near,No,Low,Male,Medium,Yes,No,Low,Postgraduate,Medium,Negative,Single,Private,Medium,65
4743,76,22,57,1,3,2.44,10,7,7,5,20,6.1,Medium,Far,Yes,Medium,Male,Medium,Yes,No,Medium,High School,Medium,Neutral,Single,Private,High,66
4744,86,30,78,4,2,2.44,8,7,7,6,20,6.1,Medium,Far,No,Medium,Male,Medium,Yes,No,Medium,College,High,Positive,Single,Public,Low,73
4745,100,18,86,1,3,1.7600000000000002,10,7,7,5,21,4.4,Medium,Near,Yes,Medium,Male,Medium,Yes,No,Medium,High School,High,Neutral,In Relationship,Public,Medium,72
4746,98,21,95,3,1,0.6900000000000001,7,7,7,6,21,6.9,Medium,Near,Yes,High,Male,Low,Yes,No,Low,High School,Medium,Neutral,Single,Public,Low,72
4747,60,13,95,1,1,0.61,7,9,9,4,18,6.1,High,Near,Yes,Low,Female,Low,Yes,No,Medium,High School,Low,Positive,Single,Private,Medium,61
4748,95,15,58,2,3,0.44000000000000006,9,5,5,7,22,4.4,Medium,Near,Yes,Low,Female,Medium,Yes,No,Low,High School,High,Neutral,Single,Private,High,69
4749,63,21,100,1,2,2.4000000000000004,7,8,8,6,19,6,Medium,Moderate,No,High,Female,Medium,Yes,No,Medium,Postgraduate,High,Neutral,Single,Private,Medium,66
4750,98,27,58,1,3,1.7600000000000002,7,5,5,7,21,4.4,High,Far,No,High,Female,Medium,Yes,No,Medium,Postgraduate,High,Positive,In Relationship,Public,Medium,74
4751,71,18,92,1,4,0.45999999999999996,4,5,5,7,20,4.6,Low,Near,Yes,Low,Female,High,Yes,Yes,Medium,College,High,Negative,In Relationship,Public,Medium,64
4752,75,19,79,1,2,1.8800000000000001,10,7,7,6,21,4.7,High,Near,Yes,Medium,Female,Medium,Yes,No,Medium,High School,Medium,Neutral,Single,Public,Medium,66
4753,64,18,84,2,3,0.37000000000000005,8,6,6,7,21,3.7,Medium,Near,Yes,Medium,Female,Medium,No,No,Medium,College,High,Neutral,Single,Public,Medium,64
4754,64,17,80,3,4,1.72,7,7,7,6,21,4.3,High,Near,No,Medium,Male,High,Yes,No,Low,High School,High,Positive,Single,Private,Medium,66
4755,89,22,93,2,5,2.4800000000000004,8,8,8,5,23,6.2,High,Near,No,High,Male,High,Yes,No,Medium,High School,Medium,Neutral,Single,Private,Low,72
4756,98,11,82,1,2,0.6900000000000001,5,8,8,5,21,6.9,High,Near,Yes,Medium,Male,Medium,Yes,No,High,Postgraduate,High,Neutral,In Relationship,Private,Medium,71
4757,84,28,92,1,3,0.66,6,8,8,5,22,6.6,Medium,Near,Yes,Medium,Female,Medium,Yes,Yes,Medium,High School,High,Negative,In Relationship,Public,Medium,70
4758,89,16,58,2,3,0.6900000000000001,8,8,8,5,21,6.9,Medium,Moderate,Yes,Low,Male,Medium,Yes,No,Low,College,High,Neutral,In Relationship,Public,Medium,67
4759,90,24,93,1,2,2.32,7,7,7,6,21,5.8,High,Near,No,Low,Male,Medium,Yes,Yes,Low,Postgraduate,Medium,Neutral,In Relationship,Public,High,71
4760,71,12,100,2,3,1.36,8,4,4,8,20,3.4,Low,Near,No,High,Male,Medium,Yes,Yes,Medium,College,Medium,Neutral,Single,Public,Medium,63
4761,62,24,83,1,2,1.8399999999999999,7,7,7,6,19,4.6,High,Moderate,No,Medium,Female,Medium,Yes,No,Low,College,Medium,Neutral,Complicated,Public,Low,64
4762,60,24,99,2,1,0.37000000000000005,8,5,5,7,21,3.7,Medium,Moderate,Yes,Low,Male,Low,Yes,No,Medium,High School,Medium,Neutral,Single,Public,Low,64
4763,74,22,61,1,3,0.44000000000000006,5,5,5,7,20,4.4,Low,Near,No,Low,Female,Medium,Yes,No,Medium,Postgraduate,Medium,Positive,Single,Public,Medium,65
4764,70,14,91,2,4,1.36,9,4,4,8,22,3.4,Medium,Near,Yes,Medium,Female,High,Yes,No,High,High School,Medium,Neutral,Single,Public,Medium,65
4765,62,21,58,2,3,2.2800000000000002,6,7,7,6,20,5.7,Low,Moderate,No,Low,Female,Medium,Yes,No,Medium,College,Medium,Neutral,Single,Private,High,62
4766,67,13,76,2,5,0.42000000000000004,7,5,5,7,22,4.2,High,Near,Yes,Low,Male,High,Yes,No,Medium,High School,High,Neutral,In Relationship,Private,Medium,65
4767,65,18,83,1,2,2.32,6,7,7,6,21,5.8,High,Near,No,Medium,Male,Medium,Yes,No,Low,High School,Medium,Neutral,In Relationship,Private,High,64
4768,97,26,83,2,3,2.16,7,8,8,6,21,5.4,Medium,Near,Yes,Low,Male,Medium,Yes,No,Low,Postgraduate,Medium,Positive,In Relationship,Public,Medium,74
4769,66,25,84,2,1,0.45999999999999996,7,5,5,7,24,4.6,High,Near,Yes,High,Male,Low,Yes,No,Low,High School,Medium,Positive,In Relationship,Public,Medium,67
4770,82,20,66,0,2,1.6800000000000002,8,8,8,5,20,4.2,Medium,Near,No,High,Male,Medium,Yes,No,Low,Postgraduate,Low,Positive,In Relationship,Public,Medium,66
4771,84,14,99,3,4,2.04,8,8,8,6,22,5.1,High,Near,No,Medium,Female,High,No,No,Medium,Postgraduate,High,Neutral,In Relationship,Public,High,70
4772,82,24,50,0,2,2.32,8,9,9,5,18,5.8,High,Moderate,No,Medium,Male,Medium,Yes,No,Medium,Postgraduate,Medium,Positive,Single,Public,Medium,68
4773,64,20,81,0,1,2.2,6,8,8,5,20,5.5,Medium,Moderate,No,High,Female,Low,Yes,No,Medium,High School,Medium,Positive,In Relationship,Public,High,64
4774,73,6,93,0,1,0.27999999999999997,8,4,4,8,22,2.8,Medium,Far,No,Low,Female,Low,Yes,Yes,Low,High School,Medium,Neutral,Single,Private,Medium,58
4775,62,25,95,1,4,0.67,7,7,7,6,21,6.7,Medium,Near,Yes,High,Male,High,Yes,Yes,Low,College,Medium,Neutral,Single,Public,Medium,65
4776,76,20,86,2,5,0.39,7,5,5,7,21,3.9,High,Near,Yes,Medium,Female,High,Yes,No,Medium,High School,Medium,Negative,Single,Public,Medium,68
4777,68,27,79,2,1,1.64,8,5,5,7,21,4.1,Medium,Moderate,No,Low,Female,Low,Yes,Yes,Medium,Postgraduate,Low,Negative,In Relationship,Private,High,64
4778,82,13,73,4,4,1.7600000000000002,5,8,8,5,21,4.4,High,Near,No,Low,Male,High,Yes,No,Low,High School,Medium,Negative,In Relationship,Public,Medium,66
4779,88,1,72,3,2,0.45,4,5,5,7,23,4.5,High,Near,Yes,Medium,Male,Medium,Yes,No,High,College,Medium,Negative,In Relationship,Private,Medium,92
4780,81,22,71,2,4,0.58,9,8,8,6,20,5.8,Medium,Near,Yes,High,Male,High,Yes,No,Medium,High School,High,Negative,In Relationship,Public,Low,69
4781,77,22,85,2,2,0.22000000000000003,7,3,3,8,24,2.2,High,Near,No,Low,Male,Medium,Yes,No,Low,College,Medium,Neutral,Single,Public,Medium,68
4782,75,10,87,2,4,1.36,8,4,4,8,22,3.4,Medium,Near,No,Medium,Female,High,Yes,Yes,Low,High School,Medium,Positive,Single,Public,Medium,63
4783,94,14,76,0,3,0.45,6,5,5,7,20,4.5,Medium,Near,Yes,Low,Male,Medium,No,No,Medium,High School,Low,Neutral,In Relationship,Public,Low,64
4784,69,37,87,1,2,2.08,9,7,7,6,22,5.2,High,Far,Yes,Low,Female,Medium,No,No,Medium,College,Medium,Negative,Single,Public,Medium,68
4785,89,18,76,0,2,0.55,8,7,7,6,20,5.5,Low,Near,No,Low,Male,Medium,Yes,No,High,High School,Medium,Positive,In Relationship,Public,Medium,67
4786,90,24,55,1,2,1.36,7,5,5,7,20,3.4,Medium,Far,Yes,High,Male,Medium,Yes,No,Medium,Postgraduate,Low,Negative,In Relationship,Public,Medium,68
4787,77,16,93,1,2,1.8399999999999999,7,8,8,5,20,4.6,Medium,Moderate,Yes,Low,Male,Medium,Yes,No,Medium,High School,Medium,Positive,In Relationship,Public,Medium,66
4788,72,7,94,4,4,0.6900000000000001,4,8,8,5,20,6.9,Medium,Near,Yes,Medium,Male,High,Yes,No,Medium,Postgraduate,Medium,Positive,In Relationship,Private,Medium,66
4789,79,19,63,4,2,2.2,8,8,8,5,18,5.5,High,Moderate,Yes,Low,Male,Medium,Yes,No,Medium,High School,Medium,Neutral,Single,Public,High,68
4790,64,18,89,1,3,1.8399999999999999,9,5,5,7,20,4.6,High,Moderate,Yes,Medium,Male,Medium,Yes,No,Low,High School,Medium,Neutral,Single,Private,High,64
4791,62,18,76,2,3,1.4000000000000001,7,5,5,7,19,3.5,Medium,Near,Yes,Medium,Female,Medium,Yes,Yes,Medium,College,High,Negative,Single,Private,Medium,63
4792,64,19,56,0,4,2.32,7,8,8,6,19,5.8,Medium,Near,Yes,Low,Female,High,Yes,No,Medium,High School,Medium,Neutral,Single,Private,Medium,62
4793,67,22,70,2,2,1.64,7,7,7,5,20,4.1,High,Near,No,Low,Male,Medium,Yes,No,High,High School,Medium,Positive,Single,Private,Medium,66
4794,80,19,54,0,2,0.26,9,4,4,8,23,2.6,Medium,Moderate,Yes,Low,Male,Medium,Yes,No,Medium,Postgraduate,High,Negative,Single,Public,Medium,65
4795,94,12,89,1,3,0.4,9,4,4,8,22,4,Low,Near,Yes,Low,Male,Medium,Yes,No,Medium,High School,Medium,Negative,In Relationship,Private,Low,66
4796,69,23,60,2,4,2.44,6,7,7,6,20,6.1,High,Near,Yes,Low,Male,High,Yes,No,Medium,High School,Medium,Negative,Single,Private,High,66
4797,97,8,58,2,2,1.9600000000000002,8,7,7,6,19,4.9,High,Near,Yes,High,Female,Medium,Yes,No,High,College,Medium,Neutral,Complicated,Public,Medium,69
4798,98,8,60,1,3,1.8800000000000001,7,7,7,5,20,4.7,Medium,Near,Yes,High,Female,Medium,Yes,No,Medium,Postgraduate,Low,Negative,Single,Private,High,67
4799,98,24,61,6,3,1.56,8,7,7,5,22,3.9,High,Near,No,Medium,Female,Medium,Yes,No,Medium,High School,Medium,Positive,In Relationship,Private,High,75
4800,94,23,84,0,3,2.2800000000000002,6,8,8,5,21,5.7,Medium,Near,Yes,Low,Male,Medium,Yes,No,High,Postgraduate,High,Neutral,In Relationship,Public,High,73
4801,75,20,82,0,5,1,9,4,4,8,19,2.5,Medium,Moderate,Yes,Low,Female,High,Yes,No,High,College,Medium,Positive,Single,Public,Low,66
4802,63,12,56,4,4,1.8,8,5,5,8,20,4.5,Medium,Moderate,No,Medium,Male,High,Yes,No,Low,College,Medium,Positive,Single,Public,Medium,61
4803,83,16,86,5,4,2.2399999999999998,9,7,7,6,24,5.6,Medium,Moderate,Yes,Low,Female,High,Yes,No,Medium,High School,Medium,Negative,Single,Private,High,68
4804,82,18,67,1,4,1.52,5,4,4,8,22,3.8,Medium,Near,Yes,Medium,Male,High,No,No,High,College,Medium,Neutral,Single,Public,High,67
4805,94,10,73,1,3,0.44000000000000006,5,5,5,7,20,4.4,High,Moderate,No,Medium,Male,Medium,Yes,No,Medium,High School,Medium,Negative,Single,Public,Medium,66
4806,100,16,56,1,2,0.5900000000000001,10,7,7,6,24,5.9,High,Near,No,High,Female,Medium,Yes,No,Medium,High School,Medium,Neutral,Single,Public,Medium,69
4807,80,24,85,3,4,2.04,9,7,7,6,21,5.1,Medium,Near,No,Low,Male,High,Yes,No,Low,High School,Medium,Positive,Single,Public,Medium,69
4808,74,29,69,1,1,0.42000000000000004,6,5,5,7,22,4.2,High,Far,Yes,Low,Female,Low,Yes,No,Medium,College,Medium,Negative,Single,Private,High,67
4809,67,17,82,0,4,1.92,8,7,7,6,22,4.8,Medium,Near,No,Medium,Female,High,Yes,No,Medium,High School,High,Positive,Single,Public,Medium,65
4810,60,25,71,2,2,2.8000000000000003,6,9,9,4,19,7,Low,Near,No,High,Male,Medium,Yes,No,Low,High School,Medium,Positive,In Relationship,Public,Medium,63
4811,80,9,52,1,2,2.2399999999999998,4,7,7,6,24,5.6,Low,Near,Yes,High,Female,Medium,Yes,No,Low,Postgraduate,Medium,Positive,Single,Public,Medium,63
4812,82,24,85,1,2,0.43,4,5,5,7,22,4.3,Medium,Near,No,Low,Male,Medium,No,No,Low,High School,Medium,Negative,In Relationship,Public,Medium,66
4813,93,15,78,0,4,0.61,7,9,9,4,18,6.1,Medium,Moderate,Yes,Medium,Male,High,Yes,No,Low,High School,Medium,Negative,Single,Public,Medium,66
4814,80,22,72,2,4,2.04,9,7,7,6,21,5.1,High,Near,Yes,Medium,Female,High,Yes,No,Low,College,Medium,Neutral,Single,Public,Medium,69
4815,97,19,60,3,4,0.75,9,8,8,5,21,7.5,Medium,Moderate,Yes,Medium,Female,High,Yes,No,High,Postgraduate,High,Negative,In Relationship,Public,Medium,72
4816,85,28,81,2,3,1.4400000000000002,9,4,4,8,20,3.6,Medium,Near,Yes,Low,Male,Medium,Yes,No,Low,High School,Medium,Neutral,Single,Public,Medium,70
4817,94,15,64,2,1,0.27999999999999997,8,4,4,8,22,2.8,High,Near,Yes,Low,Male,Low,Yes,No,Medium,College,Medium,Negative,Complicated,Public,Medium,68
4818,66,24,71,1,3,0.54,7,8,8,5,18,5.4,Medium,Near,Yes,Low,Male,Medium,Yes,No,Low,High School,High,Neutral,Single,Public,High,66
4819,94,18,53,3,3,0.6200000000000001,9,8,8,5,22,6.2,Medium,Moderate,Yes,Low,Female,Medium,Yes,No,Medium,College,Low,Negative,In Relationship,Public,Medium,67
4820,87,19,89,0,5,1.6800000000000002,4,6,6,7,21,4.2,Medium,Moderate,No,Low,Female,High,Yes,Yes,Medium,Postgraduate,High,Positive,Single,Public,Low,68
4821,67,19,55,0,4,0.42000000000000004,8,5,5,7,22,4.2,Low,Near,Yes,Medium,Male,High,No,No,Medium,High School,Medium,Positive,Single,Private,High,62
4822,68,15,95,1,2,2.52,5,9,9,5,19,6.3,High,Near,No,Medium,Female,Medium,Yes,Yes,High,College,Medium,Positive,Complicated,Private,Medium,64
4823,97,20,93,1,1,0.5900000000000001,6,7,7,6,21,5.9,Low,Far,Yes,High,Male,Low,Yes,No,Low,College,High,Positive,Single,Public,High,71
4824,61,20,99,0,4,1.64,8,6,6,7,22,4.1,Medium,Near,No,Medium,Male,High,Yes,No,Medium,College,High,Neutral,In Relationship,Public,High,65
4825,79,21,95,0,2,0.9199999999999999,8,4,4,8,19,2.3,Medium,Near,Yes,Medium,Female,Medium,Yes,No,High,Postgraduate,Medium,Neutral,Single,Public,Medium,69
4826,73,21,99,1,5,0.27,6,4,4,8,22,2.7,Medium,Near,No,Low,Male,High,No,No,Medium,High School,Medium,Neutral,In Relationship,Public,Medium,65
4827,87,25,94,0,4,1.72,8,5,5,7,21,4.3,Medium,Near,No,Medium,Male,High,Yes,No,High,High School,Medium,Positive,In Relationship,Public,High,71
4828,94,26,56,1,2,0.58,8,7,7,6,22,5.8,Medium,Near,No,High,Female,Medium,Yes,No,Low,College,Low,Negative,In Relationship,Public,Medium,69
4829,74,14,72,2,3,1.36,7,4,4,8,22,3.4,Medium,Near,Yes,Medium,Male,Medium,No,No,High,College,High,Negative,Single,Private,Medium,65
4830,77,25,54,2,1,0.45,7,5,5,7,22,4.5,Medium,Moderate,Yes,Medium,Male,Low,Yes,No,Medium,College,Low,Neutral,In Relationship,Public,Medium,66
4831,99,13,77,0,3,0.49000000000000005,10,7,7,6,20,4.9,Medium,Moderate,Yes,Medium,Female,Medium,Yes,No,Low,College,Medium,Negative,Complicated,Private,High,68
4832,91,24,76,0,2,2,7,7,7,6,22,5,High,Moderate,Yes,Medium,Female,Medium,Yes,No,Medium,High School,High,Positive,Single,Private,Medium,72
4833,96,24,96,1,3,1.9600000000000002,7,7,7,6,19,4.9,High,Near,Yes,Medium,Female,Medium,Yes,No,Medium,High School,High,Negative,Single,Public,Medium,74
4834,78,9,98,3,2,0.48,7,6,6,7,22,4.8,Medium,Near,No,Low,Male,Medium,Yes,No,Low,High School,Medium,Positive,In Relationship,Public,Medium,64
4835,69,21,63,0,3,0.37000000000000005,7,6,6,7,21,3.7,Low,Moderate,Yes,Medium,Male,Medium,Yes,No,Medium,High School,High,Positive,Single,Public,Medium,64
4836,76,17,79,1,4,0.36000000000000004,8,5,5,7,22,3.6,Medium,Far,Yes,Low,Female,High,No,Yes,Low,Postgraduate,Medium,Neutral,Single,Public,Medium,63
4837,89,15,73,2,2,2.16,9,8,8,5,20,5.4,Low,Near,No,Low,Male,Medium,Yes,No,High,High School,High,Neutral,Single,Private,Low,66
4838,64,28,77,1,2,0.47000000000000003,7,5,5,7,24,4.7,Medium,Near,Yes,High,Male,Medium,Yes,No,Medium,High School,Medium,Positive,In Relationship,Public,Medium,67
4839,71,16,77,4,5,1.56,6,6,6,7,21,3.9,Low,Moderate,Yes,Medium,Male,High,Yes,Yes,Low,College,High,Neutral,Complicated,Public,Medium,64
4840,62,15,96,0,4,1.8,10,6,6,7,22,4.5,High,Far,No,Medium,Male,High,Yes,No,Low,High School,Low,Positive,Single,Private,High,62
4841,77,20,95,0,1,0.33,7,5,5,7,22,3.3,Low,Far,Yes,Medium,Male,Low,Yes,No,High,High School,Medium,Positive,In Relationship,Public,Medium,66
4842,93,24,56,4,2,1.7600000000000002,4,7,7,6,22,4.4,High,Moderate,No,Low,Female,Medium,Yes,No,Low,Postgraduate,Medium,Negative,Single,Public,High,71
4843,61,19,67,1,6,2.44,10,8,8,5,24,6.1,Low,Near,Yes,Medium,Female,High,No,No,Low,Postgraduate,High,Positive,Single,Public,Medium,63
4844,87,27,88,1,4,0.27999999999999997,9,4,4,8,22,2.8,Medium,Near,Yes,Low,Male,High,Yes,Yes,Medium,College,High,Positive,Single,Public,High,72
4845,97,23,84,1,3,2.2399999999999998,9,8,8,5,20,5.6,High,Far,No,High,Female,Medium,Yes,Yes,Low,High School,Medium,Positive,Complicated,Public,Medium,71
4846,69,7,82,1,3,2.32,9,9,9,5,19,5.8,Medium,Near,No,Medium,Female,Medium,Yes,No,Low,Postgraduate,Low,Positive,Complicated,Private,High,61
4847,88,17,100,1,2,1.8,10,7,7,6,21,4.5,High,Near,Yes,Low,Female,Medium,Yes,No,Medium,Postgraduate,Medium,Positive,Complicated,Public,High,71
4848,99,17,67,2,4,0.5599999999999999,5,7,7,6,22,5.6,Medium,Far,No,Medium,Male,High,Yes,No,Low,Postgraduate,Medium,Neutral,Single,Private,Medium,69
4849,98,23,76,3,3,1.8,6,5,5,8,20,4.5,High,Near,Yes,Low,Male,Medium,Yes,No,Low,High School,Medium,Positive,Single,Public,High,74
4850,69,4,99,0,2,0.5700000000000001,6,7,7,6,21,5.7,High,Moderate,Yes,Medium,Male,Medium,Yes,No,Medium,High School,Medium,Neutral,Single,Public,High,61
4851,64,35,85,2,2,2.16,6,8,8,6,21,5.4,Low,Moderate,No,Medium,Male,Medium,Yes,No,High,High School,Medium,Neutral,In Relationship,Private,High,68
4852,66,23,82,1,2,1.72,7,6,6,7,20,4.3,High,Near,Yes,Medium,Male,Medium,Yes,No,High,High School,Medium,Positive,Single,Public,Medium,67
4853,88,21,58,3,4,2,6,7,7,6,22,5,Low,Near,No,High,Male,High,Yes,No,Medium,College,High,Neutral,Single,Private,Medium,70
4854,89,27,62,0,3,1.4800000000000002,5,7,7,6,20,3.7,Medium,Near,No,Low,Male,Medium,Yes,No,Medium,High School,Medium,Neutral,Single,Public,Medium,69
4855,87,34,69,3,2,2.8800000000000003,6,9,9,4,19,7.2,Low,Moderate,No,Low,Male,Medium,Yes,No,High,College,Medium,Neutral,Single,Private,Medium,72
4856,73,25,73,1,2,0.36000000000000004,7,5,5,7,21,3.6,Low,Near,Yes,Medium,Male,Medium,Yes,No,Medium,High School,Medium,Positive,Single,Public,Medium,66
4857,67,26,75,2,3,1.36,9,4,4,8,20,3.4,Medium,Near,No,Medium,Male,Medium,Yes,No,Medium,High School,Medium,Positive,Single,Public,Medium,67
4858,83,21,95,4,2,0.48,6,7,7,5,19,4.8,Medium,Far,No,High,Female,Medium,Yes,No,High,High School,Medium,Neutral,Complicated,Public,High,70
4859,79,19,55,3,4,0.48,8,7,7,6,21,4.8,High,Near,Yes,Medium,Male,High,Yes,Yes,Medium,Postgraduate,Medium,Neutral,In Relationship,Private,Medium,68
4860,89,17,62,2,2,1.9600000000000002,5,7,7,6,19,4.9,Medium,Near,Yes,Medium,Female,Medium,Yes,No,High,College,Low,Positive,Single,Private,Medium,68
4861,78,15,57,2,2,2,4,8,8,6,21,5,High,Near,No,Medium,Female,Medium,Yes,No,High,High School,Medium,Negative,In Relationship,Public,High,65
4862,74,16,87,0,3,1.4400000000000002,7,6,6,7,19,3.6,Low,Near,Yes,Low,Female,Medium,Yes,No,Medium,College,Medium,Positive,Single,Public,Low,63
4863,72,12,99,0,4,0.48,6,6,6,7,22,4.8,Low,Far,Yes,Low,Female,High,Yes,No,High,College,Low,Positive,In Relationship,Public,Medium,62
4864,68,20,95,0,4,1.56,6,7,7,6,21,3.9,High,Near,Yes,Low,Female,High,Yes,No,Medium,High School,Medium,Positive,Single,Public,Medium,66
4865,71,10,86,1,2,2.08,6,8,8,5,21,5.2,High,Near,Yes,Medium,Male,Medium,Yes,Yes,Medium,Postgraduate,Medium,Negative,In Relationship,Public,Low,62
4866,64,21,51,0,3,0.68,6,8,8,5,22,6.8,High,Moderate,Yes,High,Female,Medium,Yes,No,Low,College,Low,Negative,In Relationship,Public,Low,61
4867,74,20,67,0,4,1.7600000000000002,6,5,5,8,20,4.4,Medium,Moderate,Yes,Medium,Female,High,Yes,Yes,High,College,Low,Negative,In Relationship,Private,Medium,63
4868,61,21,93,3,3,0.5599999999999999,6,7,7,6,21,5.6,Medium,Near,Yes,Medium,Female,Medium,Yes,No,Low,High School,Medium,Neutral,In Relationship,Private,High,65
4869,67,17,83,3,3,1.4400000000000002,5,4,4,8,20,3.6,Low,Moderate,No,Low,Male,Medium,Yes,No,High,High School,High,Positive,Single,Public,Medium,64
4870,90,38,60,2,4,2.32,4,7,7,6,21,5.8,Medium,Moderate,Yes,Low,Male,High,Yes,No,Low,College,High,Neutral,In Relationship,Public,Medium,74
4871,73,28,73,2,2,1.72,4,7,7,6,21,4.3,Medium,Near,Yes,High,Female,Medium,Yes,No,Medium,Postgraduate,Low,Positive,Single,Public,High,70
4872,87,13,54,2,2,1.8800000000000001,10,6,6,7,20,4.7,Medium,Moderate,No,Low,Female,Medium,Yes,No,Low,High School,Low,Positive,Single,Public,Medium,63
4873,89,21,76,3,2,0.51,7,7,7,6,22,5.1,Medium,Far,No,High,Female,Medium,Yes,No,Medium,High School,Low,Positive,Single,Public,Medium,68
4874,83,16,95,2,2,0.22999999999999998,9,3,3,8,23,2.3,High,Near,Yes,Low,Male,Medium,Yes,No,Medium,College,Medium,Neutral,In Relationship,Public,High,69
4875,98,14,52,1,4,0.48,7,5,5,7,20,4.8,High,Moderate,Yes,Medium,Male,High,Yes,No,High,High School,Medium,Negative,In Relationship,Private,High,70
4876,61,12,81,2,3,1.4800000000000002,7,7,7,6,21,3.7,Medium,Far,Yes,High,Male,Medium,Yes,No,Medium,College,Medium,Neutral,Single,Public,Medium,62
4877,90,23,62,3,2,1.36,7,5,5,7,20,3.4,Medium,Moderate,Yes,Medium,Male,Medium,Yes,No,Medium,Postgraduate,High,Positive,In Relationship,Private,Low,71
4878,98,16,100,2,1,1.92,8,7,7,6,19,4.8,Low,Near,No,Low,Male,Low,Yes,No,Low,High School,Medium,Neutral,In Relationship,Public,Medium,69
4879,94,26,53,0,2,2.32,5,8,8,6,19,5.8,Low,Near,Yes,Low,Male,Medium,Yes,No,Low,High School,High,Neutral,Single,Public,High,69
4880,67,26,81,4,3,2.04,6,8,8,6,22,5.1,High,Near,Yes,Low,Male,Medium,Yes,Yes,High,College,Low,Neutral,In Relationship,Public,High,68
4881,73,28,63,0,2,2.2,7,7,7,6,21,5.5,Medium,Near,Yes,Low,Male,Medium,Yes,No,Low,High School,Low,Positive,Single,Public,Medium,65
4882,67,15,94,1,5,1.7600000000000002,4,7,7,6,20,4.4,High,Far,Yes,Medium,Male,High,Yes,No,High,High School,Medium,Positive,Complicated,Private,Medium,65
4883,84,23,56,1,4,2.52,9,8,8,5,22,6.3,Low,Near,Yes,Medium,Female,High,No,No,Low,High School,Low,Positive,Single,Public,High,65
4884,88,24,71,2,3,1.8399999999999999,9,6,6,7,21,4.6,High,Near,No,High,Female,Medium,Yes,No,Medium,High School,High,Negative,Single,Public,High,72
4885,73,17,59,2,4,1.8800000000000001,4,7,7,6,20,4.7,Low,Moderate,No,Low,Female,High,Yes,No,High,High School,Medium,Negative,Single,Private,High,63
4886,82,15,90,2,2,1.52,6,5,5,7,20,3.8,High,Near,Yes,High,Male,Medium,No,No,High,High School,Medium,Positive,In Relationship,Public,Medium,68
4887,88,30,68,1,3,1.92,7,7,7,6,19,4.8,Medium,Near,Yes,Medium,Female,Medium,Yes,No,Low,College,Medium,Positive,In Relationship,Public,High,72
4888,77,21,59,3,2,1.8,8,5,5,7,20,4.5,Low,Near,Yes,Low,Male,Medium,Yes,No,Medium,High School,Medium,Positive,Single,Private,Medium,66
4889,94,24,86,2,3,1.52,9,4,4,8,20,3.8,Medium,Near,No,Low,Female,Medium,Yes,No,High,College,Low,Neutral,Single,Public,Medium,71
4890,91,15,91,0,3,0.53,6,7,7,6,21,5.3,Low,Moderate,Yes,Medium,Female,Medium,Yes,No,Low,College,Medium,Positive,In Relationship,Public,Medium,67
4891,63,13,73,2,3,2.12,10,7,7,6,19,5.3,Medium,Moderate,No,Low,Male,Medium,Yes,No,Low,Postgraduate,Medium,Negative,Single,Public,High,61
4892,85,17,69,4,2,0.48,7,7,7,6,20,4.8,High,Near,Yes,Low,Female,Medium,Yes,No,Medium,High School,High,Neutral,In Relationship,Private,High,70
4893,69,19,82,2,3,1.6800000000000002,7,6,6,7,19,4.2,Medium,Near,Yes,Low,Male,Medium,No,No,Low,College,Medium,Neutral,Single,Public,Medium,64
4894,82,14,83,0,2,1.8,8,7,7,6,20,4.5,Medium,Moderate,Yes,Medium,Male,Medium,Yes,No,Medium,High School,Medium,Negative,Single,Public,Medium,64
4895,98,20,83,0,3,0.45,7,5,5,7,23,4.5,High,Far,Yes,Low,Female,Medium,No,No,Medium,High School,Low,Neutral,In Relationship,Public,Medium,68
4896,95,10,64,4,3,1.52,7,7,7,5,21,3.8,Medium,Near,No,Low,Male,Medium,Yes,No,High,Postgraduate,High,Positive,In Relationship,Private,Medium,70
4897,76,13,97,4,3,1.92,10,7,7,6,19,4.8,Medium,Moderate,Yes,Low,Male,Medium,Yes,No,High,College,Low,Neutral,Single,Public,Low,65
4898,72,24,61,3,2,0.45,7,5,5,7,19,4.5,High,Near,No,Low,Female,Medium,Yes,No,Medium,High School,High,Neutral,Single,Private,Medium,67
4899,69,24,69,0,4,3.2,6,9,9,5,20,8,Low,Near,Yes,Low,Male,High,Yes,No,Medium,College,Medium,Neutral,In Relationship,Private,High,65
4900,81,18,64,1,4,0.66,6,7,7,6,22,6.6,Medium,Moderate,Yes,Medium,Female,High,Yes,No,Medium,High School,Low,Positive,Single,Public,Medium,65
4901,65,14,97,3,4,2.4800000000000004,9,9,9,5,19,6.2,High,Near,Yes,Low,Female,High,Yes,No,Low,High School,Medium,Positive,In Relationship,Public,High,65
4902,82,14,91,1,2,2.52,8,8,8,6,20,6.3,Low,Near,Yes,Low,Male,Medium,Yes,No,High,High School,High,Negative,Single,Public,Medium,66
4903,60,18,91,2,4,0.7000000000000001,5,8,8,5,22,7,High,Near,No,Low,Male,High,Yes,Yes,Low,High School,Medium,Negative,In Relationship,Public,Medium,62
4904,73,24,50,1,2,2.72,5,9,9,5,20,6.8,Medium,Near,Yes,Low,Male,Medium,Yes,No,Low,High School,Medium,Negative,In Relationship,Public,Medium,63
4905,69,26,84,0,3,0.52,7,6,6,6,20,5.2,Low,Moderate,Yes,Medium,Male,Medium,Yes,Yes,Medium,High School,Low,Neutral,In Relationship,Private,Medium,63
4906,99,17,62,3,3,2.2,8,8,8,5,20,5.5,Medium,Near,Yes,Medium,Male,Medium,Yes,No,Medium,High School,Medium,Neutral,Single,Private,Medium,70
4907,89,13,98,0,4,2,6,8,8,5,19,5,High,Near,Yes,Medium,Male,High,Yes,No,Medium,High School,Low,Negative,In Relationship,Private,Medium,67
4908,74,22,77,0,3,1.36,4,5,5,7,20,3.4,High,Near,No,High,Male,Medium,Yes,Yes,Low,High School,High,Negative,In Relationship,Private,Medium,66
4909,64,15,78,2,2,2.3600000000000003,5,8,8,6,20,5.9,Medium,Moderate,No,Low,Male,Medium,Yes,No,Medium,High School,High,Positive,Single,Public,Medium,63
4910,81,17,68,1,3,1.4800000000000002,9,4,4,8,19,3.7,Low,Near,Yes,Low,Female,Medium,Yes,No,High,College,High,Positive,Single,Private,Low,66
4911,69,28,77,3,4,0.42000000000000004,8,4,4,7,22,4.2,Medium,Moderate,No,Medium,Female,High,Yes,No,Medium,College,Low,Neutral,In Relationship,Public,Medium,67
4912,81,25,87,1,1,0.7200000000000001,9,7,7,6,22,7.2,Medium,Moderate,No,Low,Female,Low,Yes,No,Low,Postgraduate,Medium,Negative,Single,Private,High,68
4913,93,21,78,1,2,2.8000000000000003,9,9,9,4,19,7,High,Far,Yes,Medium,Male,Medium,Yes,Yes,Low,High School,Low,Neutral,In Relationship,Public,Low,67
4914,85,12,82,1,2,1.8800000000000001,6,7,7,6,21,4.7,High,Far,Yes,High,Male,Medium,Yes,No,Medium,High School,Medium,Neutral,Single,Public,Medium,66
4915,85,21,74,2,4,1.7600000000000002,6,5,5,7,20,4.4,High,Near,Yes,Medium,Female,High,Yes,No,Medium,High School,High,Neutral,In Relationship,Public,Medium,71
4916,82,26,86,0,2,1.72,7,7,7,5,22,4.3,Medium,Near,Yes,Low,Male,Medium,Yes,Yes,Medium,Postgraduate,Medium,Neutral,In Relationship,Public,High,69
4917,97,18,95,1,2,0.52,8,7,7,6,21,5.2,Low,Moderate,Yes,Medium,Male,Medium,Yes,No,High,Postgraduate,High,Positive,In Relationship,Public,Medium,72
4918,97,28,53,0,3,0.5900000000000001,9,7,7,6,24,5.9,Low,Moderate,Yes,Low,Female,Medium,Yes,No,Low,College,High,Negative,Single,Private,Medium,70
4919,81,28,55,2,3,1.8800000000000001,10,7,7,6,21,4.7,Medium,Near,Yes,Medium,Male,Medium,Yes,No,Medium,High School,Medium,Neutral,Single,Private,Low,68
4920,72,30,84,1,1,2,8,8,8,5,20,5,Medium,Near,No,Low,Male,Low,Yes,No,Medium,High School,Medium,Positive,In Relationship,Private,High,68
4921,78,22,69,2,2,2.2800000000000002,8,7,7,6,20,5.7,High,Near,Yes,Low,Female,Medium,Yes,No,High,High School,Low,Negative,Single,Public,Medium,67
4922,67,24,64,1,2,0.32000000000000006,10,5,5,7,21,3.2,Medium,Far,No,Low,Female,Medium,Yes,Yes,Low,College,Medium,Positive,In Relationship,Public,Medium,62
4923,85,28,59,1,3,1.72,7,5,5,7,23,4.3,Low,Far,No,Low,Male,Medium,Yes,No,Low,Postgraduate,Medium,Neutral,In Relationship,Public,Medium,67
4924,80,23,79,1,2,2.3600000000000003,9,8,8,6,20,5.9,Medium,Near,No,Medium,Male,Medium,Yes,No,Medium,Postgraduate,High,Negative,Single,Public,High,69
4925,64,17,67,3,3,1.56,8,7,7,6,21,3.9,High,Near,Yes,Low,Male,Medium,Yes,No,Medium,College,Medium,Negative,Single,Public,Medium,64
4926,68,17,75,2,3,1.8,8,7,7,5,20,4.5,High,Near,Yes,Low,Female,Medium,Yes,No,Medium,College,Medium,Positive,Single,Private,High,66
4927,79,21,98,2,1,0.30000000000000004,7,4,4,8,21,3,Low,Near,Yes,Low,Male,Low,Yes,No,High,High School,High,Positive,In Relationship,Public,Medium,69
4928,96,12,88,0,2,2.16,5,8,8,5,19,5.4,High,Moderate,No,Medium,Female,Medium,Yes,No,High,College,High,Positive,In Relationship,Private,Medium,70
4929,83,19,90,3,3,1.8,8,8,8,6,22,4.5,Medium,Moderate,No,Low,Female,Medium,Yes,No,Low,College,High,Positive,In Relationship,Public,Medium,69
4930,87,27,56,3,3,0.24,8,4,4,8,24,2.4,Medium,Near,Yes,Medium,Male,Medium,Yes,No,Medium,Postgraduate,Medium,Neutral,Complicated,Public,High,72
4931,74,7,66,1,2,1.56,6,7,7,6,20,3.9,Medium,Near,Yes,Low,Female,Medium,Yes,No,Low,High School,Medium,Positive,Single,Private,High,61
4932,83,29,55,2,4,0.31000000000000005,7,4,4,8,22,3.1,Medium,Near,No,Low,Female,High,Yes,No,High,High School,Medium,Negative,In Relationship,Private,Low,68
4933,78,27,98,1,3,0.45999999999999996,6,5,5,7,24,4.6,Medium,Far,No,Medium,Male,Medium,Yes,No,Low,High School,Medium,Positive,In Relationship,Public,Medium,68
4934,86,17,84,0,3,2.72,6,9,9,4,19,6.8,Medium,Near,No,Medium,Female,Medium,Yes,No,High,High School,Low,Neutral,Single,Private,Medium,66
4935,62,23,51,5,2,1.8800000000000001,6,7,7,6,21,4.7,Medium,Near,No,High,Male,Medium,Yes,No,Medium,College,Medium,Negative,Single,Public,Medium,65
4936,80,20,74,2,4,0.71,5,9,9,4,21,7.1,Low,Moderate,Yes,Low,Female,High,Yes,No,Medium,College,High,Negative,Single,Public,Low,66
4937,72,27,63,1,5,0.30000000000000004,6,4,4,8,21,3,Medium,Moderate,No,High,Female,High,Yes,No,Medium,College,Medium,Negative,In Relationship,Private,Medium,67
4938,73,26,77,0,2,0.48,8,5,5,7,20,4.8,High,Far,No,Medium,Male,Medium,Yes,No,Medium,College,Medium,Positive,In Relationship,Private,High,68
4939,98,12,59,1,2,0.32000000000000006,9,5,5,7,21,3.2,Medium,Near,No,High,Female,Medium,Yes,No,Low,Postgraduate,Low,Neutral,In Relationship,Public,Medium,67
4940,67,24,53,0,3,1.8399999999999999,10,7,7,5,19,4.6,Medium,Near,Yes,Medium,Female,Medium,Yes,Yes,Medium,College,Low,Positive,Single,Public,Medium,63
4941,72,19,66,0,2,2.8800000000000003,6,9,9,4,19,7.2,Low,Near,No,Medium,Male,Medium,Yes,No,Medium,Postgraduate,Medium,Neutral,Complicated,Private,High,64
4942,80,20,65,1,3,1.6,9,7,7,5,21,4,Low,Far,No,Medium,Male,Medium,Yes,No,High,College,Medium,Positive,In Relationship,Private,Medium,66
4943,95,16,86,0,4,1.72,8,6,6,7,22,4.3,Medium,Moderate,Yes,Low,Male,High,Yes,No,Medium,High School,High,Positive,In Relationship,Public,Low,69
4944,77,30,74,3,3,2.16,7,7,7,6,22,5.4,Low,Moderate,Yes,High,Male,Medium,Yes,No,Medium,Postgraduate,Medium,Neutral,In Relationship,Private,Medium,70
4945,90,26,65,3,2,2.9600000000000004,8,9,9,5,20,7.4,Medium,Near,No,Medium,Female,Medium,Yes,No,High,High School,Medium,Positive,In Relationship,Private,High,72
4946,94,16,79,2,5,2.2800000000000002,9,7,7,6,19,5.7,High,Moderate,No,High,Female,High,Yes,No,High,High School,Medium,Positive,Single,Public,Medium,71
4947,72,12,54,3,2,0.45999999999999996,6,7,7,6,21,4.6,Medium,Near,Yes,Low,Male,Medium,Yes,No,Low,Postgraduate,Medium,Positive,Single,Public,Medium,63
4948,76,18,83,1,4,0.49000000000000005,6,5,5,7,19,4.9,High,Near,No,High,Male,High,Yes,No,Medium,High School,High,Neutral,Single,Public,Medium,68
4949,74,23,57,1,3,1.72,6,5,5,7,19,4.3,High,Near,Yes,High,Male,Medium,No,No,Low,College,Medium,Neutral,In Relationship,Private,High,67
4950,93,21,64,2,4,1.7600000000000002,6,5,5,7,20,4.4,Low,Moderate,No,Low,Male,High,Yes,No,Medium,Postgraduate,Medium,Positive,Single,Public,Medium,69
4951,62,28,64,1,2,2.72,9,9,9,4,23,6.8,Medium,Near,No,Low,Male,Medium,Yes,No,High,Postgraduate,Medium,Negative,Single,Private,Medium,65
4952,72,25,73,4,4,0.38,6,5,5,7,22,3.8,Low,Moderate,Yes,Medium,Male,High,Yes,No,High,College,High,Neutral,Single,Public,High,69
4953,87,26,98,0,4,1.4800000000000002,6,4,4,8,19,3.7,Medium,Moderate,No,Medium,Male,High,Yes,No,High,College,Medium,Negative,Single,Public,High,71
4954,83,22,66,2,3,2.2800000000000002,7,7,7,6,19,5.7,Low,Near,Yes,Medium,Female,Medium,Yes,No,Medium,High School,Medium,Neutral,Single,Private,Medium,67
4955,77,12,64,2,4,1.72,7,5,5,7,20,4.3,Medium,Moderate,No,High,Female,High,Yes,No,Low,College,Low,Positive,Single,Public,High,64
4956,82,19,58,2,3,2.32,6,7,7,6,21,5.8,Medium,Near,Yes,Medium,Female,Medium,Yes,No,Low,College,High,Positive,Single,Private,High,68
4957,68,26,70,1,3,3.3600000000000003,10,9,9,5,20,8.4,Low,Near,Yes,Low,Male,Medium,Yes,No,Medium,College,High,Positive,In Relationship,Public,Medium,67
4958,77,20,59,1,2,1.72,6,6,6,7,20,4.3,Low,Moderate,No,High,Female,Medium,Yes,No,Low,High School,Low,Negative,Single,Public,Medium,62
4959,80,23,57,2,2,1.8800000000000001,7,7,7,6,21,4.7,Medium,Moderate,No,Medium,Female,Medium,Yes,No,Low,Postgraduate,High,Negative,Single,Public,High,68
4960,96,18,93,0,4,0.6200000000000001,4,7,7,6,22,6.2,Medium,Near,Yes,Medium,Female,High,Yes,No,Medium,College,Medium,Positive,Single,Public,High,72
4961,70,14,53,0,3,2.12,7,7,7,6,19,5.3,High,Moderate,Yes,Medium,Male,Medium,Yes,No,Low,High School,Medium,Negative,Single,Public,Medium,61
4962,95,19,86,0,4,2.8000000000000003,5,8,8,5,19,7,Low,Moderate,Yes,High,Male,High,Yes,No,Medium,High School,Low,Negative,In Relationship,Public,Medium,67
4963,86,22,60,0,3,0.6400000000000001,6,8,8,5,23,6.4,Medium,Near,No,High,Male,Medium,Yes,No,High,Postgraduate,High,Neutral,Single,Public,High,70
4964,61,16,51,1,3,0.45,4,5,5,7,21,4.5,Medium,Near,Yes,Low,Male,Medium,Yes,No,Low,High School,Low,Neutral,In Relationship,Public,Medium,59
4965,89,19,90,0,4,0.42000000000000004,6,5,5,7,22,4.2,Medium,Moderate,Yes,Low,Female,High,Yes,No,High,College,High,Negative,Single,Private,High,70
4966,61,14,85,1,1,1.4400000000000002,7,7,7,6,22,3.6,Medium,Near,No,Low,Female,Low,Yes,No,High,High School,Low,Neutral,Single,Public,Medium,60
4967,100,27,67,1,3,2.7600000000000002,7,9,9,5,19,6.9,Medium,Moderate,No,High,Male,Medium,Yes,No,Medium,College,High,Neutral,In Relationship,Public,High,74
4968,95,18,54,0,3,1.4400000000000002,6,7,7,6,19,3.6,High,Moderate,Yes,Medium,Male,Medium,Yes,No,High,College,Low,Negative,Single,Private,High,68
4969,72,29,68,0,3,0.32000000000000006,7,3,3,8,19,3.2,Medium,Near,No,Low,Female,Medium,Yes,No,Low,College,Medium,Positive,Single,Public,Medium,67
4970,70,29,59,2,4,0.27999999999999997,6,4,4,8,23,2.8,Low,Far,No,Medium,Male,High,Yes,No,High,Postgraduate,Medium,Neutral,In Relationship,Private,Medium,67
4971,75,20,97,0,2,0.5599999999999999,7,7,7,6,22,5.6,Medium,Near,Yes,Medium,Female,Medium,Yes,No,High,College,Low,Neutral,Single,Public,Medium,66
4972,74,14,76,1,2,0.26,7,4,4,8,23,2.6,Medium,Far,No,Low,Female,Medium,Yes,No,High,High School,Medium,Neutral,In Relationship,Public,High,63
4973,75,7,98,1,3,0.44000000000000006,7,5,5,7,20,4.4,Medium,Near,No,Low,Male,Medium,No,No,Low,College,Medium,Positive,In Relationship,Public,High,62
4974,73,11,68,3,3,0.55,7,7,7,6,24,5.5,Low,Moderate,Yes,Low,Female,Medium,Yes,No,High,College,High,Neutral,In Relationship,Private,High,64
4975,85,12,78,3,4,0.5599999999999999,6,7,7,6,22,5.6,Medium,Near,Yes,Medium,Male,High,Yes,No,High,College,Medium,Neutral,Single,Public,Medium,68
4976,67,28,60,0,3,0.42000000000000004,8,6,6,6,20,4.2,Medium,Moderate,No,Medium,Female,Medium,Yes,No,High,High School,Medium,Positive,Single,Public,Medium,65
4977,94,21,90,1,4,0.73,8,8,8,5,21,7.3,Low,Near,Yes,Medium,Female,High,Yes,No,Low,Postgraduate,Medium,Positive,In Relationship,Public,Medium,71
4978,92,22,52,1,3,2.44,7,8,8,5,20,6.1,Medium,Near,Yes,Medium,Female,Medium,No,No,Low,Postgraduate,Medium,Negative,Single,Private,Medium,68
4979,79,7,85,0,2,2.2800000000000002,9,7,7,6,19,5.7,High,Near,Yes,Medium,Male,Medium,Yes,No,Medium,High School,Low,Negative,Single,Public,Medium,62
4980,94,13,70,1,3,2.8000000000000003,7,9,9,4,19,7,High,Moderate,Yes,Medium,Male,Medium,Yes,No,Medium,High School,High,Negative,In Relationship,Private,Medium,68
4981,70,25,79,3,3,3.4000000000000004,7,9,9,5,19,8.5,Medium,Near,Yes,High,Male,Medium,Yes,No,Low,High School,Medium,Neutral,In Relationship,Public,Medium,68
4982,61,22,80,3,3,1.6800000000000002,7,8,8,5,20,4.2,Medium,Moderate,Yes,Medium,Male,Medium,Yes,No,High,Postgraduate,High,Neutral,In Relationship,Public,High,67
4983,85,19,86,0,2,1.36,7,6,6,7,19,3.4,Medium,Moderate,Yes,Low,Female,Medium,Yes,No,Medium,College,Medium,Positive,Single,Public,Medium,67
4984,78,23,60,2,4,1.8800000000000001,6,5,5,7,20,4.7,High,Far,Yes,High,Male,High,Yes,No,Medium,High School,High,Positive,In Relationship,Public,High,70
4985,83,30,77,0,4,0.37000000000000005,4,4,4,8,22,3.7,Medium,Near,Yes,Low,Female,High,Yes,No,Medium,High School,Low,Neutral,In Relationship,Public,Medium,69
4986,96,19,71,2,3,0.21000000000000002,7,3,3,8,22,2.1,Medium,Moderate,No,Low,Male,Medium,Yes,No,Medium,Postgraduate,Low,Positive,Single,Private,High,70
4987,99,20,64,1,2,2.44,8,7,7,6,20,6.1,Low,Near,No,High,Male,Medium,Yes,No,Low,High School,Medium,Positive,Single,Public,Medium,69
4988,85,21,75,1,2,0.5,5,7,7,6,21,5,Medium,Moderate,Yes,High,Female,Medium,Yes,No,Low,High School,High,Positive,In Relationship,Public,High,70
4989,91,34,98,0,4,0.27999999999999997,9,4,4,8,22,2.8,Low,Moderate,No,Medium,Male,High,Yes,No,Medium,High School,Medium,Neutral,Single,Public,Medium,72
4990,63,7,97,1,2,0.71,5,9,9,4,21,7.1,Medium,Near,No,Low,Female,Medium,Yes,No,Medium,High School,Low,Neutral,Single,Public,Medium,59
4991,66,24,64,0,4,0.73,6,7,7,6,21,7.3,Medium,Near,No,Medium,Male,High,No,No,Medium,High School,Medium,Neutral,Single,Public,High,64
4992,89,19,94,0,1,0.5599999999999999,10,7,7,6,21,5.6,High,Near,Yes,High,Female,Low,Yes,No,Medium,College,High,Neutral,In Relationship,Private,Medium,72
4993,77,23,94,0,3,2.2,8,8,8,5,20,5.5,High,Near,Yes,High,Male,Medium,Yes,No,Medium,Postgraduate,Low,Positive,In Relationship,Private,Medium,70
4994,78,16,62,0,1,0.5700000000000001,7,7,7,6,21,5.7,High,Far,No,High,Female,Low,Yes,No,Medium,High School,Low,Negative,Single,Public,High,63
4995,72,20,80,1,3,0.5,7,5,5,7,20,5,Medium,Near,Yes,Low,Male,Medium,Yes,No,Medium,College,High,Negative,Single,Private,High,66
4996,84,24,93,3,4,1.8800000000000001,9,5,5,7,19,4.7,High,Far,No,High,Male,High,Yes,No,Medium,High School,High,Neutral,In Relationship,Public,Medium,72
4997,67,39,76,2,4,2.68,5,8,8,5,21,6.7,High,Near,Yes,Medium,Female,High,No,No,Medium,High School,High,Negative,Single,Private,Medium,71
4998,85,25,68,1,3,2.32,9,7,7,6,19,5.8,High,Far,No,High,Female,Medium,Yes,No,Medium,Postgraduate,High,Negative,Single,Public,Medium,71
4999,67,15,83,3,3,2.84,6,8,8,5,20,7.1,Medium,Moderate,Yes,Medium,Male,Medium,Yes,No,Low,High School,Low,Positive,In Relationship,Public,Low,62
5000,63,17,59,1,1,3.28,8,9,9,5,20,8.2,Medium,Moderate,Yes,Low,Male,Low,Yes,No,Medium,Postgraduate,Medium,Positive,In Relationship,Public,High,62
5001,73,17,58,4,1,0.55,6,7,7,6,20,5.5,Low,Near,No,Medium,Male,Low,Yes,No,Medium,College,Medium,Positive,In Relationship,Public,Medium,64
5002,69,9,92,2,3,1.56,10,5,5,7,19,3.9,High,Near,Yes,Low,Male,Medium,Yes,No,Medium,Postgraduate,High,Neutral,Single,Private,Medium,65
5003,96,18,52,1,4,0.45,7,5,5,7,19,4.5,Low,Near,Yes,Low,Female,High,Yes,No,Low,College,High,Neutral,Single,Private,Medium,68
5004,62,24,90,0,3,0.5,5,6,6,7,22,5,Medium,Near,Yes,High,Male,Medium,Yes,No,Low,College,High,Positive,In Relationship,Private,Medium,67
5005,67,12,65,1,3,0.6200000000000001,8,8,8,5,22,6.2,Medium,Moderate,Yes,High,Male,Medium,Yes,No,Low,High School,Medium,Neutral,In Relationship,Public,Medium,61
5006,82,26,74,2,5,1.2000000000000002,9,5,5,7,20,3,Low,Moderate,Yes,Medium,Female,High,Yes,No,High,High School,Low,Negative,In Relationship,Public,Medium,68
5007,79,23,77,1,3,2.2800000000000002,9,7,7,6,19,5.7,High,Near,No,Low,Male,Medium,Yes,No,Medium,High School,Medium,Neutral,Single,Public,High,68
5008,62,16,88,1,1,1.4800000000000002,7,7,7,6,20,3.7,Medium,Near,No,Low,Female,Low,Yes,No,Medium,High School,Medium,Neutral,Single,Public,High,62
5009,60,19,94,1,3,0.6400000000000001,8,8,8,5,22,6.4,Low,Near,No,Low,Female,Medium,Yes,No,High,High School,Medium,Neutral,In Relationship,Private,Low,62
5010,100,30,90,0,2,2.3600000000000003,6,7,7,6,24,5.9,High,Near,Yes,Medium,Male,Medium,Yes,Yes,Low,High School,High,Positive,Single,Public,Low,74
5011,86,24,79,0,4,3.08,8,9,9,5,19,7.7,Medium,Near,Yes,Low,Female,High,No,No,Medium,High School,Medium,Neutral,In Relationship,Public,Medium,68
5012,75,20,67,1,4,0.38,8,5,5,7,22,3.8,High,Moderate,No,High,Male,High,Yes,No,Medium,College,Low,Positive,Single,Public,Low,66
5013,79,19,76,1,3,0.6200000000000001,4,8,8,5,21,6.2,Medium,Near,No,Medium,Male,Medium,Yes,No,High,High School,Medium,Neutral,Single,Private,Medium,67
5014,71,20,52,1,3,0.45,5,5,5,7,22,4.5,Medium,Moderate,No,Medium,Male,Medium,Yes,No,High,High School,High,Neutral,In Relationship,Public,High,65
5015,74,17,62,2,4,2.8800000000000003,7,9,9,5,20,7.2,Medium,Near,Yes,High,Male,High,Yes,No,Medium,High School,Medium,Positive,In Relationship,Public,Medium,66
5016,86,7,68,5,4,2.08,7,8,8,6,19,5.2,Medium,Moderate,No,Low,Male,High,Yes,No,Medium,Postgraduate,High,Positive,In Relationship,Public,Medium,67
5017,95,32,66,5,3,0.45999999999999996,7,7,7,6,20,4.6,Medium,Near,Yes,High,Male,Medium,Yes,No,High,College,Medium,Negative,In Relationship,Private,Medium,76
5018,67,21,55,2,3,0.27999999999999997,7,4,4,8,22,2.8,High,Moderate,Yes,High,Female,Medium,Yes,No,High,High School,Low,Positive,Complicated,Private,High,66
5019,94,22,53,1,3,0.33,9,3,3,8,19,3.3,Low,Near,No,Medium,Female,Medium,Yes,No,High,College,Low,Neutral,Single,Public,High,68
5020,65,20,71,2,3,1.6,8,5,5,8,20,4,Medium,Near,Yes,Low,Female,Medium,Yes,Yes,Low,College,High,Neutral,In Relationship,Private,Medium,63
5021,69,16,54,4,4,1.4400000000000002,4,7,7,6,19,3.6,High,Near,Yes,Low,Female,High,Yes,No,Medium,College,Medium,Positive,Single,Public,Low,65
5022,61,19,64,3,3,2.72,10,9,9,4,19,6.8,Medium,Moderate,No,Low,Male,Medium,Yes,No,Medium,High School,High,Positive,Single,Public,Medium,63
5023,66,10,74,2,2,0.32000000000000006,4,5,5,7,21,3.2,Medium,Moderate,No,Low,Male,Medium,Yes,No,Low,High School,Medium,Negative,In Relationship,Public,Medium,59
5024,97,34,60,2,4,1.92,8,5,5,7,21,4.8,Medium,Near,No,Medium,Male,High,Yes,No,Medium,High School,Medium,Neutral,In Relationship,Private,Medium,74
5025,78,13,54,2,3,2,5,8,8,6,21,5,Low,Near,Yes,Low,Male,Medium,Yes,Yes,Low,College,Medium,Positive,In Relationship,Public,High,62
5026,63,14,72,3,4,0.43,9,5,5,7,22,4.3,Low,Near,Yes,Low,Female,High,Yes,Yes,Medium,High School,Low,Positive,In Relationship,Public,Low,59
5027,98,17,72,0,3,2.08,7,7,7,6,19,5.2,High,Near,Yes,Low,Male,Medium,Yes,No,High,High School,Medium,Positive,Single,Public,Medium,71
5028,95,28,96,1,3,1.52,8,6,6,7,21,3.8,Medium,Moderate,No,Medium,Male,Medium,Yes,No,Medium,Postgraduate,Medium,Neutral,Single,Public,Medium,73
5029,90,20,56,0,1,1.6,4,4,4,8,22,4,Medium,Moderate,Yes,Low,Male,Low,Yes,No,Medium,High School,High,Positive,Single,Private,High,68
5030,97,13,81,3,1,2.32,8,8,8,5,19,5.8,Medium,Far,Yes,Low,Male,Low,Yes,No,Medium,High School,Medium,Neutral,Complicated,Public,Medium,68
5031,69,28,66,0,6,2.72,8,9,9,4,23,6.8,Medium,Far,Yes,Low,Male,High,Yes,No,Medium,College,Medium,Positive,Single,Public,Medium,66
5032,93,24,56,1,3,2.12,8,7,7,6,19,5.3,High,Moderate,Yes,Low,Male,Medium,Yes,No,Medium,College,Low,Neutral,Single,Public,Medium,69
5033,88,23,70,2,4,2.44,8,8,8,5,23,6.1,Medium,Near,No,Medium,Female,High,Yes,No,Medium,High School,Medium,Neutral,Single,Public,High,70
5034,95,24,71,1,3,0.61,7,8,8,5,20,6.1,High,Near,Yes,Medium,Male,Medium,Yes,No,High,High School,Medium,Positive,Single,Public,High,74
5035,92,34,68,0,5,0.32000000000000006,7,3,3,8,19,3.2,Medium,Near,No,Medium,Female,High,Yes,No,Low,College,High,Positive,Single,Public,High,75
5036,74,33,88,2,3,1.4400000000000002,6,7,7,6,19,3.6,Medium,Near,Yes,Medium,Male,Medium,Yes,No,Medium,College,Medium,Neutral,Single,Private,Medium,71
5037,91,16,92,2,3,1.8399999999999999,6,7,7,6,22,4.6,High,Moderate,Yes,Low,Male,Medium,Yes,No,Low,High School,High,Positive,Single,Private,High,71
5038,70,30,57,1,4,0.55,9,7,7,6,21,5.5,Medium,Far,No,Low,Female,High,Yes,No,Medium,College,Medium,Negative,Single,Public,Medium,65
5039,73,22,58,1,3,0.68,6,8,8,5,22,6.8,Medium,Moderate,No,Medium,Male,Medium,Yes,No,High,Postgraduate,Low,Positive,In Relationship,Private,Medium,65
5040,64,23,71,2,1,3.04,4,9,9,5,20,7.6,High,Near,No,Medium,Male,Low,Yes,No,Low,Postgraduate,Medium,Negative,In Relationship,Public,Medium,65
5041,97,10,66,2,2,0.36000000000000004,6,5,5,7,22,3.6,Medium,Near,No,Low,Female,Medium,Yes,No,Medium,Postgraduate,Medium,Neutral,Single,Public,Medium,67
5042,72,19,91,1,4,1.8800000000000001,8,7,7,6,21,4.7,Medium,Moderate,Yes,Low,Male,High,Yes,No,High,High School,Medium,Positive,Single,Private,Medium,67
5043,81,15,100,1,3,0.38,7,4,4,8,21,3.8,Medium,Moderate,Yes,Low,Male,Medium,Yes,No,Medium,Postgraduate,Medium,Neutral,In Relationship,Public,Medium,67
5044,76,25,59,4,4,2.2800000000000002,8,7,7,6,21,5.7,High,Near,Yes,Medium,Female,High,Yes,No,Medium,College,High,Neutral,Single,Private,Medium,71
5045,98,26,88,1,1,1.2800000000000002,4,6,6,7,19,3.2,Low,Moderate,No,Medium,Female,Low,Yes,No,Low,College,High,Neutral,Single,Public,High,72
5046,73,8,80,0,4,0.48,4,6,6,7,22,4.8,High,Moderate,Yes,Low,Male,High,Yes,No,Low,College,Medium,Neutral,In Relationship,Public,High,62
5047,91,20,82,0,4,1.1199999999999999,7,5,5,7,20,2.8,Low,Near,Yes,Medium,Male,High,Yes,No,Medium,College,High,Neutral,In Relationship,Public,Medium,70
5048,94,27,63,0,4,0.35000000000000003,9,3,3,8,19,3.5,High,Near,No,Low,Female,High,Yes,No,High,College,Medium,Neutral,Single,Public,Medium,72
5049,77,19,55,0,4,0.52,4,6,6,6,20,5.2,Medium,Moderate,Yes,Medium,Male,High,Yes,No,Medium,College,Low,Positive,In Relationship,Public,Low,64
5050,75,24,77,1,1,1.8800000000000001,8,7,7,6,20,4.7,Low,Moderate,Yes,Low,Male,Low,Yes,No,High,College,High,Negative,Single,Private,Medium,66
5051,90,22,81,0,4,2.12,9,7,7,6,19,5.3,Medium,Near,Yes,Medium,Male,High,Yes,No,Medium,High School,Low,Neutral,Single,Public,Medium,69
5052,97,22,98,0,0,0.37000000000000005,7,5,5,7,22,3.7,Medium,Moderate,No,Medium,Female,Low,Yes,No,High,College,High,Negative,Single,Public,Medium,71
5053,90,18,84,2,3,2.08,8,7,7,6,20,5.2,Low,Moderate,No,Low,Male,Medium,Yes,No,High,High School,Medium,Positive,In Relationship,Private,High,68
5054,69,13,72,2,2,1.64,7,7,7,6,21,4.1,Medium,Moderate,Yes,High,Female,Medium,Yes,No,Low,High School,Medium,Positive,Single,Public,Medium,63
5055,96,13,100,4,3,1.6800000000000002,7,7,7,6,20,4.2,High,Near,Yes,Medium,Male,Medium,No,No,Medium,High School,Medium,Negative,Complicated,Public,High,71
5056,76,24,69,3,1,2.2399999999999998,8,8,8,5,18,5.6,Low,Near,Yes,Low,Male,Low,Yes,No,Low,High School,High,Negative,Single,Private,Medium,65
5057,83,20,58,0,1,2.7600000000000002,10,9,9,4,24,6.9,High,Near,Yes,Low,Female,Low,Yes,No,Medium,High School,Low,Neutral,Single,Public,High,66
5058,93,19,81,2,3,0.32000000000000006,6,3,3,8,19,3.2,Low,Moderate,Yes,High,Female,Medium,Yes,Yes,Medium,College,Low,Positive,Single,Private,Medium,68
5059,68,17,63,0,3,2.8800000000000003,7,9,9,4,19,7.2,Medium,Moderate,Yes,Low,Male,Medium,No,No,Medium,High School,Medium,Neutral,Complicated,Public,Medium,61
5060,91,18,96,2,3,1.8,6,8,8,5,19,4.5,High,Near,No,Low,Male,Medium,Yes,No,Medium,Postgraduate,Low,Positive,Single,Private,Medium,71
5061,84,26,71,0,2,2.04,7,8,8,6,22,5.1,High,Near,Yes,Medium,Female,Medium,Yes,No,Medium,High School,Medium,Neutral,In Relationship,Public,Medium,70
5062,96,18,57,1,3,1.7600000000000002,7,7,7,6,20,4.4,Low,Moderate,No,Low,Female,Medium,Yes,No,Low,High School,High,Negative,In Relationship,Public,Medium,66
5063,67,12,57,0,2,1.7600000000000002,9,6,6,7,21,4.4,Medium,Moderate,Yes,Low,Male,Medium,Yes,No,Low,College,High,Positive,Single,Private,Medium,61
5064,77,24,82,1,2,1.8800000000000001,9,5,5,7,22,4.7,Low,Near,Yes,Medium,Male,Medium,Yes,No,Low,High School,High,Neutral,Single,Private,Medium,67
5065,93,19,68,1,3,2.72,8,9,9,4,19,6.8,Medium,Near,Yes,High,Female,Medium,Yes,No,Medium,Postgraduate,High,Positive,In Relationship,Public,High,72
5066,61,20,68,1,3,1.8800000000000001,9,7,7,6,20,4.7,High,Near,No,High,Female,Medium,Yes,No,Medium,High School,High,Positive,Single,Private,Low,65
5067,64,30,81,3,2,0.47000000000000003,6,5,5,7,22,4.7,Medium,Near,No,Medium,Female,Medium,Yes,No,Low,College,High,Negative,Single,Public,Medium,68
5068,100,20,61,3,4,2.08,6,6,6,6,23,5.2,Medium,Far,Yes,Medium,Male,High,No,No,High,College,Low,Positive,In Relationship,Public,Medium,70
5069,71,22,57,1,4,1.52,8,7,7,5,21,3.8,Low,Moderate,Yes,Low,Male,High,Yes,No,Medium,High School,Medium,Negative,In Relationship,Public,High,63
5070,99,13,83,1,4,0.49000000000000005,7,5,5,7,19,4.9,Low,Far,No,Medium,Female,High,Yes,No,Medium,Postgraduate,High,Neutral,Single,Public,Medium,69
5071,67,19,50,0,3,0.44000000000000006,10,6,6,6,20,4.4,Low,Near,No,High,Male,Medium,Yes,No,Medium,High School,Medium,Positive,Single,Public,Medium,62
5072,74,24,95,1,4,0.7200000000000001,4,9,9,4,22,7.2,High,Moderate,No,High,Female,High,Yes,No,High,Postgraduate,High,Neutral,Single,Public,Medium,71
5073,90,11,59,1,4,0.27999999999999997,8,4,4,8,23,2.8,Low,Near,Yes,Low,Male,High,Yes,No,Low,High School,Low,Positive,In Relationship,Public,High,64
5074,86,21,72,0,3,2.5600000000000005,8,9,9,4,19,6.4,Medium,Moderate,No,High,Male,Medium,Yes,No,Medium,High School,High,Positive,Single,Public,High,69
5075,83,21,61,2,3,0.38,6,5,5,7,22,3.8,High,Near,Yes,Low,Male,Medium,Yes,No,High,Postgraduate,Medium,Positive,Single,Public,High,71
5076,81,20,61,0,4,1.6800000000000002,6,6,6,7,21,4.2,Medium,Near,Yes,Low,Female,High,No,Yes,Low,High School,Low,Positive,Single,Public,Medium,63
5077,94,26,92,1,3,0.35000000000000003,6,4,4,8,22,3.5,High,Near,Yes,Low,Female,Medium,Yes,No,Low,High School,Low,Neutral,In Relationship,Public,High,72
5078,69,22,79,1,3,0.29,5,5,5,7,22,2.9,Medium,Near,Yes,Low,Male,Medium,Yes,No,Medium,College,Medium,Positive,Complicated,Public,Low,66
5079,78,29,66,2,4,0.48,9,5,5,7,22,4.8,Medium,Moderate,Yes,Low,Male,High,Yes,No,Medium,High School,High,Neutral,Single,Public,Medium,69
5080,66,14,63,0,3,0.48,10,5,5,7,20,4.8,Medium,Moderate,Yes,Low,Male,Medium,Yes,No,Low,High School,Medium,Positive,In Relationship,Public,Medium,60
5081,84,21,61,1,4,0.6200000000000001,6,8,8,5,22,6.2,High,Moderate,Yes,Medium,Female,High,Yes,No,Low,High School,High,Negative,Single,Private,High,68
5082,70,21,78,3,2,0.75,6,8,8,5,21,7.5,High,Far,No,Medium,Male,Medium,Yes,No,Medium,College,Medium,Neutral,In Relationship,Public,Low,65
5083,73,14,87,2,4,0.38,5,6,6,7,20,3.8,Medium,Near,No,Medium,Female,High,Yes,No,High,College,High,Positive,Complicated,Public,Medium,67
5084,79,26,63,0,2,0.49000000000000005,5,6,6,7,21,4.9,Low,Near,Yes,Low,Male,Medium,Yes,No,Medium,High School,Medium,Positive,In Relationship,Public,Medium,66
5085,61,34,67,1,2,0.45999999999999996,6,5,5,7,22,4.6,Medium,Moderate,Yes,High,Male,Medium,Yes,No,High,Postgraduate,Medium,Neutral,In Relationship,Private,Medium,68
5086,64,20,86,0,4,1.4400000000000002,9,4,4,8,20,3.6,Medium,Near,Yes,Low,Female,High,Yes,No,Medium,High School,Low,Negative,Single,Private,High,63
5087,87,23,87,1,3,0.55,10,7,7,6,23,5.5,High,Near,Yes,Medium,Male,Medium,Yes,No,Medium,College,High,Positive,In Relationship,Private,Medium,73
5088,77,21,60,1,3,0.45,6,6,6,7,21,4.5,Medium,Moderate,Yes,Medium,Male,Medium,Yes,No,Medium,College,Medium,Neutral,In Relationship,Private,Medium,66
5089,95,16,69,2,3,1.7600000000000002,6,5,5,7,23,4.4,Medium,Near,Yes,Low,Male,Medium,Yes,Yes,Low,College,Low,Neutral,In Relationship,Public,High,67
5090,88,9,93,2,4,3.2,5,9,9,5,20,8,Medium,Near,Yes,Medium,Male,High,Yes,No,Low,Postgraduate,Low,Neutral,In Relationship,Public,Medium,66
5091,60,16,87,0,5,1.6,8,7,7,6,22,4,Low,Near,No,Low,Male,High,Yes,No,Low,High School,Medium,Positive,Single,Public,Low,60
5092,85,12,58,1,3,0.25,8,4,4,8,22,2.5,High,Near,No,Low,Male,Medium,Yes,No,Low,Postgraduate,High,Positive,In Relationship,Public,High,67
5093,64,30,69,3,4,1.9600000000000002,7,7,7,6,21,4.9,Medium,Near,No,High,Female,High,Yes,No,Medium,High School,Medium,Negative,Single,Public,Low,67
5094,91,19,99,0,2,0.22999999999999998,6,4,4,8,22,2.3,Medium,Near,Yes,Medium,Female,Medium,Yes,No,High,High School,Medium,Neutral,In Relationship,Public,Medium,70
5095,100,18,76,1,2,0.41,9,5,5,7,22,4.1,Low,Near,No,Low,Female,Medium,Yes,No,Low,High School,High,Positive,Single,Public,Medium,69
5096,81,25,86,1,3,2.8800000000000003,8,9,9,5,20,7.2,Low,Near,Yes,Low,Male,Medium,Yes,No,Medium,Postgraduate,Medium,Negative,In Relationship,Public,Medium,68
5097,87,13,55,1,3,2.04,8,8,8,6,22,5.1,Low,Near,Yes,High,Female,Medium,Yes,No,High,High School,High,Positive,In Relationship,Private,High,67
5098,69,15,92,0,1,2.64,8,8,8,5,24,6.6,High,Moderate,No,Low,Male,Low,Yes,No,Low,College,Medium,Neutral,Single,Public,Medium,63
5099,78,20,80,2,3,1.72,7,5,5,7,20,4.3,Medium,Near,No,High,Male,Medium,Yes,No,High,College,High,Positive,Single,Public,Medium,70
5100,94,26,59,4,3,0.25,6,4,4,8,22,2.5,Medium,Near,No,Low,Female,Medium,Yes,No,High,High School,Low,Neutral,In Relationship,Public,Medium,71
5101,67,23,69,1,2,1.36,8,4,4,8,20,3.4,High,Near,Yes,High,Female,Medium,Yes,No,Low,High School,High,Neutral,Single,Public,Medium,67
5102,71,21,54,1,3,2.4800000000000004,8,8,8,5,23,6.2,Medium,Near,No,Medium,Male,Medium,Yes,No,High,High School,Medium,Neutral,Single,Private,Medium,64
5103,78,20,89,0,4,2.72,8,8,8,5,19,6.8,Medium,Near,No,Medium,Female,High,No,No,High,College,Low,Neutral,In Relationship,Private,Medium,66
5104,88,22,87,1,3,2.44,5,7,7,6,20,6.1,Medium,Near,Yes,Low,Male,Medium,Yes,No,Low,Postgraduate,Medium,Neutral,Single,Public,High,70
5105,75,21,75,1,2,0.47000000000000003,8,5,5,7,19,4.7,Low,Moderate,Yes,Medium,Male,Medium,Yes,No,High,High School,Medium,Negative,Single,Private,Medium,65
5106,97,14,73,2,3,2.2399999999999998,7,8,8,5,21,5.6,Medium,Moderate,Yes,Medium,Male,Medium,Yes,No,Medium,College,Low,Positive,In Relationship,Public,Low,68
5107,64,20,73,3,5,1.92,6,6,6,7,21,4.8,Low,Far,Yes,Medium,Female,High,Yes,No,High,Postgraduate,Medium,Negative,Single,Public,High,65
5108,75,14,52,3,1,1.8800000000000001,8,5,5,7,19,4.7,Medium,Near,No,Medium,Male,Low,Yes,No,Medium,Postgraduate,High,Neutral,In Relationship,Public,Medium,65
5109,88,20,68,0,4,1.9600000000000002,7,7,7,6,19,4.9,Medium,Near,Yes,Low,Female,High,Yes,No,Medium,College,Medium,Positive,Complicated,Public,High,69
5110,69,17,56,1,4,2.12,10,8,8,5,21,5.3,Medium,Near,No,Medium,Female,High,Yes,No,Medium,High School,Medium,Neutral,In Relationship,Public,Medium,63
5111,86,35,59,2,2,2,8,7,7,6,22,5,Medium,Moderate,No,Low,Female,Medium,Yes,No,Medium,College,Low,Positive,Single,Public,Low,70
5112,67,20,98,1,4,1.32,7,4,4,7,21,3.3,Low,Near,Yes,Medium,Male,High,Yes,No,Medium,College,Low,Neutral,In Relationship,Public,Medium,64
5113,62,12,63,1,4,2.52,7,8,8,6,20,6.3,High,Near,Yes,High,Female,High,Yes,No,High,High School,Medium,Neutral,Single,Public,Medium,62
5114,65,19,74,1,3,1.4400000000000002,5,5,5,8,20,3.6,High,Near,Yes,Low,Female,Medium,Yes,No,Medium,High School,High,Positive,In Relationship,Private,Medium,66
5115,97,23,94,2,3,0.45,9,7,7,6,21,4.5,Low,Moderate,Yes,Low,Male,Medium,Yes,No,High,High School,High,Positive,In Relationship,Public,Medium,73
5116,82,30,71,3,3,0.45999999999999996,7,5,5,7,20,4.6,High,Far,Yes,Low,Female,Medium,Yes,No,Medium,Postgraduate,Medium,Neutral,Single,Public,High,72
5117,92,16,76,0,2,0.45999999999999996,7,6,6,6,20,4.6,Medium,Far,Yes,High,Male,Medium,No,No,High,Postgraduate,Medium,Neutral,Single,Private,Medium,68
5118,73,11,58,0,4,0.7200000000000001,5,8,8,5,22,7.2,High,Near,No,Medium,Male,High,No,No,Medium,College,Medium,Positive,In Relationship,Private,Medium,62
5119,84,25,64,2,4,0.49000000000000005,8,5,5,7,19,4.9,Low,Near,No,Low,Male,High,Yes,No,Medium,High School,Medium,Neutral,Single,Private,Medium,67
5120,80,12,75,1,4,1.8,6,5,5,7,20,4.5,Low,Moderate,No,Low,Male,High,Yes,No,Medium,High School,Medium,Negative,Single,Public,High,62
5121,98,17,68,2,3,2.2,6,8,8,6,20,5.5,High,Near,No,Medium,Male,Medium,Yes,No,Medium,High School,High,Positive,Single,Public,Medium,72
5122,90,18,52,2,2,1.6,7,7,7,6,22,4,High,Near,No,Medium,Male,Medium,Yes,No,High,High School,Low,Negative,Single,Public,High,67
5123,89,20,70,1,3,0.29,6,5,5,7,22,2.9,Medium,Moderate,Yes,Low,Female,Medium,Yes,No,Low,High School,High,Positive,Complicated,Private,Medium,68
5124,62,24,91,2,3,2.8000000000000003,6,9,9,4,19,7,High,Moderate,Yes,Medium,Female,Medium,Yes,No,Medium,High School,Low,Neutral,Single,Public,Medium,65
5125,82,16,56,0,1,0.6000000000000001,7,7,7,6,22,6,Medium,Far,No,High,Female,Low,Yes,Yes,Low,High School,Medium,Negative,Single,Private,High,79
5126,79,18,51,2,3,2.12,9,8,8,5,21,5.3,Low,Near,No,Medium,Male,Medium,Yes,No,High,High School,High,Positive,In Relationship,Private,Medium,66
5127,97,20,56,1,2,0.42000000000000004,8,4,4,8,19,4.2,Medium,Near,Yes,Low,Female,Medium,Yes,No,Low,High School,Medium,Neutral,Single,Private,Medium,68
5128,70,21,84,1,3,0.48,8,6,6,7,21,4.8,Low,Near,Yes,High,Male,Medium,Yes,Yes,Medium,Postgraduate,Low,Positive,In Relationship,Public,High,65
5129,71,21,90,3,4,1.9600000000000002,8,7,7,6,20,4.9,High,Moderate,Yes,Low,Female,High,Yes,No,Medium,High School,Medium,Neutral,Single,Public,Medium,67
5130,76,23,52,3,4,0.6900000000000001,6,8,8,5,21,6.9,High,Moderate,Yes,Medium,Male,High,Yes,No,Low,College,Medium,Neutral,In Relationship,Public,Medium,67
5131,70,25,94,1,4,1.6,9,5,5,8,20,4,Medium,Moderate,Yes,Medium,Male,High,Yes,No,Medium,High School,Low,Neutral,In Relationship,Public,Medium,67
5132,65,22,81,5,4,1.4800000000000002,4,7,7,6,20,3.7,Medium,Far,Yes,Medium,Female,High,Yes,No,High,College,Medium,Positive,Single,Public,Medium,68
5133,94,23,76,3,3,2,8,8,8,5,20,5,High,Moderate,No,Medium,Male,Medium,Yes,No,Low,High School,Medium,Positive,In Relationship,Public,Medium,72
5134,82,11,63,1,5,2.12,8,8,8,5,19,5.3,Medium,Near,No,Medium,Male,High,Yes,No,High,High School,High,Neutral,In Relationship,Public,Medium,65
5135,94,20,69,0,3,2.52,7,8,8,5,22,6.3,Medium,Moderate,No,Low,Female,Medium,Yes,Yes,Low,High School,Low,Positive,Single,Public,Medium,65
5136,93,23,97,1,2,0.48,6,5,5,7,20,4.8,Medium,Moderate,Yes,Medium,Male,Medium,No,No,Low,College,Medium,Positive,Single,Public,Medium,70
5137,71,24,96,2,2,0.6000000000000001,7,7,7,6,22,6,Medium,Near,Yes,Low,Male,Medium,Yes,No,Medium,High School,Medium,Negative,Single,Public,Medium,67
5138,82,16,81,1,4,0.51,6,8,8,5,22,5.1,High,Near,Yes,Medium,Male,High,Yes,No,Medium,College,Medium,Neutral,Single,Private,Medium,68
5139,63,16,79,2,3,2.2800000000000002,8,7,7,6,21,5.7,Medium,Moderate,No,Low,Male,Medium,Yes,No,Medium,College,Medium,Positive,Single,Public,High,63
5140,97,17,61,2,2,0.55,8,7,7,6,24,5.5,Medium,Near,Yes,Low,Male,Medium,Yes,No,Low,High School,Medium,Neutral,In Relationship,Public,Medium,68
5141,76,23,98,0,2,0.65,8,8,8,5,22,6.5,High,Moderate,Yes,Medium,Female,Medium,Yes,No,Medium,Postgraduate,Medium,Neutral,Single,Public,Low,69
5142,76,26,88,2,4,0.44000000000000006,8,4,4,8,22,4.4,Low,Near,Yes,Low,Male,High,Yes,No,Low,High School,Low,Positive,Single,Public,Low,66
5143,72,18,69,2,4,0.61,8,7,7,6,21,6.1,Medium,Far,Yes,High,Female,High,No,Yes,High,High School,High,Neutral,Single,Public,Medium,64
5144,78,25,91,3,4,0.37000000000000005,8,5,5,7,22,3.7,Low,Near,Yes,Low,Male,High,Yes,No,Medium,High School,High,Negative,Single,Public,Medium,69
5145,70,21,61,1,3,1.52,6,6,6,7,19,3.8,Medium,Near,No,Low,Male,Medium,Yes,No,Medium,High School,Low,Neutral,Single,Public,Medium,62
5146,75,19,61,0,3,0.55,5,7,7,6,20,5.5,High,Near,Yes,Medium,Female,Medium,Yes,No,High,High School,Medium,Negative,In Relationship,Public,Medium,65
5147,92,19,90,1,2,1.2400000000000002,7,5,5,7,19,3.1,Medium,Near,Yes,Low,Female,Medium,Yes,No,Medium,High School,Medium,Positive,In Relationship,Public,High,70
5148,93,24,78,1,4,1.72,8,7,7,6,21,4.3,High,Near,Yes,High,Female,High,Yes,No,Medium,High School,Low,Neutral,Single,Public,Medium,72
5149,72,22,78,1,3,1.4400000000000002,5,7,7,6,19,3.6,Medium,Near,No,Low,Female,Medium,Yes,No,High,High School,Medium,Positive,Single,Public,High,66
5150,79,34,79,3,2,1.9600000000000002,7,7,7,6,21,4.9,Low,Moderate,Yes,Medium,Male,Medium,Yes,Yes,Low,High School,High,Negative,Single,Private,High,70
5151,95,15,56,3,1,1.56,9,5,5,7,19,3.9,Medium,Near,No,Low,Male,Low,No,No,Medium,High School,Medium,Positive,Single,Public,High,67
5152,62,23,67,1,4,2.2399999999999998,7,8,8,5,21,5.6,High,Moderate,Yes,Low,Female,High,Yes,No,Low,Postgraduate,High,Negative,In Relationship,Public,Medium,65
5153,96,17,79,3,2,0.48,9,7,7,6,21,4.8,Low,Moderate,Yes,Medium,Male,Medium,No,No,Low,Postgraduate,Medium,Neutral,In Relationship,Private,Medium,68
5154,69,15,62,2,3,0.32000000000000006,9,5,5,7,22,3.2,Medium,Moderate,Yes,Medium,Male,Medium,Yes,No,Low,High School,Low,Neutral,In Relationship,Public,High,62
5155,87,20,75,1,3,1.8,7,7,7,6,20,4.5,Medium,Near,Yes,Low,Male,Medium,Yes,No,High,Postgraduate,Low,Negative,Complicated,Public,Medium,68
5156,83,21,78,2,3,2.8000000000000003,6,9,9,4,24,7,Medium,Near,No,High,Female,Medium,Yes,Yes,Medium,High School,High,Positive,Single,Public,High,69
5157,82,38,97,2,3,2.32,6,7,7,6,21,5.8,Low,Near,No,Low,Male,Medium,Yes,No,Low,College,Medium,Negative,In Relationship,Private,Medium,72
5158,94,19,62,0,3,0.6200000000000001,7,8,8,5,22,6.2,Medium,Moderate,No,Medium,Male,Medium,Yes,Yes,Medium,High School,Low,Negative,In Relationship,Public,Medium,65
5159,64,13,72,2,2,1.64,5,5,5,7,20,4.1,High,Moderate,Yes,Medium,Male,Medium,Yes,No,Medium,Postgraduate,Medium,Neutral,Single,Private,Medium,63
5160,74,22,99,0,2,1.4800000000000002,5,7,7,6,20,3.7,High,Near,Yes,Low,Female,Medium,Yes,No,Medium,College,High,Neutral,Single,Public,Medium,68
5161,82,8,59,1,2,0.29,4,5,5,7,22,2.9,Low,Near,No,Medium,Male,Medium,Yes,No,Medium,College,High,Neutral,In Relationship,Public,Medium,62
5162,92,19,89,0,2,1.8399999999999999,7,6,6,7,21,4.6,Medium,Near,Yes,Low,Male,Medium,No,No,Medium,Postgraduate,Medium,Neutral,Single,Private,High,69
5163,69,20,59,2,4,2.68,10,8,8,5,21,6.7,Low,Near,No,High,Female,High,Yes,No,Medium,High School,Medium,Positive,Single,Public,High,65
5164,92,25,93,3,2,2.5600000000000005,4,8,8,5,19,6.4,Medium,Near,No,High,Female,Medium,Yes,No,High,High School,High,Neutral,Single,Public,Medium,74
5165,76,26,74,4,3,0.48,7,6,6,7,22,4.8,Low,Moderate,Yes,Medium,Female,Medium,Yes,No,Medium,High School,High,Positive,In Relationship,Public,High,70
5166,68,17,99,2,3,0.4,7,5,5,7,22,4,Low,Near,Yes,Medium,Female,Medium,Yes,No,High,High School,Medium,Positive,In Relationship,Public,Medium,65
5167,90,19,59,3,3,2.16,7,7,7,5,21,5.4,High,Moderate,No,High,Male,Medium,Yes,No,Low,College,High,Neutral,Single,Public,Medium,70
5168,64,15,84,0,3,1.92,9,8,8,5,21,4.8,Low,Far,Yes,Medium,Male,Medium,Yes,No,Low,College,Low,Neutral,In Relationship,Public,Medium,59
5169,81,13,85,1,3,1.4800000000000002,6,4,4,8,19,3.7,Medium,Moderate,Yes,Low,Male,Medium,Yes,No,Low,High School,Low,Neutral,Single,Private,Medium,63
5170,63,22,86,0,4,0.5,4,6,6,7,22,5,High,Near,Yes,Low,Female,High,Yes,No,Low,College,Low,Neutral,In Relationship,Public,High,64
5171,74,12,55,0,3,1.52,6,4,4,8,20,3.8,High,Near,Yes,Medium,Male,Medium,Yes,No,High,Postgraduate,Low,Positive,Single,Public,Low,63
5172,84,18,64,2,2,1.72,6,7,7,5,20,4.3,Low,Near,No,Low,Female,Medium,Yes,No,Medium,High School,High,Positive,Single,Public,High,67
5173,82,14,67,1,4,2.2,4,8,8,6,19,5.5,Medium,Moderate,Yes,High,Female,High,Yes,No,Medium,High School,Medium,Neutral,Single,Public,Medium,65
5174,76,23,66,2,3,0.48,7,6,6,7,22,4.8,Medium,Near,No,Medium,Male,Medium,Yes,No,Medium,College,Medium,Neutral,In Relationship,Public,Medium,67
5175,77,31,84,2,5,0.45,5,7,7,6,21,4.5,Medium,Near,No,High,Male,High,Yes,No,Medium,High School,High,Positive,In Relationship,Public,High,73
5176,69,12,53,2,3,2.72,7,9,9,4,19,6.8,High,Near,Yes,Low,Male,Medium,Yes,No,Low,College,High,Neutral,Single,Public,High,64
5177,78,9,87,0,3,2.8000000000000003,6,9,9,4,19,7,High,Near,No,Medium,Male,Medium,Yes,No,Medium,Postgraduate,Low,Positive,Single,Private,High,65
5178,98,19,76,2,3,0.4,5,5,5,7,20,4,High,Moderate,Yes,Medium,Male,Medium,Yes,No,Medium,High School,Medium,Positive,In Relationship,Private,Medium,72
5179,94,20,59,3,4,0.7200000000000001,8,8,8,5,19,7.2,Medium,Near,No,Medium,Female,High,Yes,No,High,High School,High,Positive,In Relationship,Public,Medium,72
5180,66,21,61,2,2,0.49000000000000005,7,7,7,6,20,4.9,Medium,Near,No,High,Male,Medium,Yes,No,Medium,College,High,Neutral,Complicated,Public,High,66
5181,61,17,55,1,2,1.4800000000000002,7,6,6,7,20,3.7,Medium,Near,Yes,Medium,Male,Medium,Yes,Yes,High,College,High,Negative,Single,Private,Medium,62
5182,97,19,73,2,1,2.72,8,9,9,4,19,6.8,Medium,Near,No,Medium,Male,Low,Yes,No,Medium,College,Low,Negative,Single,Private,Medium,68
5183,81,22,80,1,3,1.7600000000000002,7,7,7,5,19,4.4,Low,Moderate,Yes,Medium,Female,Medium,Yes,No,Low,College,Medium,Positive,Single,Public,Medium,67
5184,82,26,79,1,2,0.45,7,4,4,8,19,4.5,Low,Near,No,Medium,Female,Medium,Yes,Yes,Medium,Postgraduate,High,Positive,Single,Public,Medium,69
5185,91,8,98,1,3,2.44,6,7,7,5,20,6.1,Low,Near,No,Medium,Female,Medium,Yes,No,Medium,High School,High,Positive,Single,Private,Medium,67
5186,73,18,65,1,3,1.8399999999999999,5,6,6,7,21,4.6,Medium,Moderate,No,Low,Female,Medium,Yes,No,Medium,College,Medium,Negative,In Relationship,Public,High,63
5187,79,21,88,0,4,1.32,7,5,5,7,19,3.3,Medium,Moderate,Yes,Low,Male,High,Yes,No,Low,High School,Low,Negative,In Relationship,Private,Medium,65
5188,99,14,86,2,4,2,6,7,7,6,22,5,Medium,Near,No,High,Male,High,Yes,No,Low,College,High,Negative,Single,Private,High,71
5189,87,30,53,1,1,0.6200000000000001,8,8,8,5,22,6.2,Medium,Near,No,Low,Male,Low,Yes,No,Low,Postgraduate,Medium,Neutral,Single,Private,High,70
5190,66,16,97,5,3,2.3600000000000003,7,8,8,5,19,5.9,Medium,Near,Yes,Low,Male,Medium,Yes,No,Medium,Postgraduate,Medium,Positive,Complicated,Public,High,68
5191,65,20,97,0,3,0.55,8,8,8,5,20,5.5,Medium,Near,Yes,Low,Female,Medium,Yes,No,High,College,Medium,Negative,Complicated,Public,Medium,65
5192,68,23,70,4,2,0.43,6,4,4,8,21,4.3,High,Near,Yes,Medium,Male,Medium,Yes,No,Medium,High School,Medium,Positive,Single,Public,Medium,68
5193,91,16,71,2,3,1.08,5,4,4,8,19,2.7,Medium,Near,Yes,High,Male,Medium,Yes,No,Medium,College,Medium,Negative,Single,Public,Medium,69
5194,72,9,91,1,2,0.67,10,7,7,6,21,6.7,High,Far,Yes,High,Female,Medium,No,No,Medium,High School,Medium,Neutral,Single,Public,Medium,62
5195,61,17,75,2,4,1.8800000000000001,7,5,5,7,19,4.7,High,Near,Yes,Medium,Female,High,No,No,Medium,College,Low,Negative,In Relationship,Public,High,62
5196,98,26,90,1,2,3.24,8,9,9,5,19,8.1,Low,Moderate,No,High,Female,Medium,Yes,Yes,Low,Postgraduate,High,Positive,In Relationship,Public,Low,72
5197,67,18,52,0,4,2.44,5,8,8,5,23,6.1,Medium,Moderate,No,Medium,Male,High,Yes,No,High,Postgraduate,High,Neutral,Single,Private,Medium,64
5198,60,15,63,0,1,0.48,7,5,5,7,24,4.8,Medium,Far,No,Low,Female,Low,Yes,Yes,Low,High School,High,Positive,In Relationship,Public,High,58
5199,69,26,55,1,3,0.55,9,7,7,6,23,5.5,Medium,Near,No,Low,Male,Medium,Yes,No,Low,College,High,Neutral,In Relationship,Public,Medium,66
5200,69,18,73,1,4,0.8800000000000001,5,4,4,8,20,2.2,Low,Moderate,Yes,Low,Male,High,Yes,No,Low,Postgraduate,Medium,Positive,Single,Public,High,64
5201,77,17,93,3,1,0.45,10,5,5,7,24,4.5,High,Far,Yes,High,Female,Low,Yes,No,Low,College,Medium,Positive,In Relationship,Private,High,68
5202,97,21,78,0,3,0.48,7,5,5,7,20,4.8,Low,Near,No,High,Female,Medium,Yes,No,Medium,Postgraduate,Low,Neutral,In Relationship,Public,Medium,69
5203,95,25,76,1,5,1.36,6,4,4,8,20,3.4,High,Near,No,Low,Male,High,Yes,No,Medium,High School,Low,Positive,Single,Public,Medium,71
5204,78,34,68,1,2,1.64,8,6,6,7,22,4.1,High,Near,Yes,Medium,Male,Medium,Yes,No,Medium,College,Medium,Negative,In Relationship,Public,Medium,71
5205,76,25,53,0,3,2.64,9,8,8,5,24,6.6,Medium,Moderate,Yes,High,Male,Medium,Yes,No,Medium,High School,Medium,Positive,Single,Private,High,67
5206,82,27,88,2,3,1.36,6,5,5,7,20,3.4,Low,Near,Yes,High,Male,Medium,Yes,No,Medium,High School,High,Neutral,In Relationship,Private,High,71
5207,70,17,79,2,3,2.04,6,7,7,6,21,5.1,Medium,Near,Yes,Medium,Female,Medium,Yes,No,Low,High School,Medium,Positive,Single,Public,Medium,64
5208,62,14,97,0,1,0.4,7,5,5,7,22,4,Medium,Moderate,Yes,Medium,Male,Low,Yes,No,High,High School,Medium,Positive,In Relationship,Public,Medium,62
5209,98,20,72,1,4,0.48,8,5,5,7,24,4.8,Medium,Near,No,High,Female,High,Yes,No,Medium,High School,Medium,Negative,In Relationship,Public,Medium,70
5210,67,21,70,2,2,2.44,7,8,8,5,20,6.1,High,Moderate,No,Low,Female,Medium,Yes,No,Low,Postgraduate,Low,Negative,Single,Private,Medium,63
5211,68,14,99,0,3,1.32,8,4,4,8,19,3.3,Medium,Near,Yes,High,Female,Medium,Yes,No,High,High School,High,Positive,Single,Public,Medium,66
5212,79,19,57,2,3,1.8,8,7,7,5,20,4.5,Medium,Moderate,Yes,Low,Male,Medium,Yes,No,Low,High School,Medium,Positive,Single,Public,Low,65
5213,80,22,63,1,3,1.4800000000000002,7,7,7,6,21,3.7,High,Near,No,High,Male,Medium,Yes,No,Medium,College,Medium,Positive,Single,Public,Medium,69
5214,61,22,74,1,3,0.45,6,5,5,7,22,4.5,Low,Near,Yes,Low,Male,Medium,Yes,No,Medium,High School,High,Negative,In Relationship,Public,Medium,63
5215,66,23,76,1,2,1.8,7,7,7,6,21,4.5,Medium,Moderate,No,High,Male,Medium,Yes,No,Low,College,Medium,Neutral,Single,Public,Medium,64
5216,75,22,77,2,2,1.2400000000000002,10,4,4,8,19,3.1,Medium,Near,Yes,Low,Male,Medium,Yes,No,High,High School,Medium,Neutral,Single,Public,Low,66
5217,87,17,61,4,3,1.52,7,4,4,8,20,3.8,Medium,Near,Yes,High,Female,Medium,Yes,Yes,Medium,High School,Medium,Negative,Single,Public,Medium,67
5218,69,17,96,2,3,1.6800000000000002,9,7,7,5,19,4.2,High,Far,Yes,Low,Male,Medium,Yes,No,Medium,College,High,Negative,Single,Public,Medium,66
5219,77,13,85,2,4,0.25,6,4,4,8,23,2.5,High,Near,No,Low,Female,High,Yes,No,Low,Postgraduate,Low,Neutral,In Relationship,Public,Medium,65
5220,82,31,63,2,2,2.72,7,8,8,5,23,6.8,Medium,Moderate,Yes,High,Male,Medium,No,No,Medium,Postgraduate,High,Positive,Single,Private,Medium,72
5221,96,20,65,0,2,2.16,8,7,7,6,22,5.4,Medium,Near,Yes,Medium,Female,Medium,Yes,No,High,High School,High,Neutral,In Relationship,Public,Low,70
5222,73,19,94,1,1,1.8800000000000001,9,8,8,6,22,4.7,Medium,Near,Yes,High,Female,Low,Yes,No,Medium,College,Medium,Positive,In Relationship,Public,Low,67
5223,65,14,69,4,3,0.58,9,8,8,6,20,5.8,High,Near,No,Medium,Male,Medium,Yes,No,Low,College,Medium,Neutral,In Relationship,Public,Medium,64
5224,80,38,78,1,4,2.72,5,9,9,4,23,6.8,Medium,Far,No,Low,Female,High,Yes,No,Medium,College,High,Positive,Single,Public,Medium,72
5225,90,14,56,0,4,0.42000000000000004,9,4,4,8,19,4.2,Medium,Near,Yes,Low,Female,High,Yes,No,Medium,High School,Medium,Neutral,Single,Public,Medium,65
5226,64,17,63,0,3,0.7000000000000001,10,8,8,5,19,7,Low,Moderate,Yes,High,Female,Medium,Yes,No,Medium,High School,High,Positive,In Relationship,Public,Medium,62
5227,77,22,71,3,4,0.43,6,4,4,8,21,4.3,High,Far,No,Low,Female,High,Yes,No,High,High School,Medium,Negative,Single,Public,Medium,67
5228,61,24,83,0,3,0.43,6,4,4,8,20,4.3,Medium,Near,No,Medium,Male,Medium,Yes,Yes,High,High School,Medium,Positive,Single,Public,Medium,64
5229,61,26,64,0,3,0.45999999999999996,7,5,5,7,19,4.6,Medium,Near,No,Medium,Male,Medium,Yes,No,Low,Postgraduate,Medium,Negative,In Relationship,Private,Medium,63
5230,79,31,98,1,2,2.16,7,8,8,6,21,5.4,High,Moderate,No,Medium,Male,Medium,Yes,No,Medium,College,Medium,Neutral,In Relationship,Public,High,72
5231,72,23,61,1,5,1.52,6,7,7,6,22,3.8,Medium,Near,No,High,Male,High,Yes,No,High,High School,Low,Positive,Single,Public,Medium,66
5232,94,14,89,0,1,0.5700000000000001,5,7,7,6,22,5.7,Medium,Near,Yes,Medium,Female,Low,Yes,No,Medium,Postgraduate,High,Positive,Single,Public,Medium,70
5233,84,18,68,0,2,1.4000000000000001,9,5,5,7,19,3.5,Low,Near,Yes,Medium,Female,Medium,Yes,No,Low,Postgraduate,Medium,Negative,In Relationship,Private,High,66
5234,78,22,92,1,3,2.2,6,8,8,6,20,5.5,High,Moderate,No,High,Male,Medium,Yes,No,Low,High School,High,Positive,Single,Public,High,70
5235,76,32,96,0,2,2.04,6,7,7,6,21,5.1,Low,Moderate,Yes,Low,Female,Medium,Yes,No,Low,High School,Low,Neutral,Single,Public,High,67
5236,80,12,59,1,2,0.5700000000000001,7,7,7,6,21,5.7,Medium,Near,Yes,Low,Female,Medium,Yes,No,High,High School,Medium,Positive,Single,Public,High,64
5237,62,27,75,2,2,1.8399999999999999,5,5,5,7,20,4.6,Medium,Near,No,Medium,Male,Medium,Yes,No,Medium,High School,High,Positive,Single,Public,High,67
5238,96,21,58,0,4,0.32000000000000006,5,5,5,7,21,3.2,High,Far,Yes,High,Male,High,Yes,No,Medium,College,High,Neutral,In Relationship,Public,High,72
5239,100,25,85,1,3,1.08,6,4,4,8,19,2.7,Low,Near,No,Medium,Male,Medium,Yes,No,Low,High School,High,Positive,Single,Public,Medium,72
5240,67,19,92,2,5,1.7600000000000002,8,5,5,7,21,4.4,Medium,Moderate,Yes,High,Female,High,Yes,No,Low,Postgraduate,High,Neutral,In Relationship,Public,Medium,68
5241,65,15,69,1,3,0.68,7,8,8,5,19,6.8,Medium,Near,Yes,High,Female,Medium,Yes,No,Medium,Postgraduate,Medium,Neutral,In Relationship,Public,Medium,64
5242,66,25,70,1,3,2.5600000000000005,4,9,9,4,19,6.4,Medium,Moderate,Yes,High,Male,Medium,No,No,Medium,High School,High,Positive,Single,Public,Medium,66
5243,86,24,60,0,3,1.2000000000000002,9,4,4,8,20,3,High,Far,No,Low,Male,Medium,Yes,No,Medium,College,Low,Positive,Single,Private,High,68
5244,86,26,65,0,4,2.7600000000000002,8,9,9,4,19,6.9,Low,Near,No,Low,Female,High,Yes,No,Low,High School,Low,Neutral,In Relationship,Public,High,66
5245,94,20,66,1,1,2.3600000000000003,7,7,7,6,19,5.9,High,Near,Yes,Low,Female,Low,Yes,No,High,High School,Low,Positive,Single,Private,High,70
5246,90,16,58,1,4,2.16,7,8,8,5,20,5.4,High,Near,Yes,Low,Female,High,Yes,No,High,Postgraduate,High,Neutral,Single,Public,Medium,70
5247,78,11,65,0,2,2.8800000000000003,8,9,9,4,19,7.2,High,Near,Yes,Medium,Female,Medium,Yes,No,Medium,High School,Low,Neutral,Complicated,Private,Medium,62
5248,85,25,95,0,1,1.6800000000000002,10,6,6,7,21,4.2,Medium,Near,Yes,Medium,Male,Low,Yes,No,Medium,College,Low,Positive,Single,Public,Low,69
5249,88,23,66,2,2,3.04,8,9,9,5,20,7.6,Medium,Moderate,Yes,Medium,Male,Medium,Yes,No,Low,College,Medium,Positive,In Relationship,Private,High,69
5250,81,14,64,2,4,2.5600000000000005,7,8,8,6,19,6.4,Medium,Near,Yes,Medium,Male,High,Yes,Yes,Medium,College,Medium,Positive,Single,Public,Medium,66
5251,79,17,69,4,3,2.44,5,9,9,5,19,6.1,High,Near,No,Low,Female,Medium,Yes,No,Medium,Postgraduate,High,Negative,Complicated,Public,Medium,68
5252,86,17,98,2,5,0.45,7,7,7,6,21,4.5,High,Moderate,No,Low,Male,High,Yes,No,Medium,Postgraduate,Medium,Positive,In Relationship,Public,High,71
5253,82,11,88,1,2,0.42000000000000004,8,5,5,7,22,4.2,Medium,Moderate,Yes,Low,Female,Medium,No,No,Medium,Postgraduate,Medium,Negative,In Relationship,Private,Medium,64
5254,86,15,60,2,3,1.8800000000000001,7,7,7,6,21,4.7,High,Near,No,Medium,Male,Medium,Yes,No,Medium,College,Low,Positive,Single,Public,Medium,67
5255,85,13,88,2,3,2.44,6,7,7,5,20,6.1,High,Moderate,Yes,Medium,Female,Medium,Yes,No,Medium,High School,Medium,Positive,Single,Public,High,68
5256,89,18,88,0,1,0.68,8,7,7,6,22,6.8,High,Moderate,Yes,High,Male,Low,Yes,No,Low,High School,Low,Negative,Single,Public,Medium,67
5257,86,16,98,1,3,1.52,6,5,5,8,21,3.8,Medium,Near,No,Low,Male,Medium,Yes,No,High,Postgraduate,Medium,Neutral,In Relationship,Public,Medium,68
5258,81,10,95,5,3,0.6200000000000001,8,7,7,6,22,6.2,High,Near,Yes,Low,Female,Medium,Yes,No,Medium,High School,Medium,Positive,Single,Public,High,69
5259,87,32,55,0,3,0.36000000000000004,6,3,3,8,19,3.6,High,Near,Yes,Low,Male,Medium,Yes,No,Medium,High School,Medium,Neutral,Single,Public,High,71
5260,78,28,73,3,4,0.5700000000000001,4,7,7,6,21,5.7,Low,Moderate,Yes,Low,Female,High,No,No,Low,High School,High,Positive,Single,Private,Medium,68
5261,70,15,85,0,2,0.26,6,4,4,8,21,2.6,High,Moderate,No,Low,Male,Medium,Yes,No,High,College,High,Positive,In Relationship,Private,Medium,65
5262,60,22,99,1,3,0.27999999999999997,7,4,4,8,22,2.8,Medium,Moderate,No,Low,Male,Medium,Yes,No,Medium,College,Low,Neutral,Single,Public,High,63
5263,82,23,54,0,1,0.6400000000000001,8,8,8,5,22,6.4,Medium,Near,Yes,Medium,Female,Low,Yes,No,Medium,High School,Low,Negative,In Relationship,Public,High,65
5264,84,27,68,3,2,0.6000000000000001,8,7,7,6,22,6,High,Near,No,Low,Female,Medium,Yes,Yes,Low,Postgraduate,High,Positive,Single,Private,High,72
5265,99,15,75,2,1,1.52,5,5,5,7,20,3.8,Medium,Moderate,Yes,Medium,Male,Low,Yes,No,Low,College,Low,Neutral,In Relationship,Public,Low,67
5266,74,27,71,1,3,0.35000000000000003,7,5,5,7,21,3.5,High,Near,No,Medium,Female,Medium,Yes,No,Medium,High School,Medium,Positive,Single,Public,Medium,69
5267,76,17,73,3,3,1.6800000000000002,6,5,5,7,21,4.2,Medium,Near,No,Low,Male,Medium,Yes,No,Medium,Postgraduate,Medium,Neutral,In Relationship,Private,High,67
5268,68,12,68,2,4,1.4000000000000001,6,7,7,6,20,3.5,Medium,Near,Yes,Medium,Male,High,Yes,No,Low,College,High,Positive,Single,Public,Medium,64
5269,63,24,99,0,3,1.4400000000000002,6,5,5,7,20,3.6,Low,Moderate,No,Low,Female,Medium,No,No,Low,High School,Medium,Positive,In Relationship,Public,Medium,62
5270,91,28,90,2,3,2.7600000000000002,7,9,9,5,19,6.9,Medium,Near,No,High,Male,Medium,Yes,No,Medium,High School,Low,Neutral,In Relationship,Private,Low,71
5271,70,36,87,2,3,1.4400000000000002,10,5,5,7,20,3.6,High,Near,No,Low,Male,Medium,Yes,No,Medium,High School,Low,Positive,In Relationship,Public,Medium,70
5272,84,13,71,1,3,0.65,10,8,8,5,19,6.5,Medium,Moderate,No,Medium,Male,Medium,Yes,No,Low,College,Low,Neutral,Single,Public,High,64
5273,88,24,94,0,2,2.3600000000000003,6,7,7,6,19,5.9,Medium,Moderate,Yes,Low,Male,Medium,Yes,No,Medium,Postgraduate,Medium,Negative,Single,Private,Medium,69
5274,79,18,55,1,3,1.8399999999999999,7,5,5,8,21,4.6,Medium,Moderate,Yes,Low,Female,Medium,Yes,No,Medium,High School,Medium,Positive,In Relationship,Public,High,65
5275,95,25,57,2,2,0.29,7,4,4,8,22,2.9,High,Moderate,Yes,High,Female,Medium,Yes,No,Medium,College,High,Negative,In Relationship,Private,Medium,73
5276,78,11,98,2,3,0.45999999999999996,7,7,7,6,20,4.6,Low,Near,Yes,Medium,Female,Medium,Yes,No,Low,High School,Medium,Neutral,In Relationship,Public,Medium,64
5277,71,12,78,2,2,2.84,8,9,9,4,19,7.1,High,Near,Yes,Medium,Female,Medium,Yes,No,Low,Postgraduate,Medium,Negative,Single,Public,Medium,64
5278,96,15,58,3,4,1.8399999999999999,7,7,7,6,19,4.6,Medium,Moderate,Yes,Medium,Male,High,Yes,No,Medium,Postgraduate,Medium,Neutral,Single,Public,Medium,70
5279,94,20,97,2,5,0.51,6,7,7,6,22,5.1,Low,Near,Yes,Medium,Male,High,Yes,No,Low,College,Low,Positive,Single,Public,Medium,70
5280,67,16,99,2,2,2.72,9,9,9,5,20,6.8,High,Moderate,No,Medium,Male,Medium,Yes,Yes,Medium,High School,High,Neutral,In Relationship,Public,Medium,64
5281,61,24,94,3,2,1.8,5,6,6,7,20,4.5,Medium,Moderate,No,Medium,Female,Medium,Yes,Yes,Medium,College,Low,Neutral,Single,Private,High,64
5282,64,26,62,3,2,2.52,7,9,9,5,19,6.3,Medium,Near,Yes,Medium,Male,Medium,Yes,No,High,High School,Medium,Negative,Complicated,Private,High,66
5283,71,24,64,1,3,0.22999999999999998,5,3,3,8,23,2.3,High,Near,Yes,Medium,Male,Medium,Yes,No,Medium,College,Low,Neutral,In Relationship,Public,Medium,66
5284,99,30,70,2,4,1.4400000000000002,5,4,4,8,20,3.6,Medium,Near,Yes,Medium,Female,High,Yes,No,Low,High School,Medium,Neutral,Single,Public,Medium,74
5285,82,22,79,2,1,1.8800000000000001,8,7,7,5,22,4.7,High,Near,No,Medium,Female,Low,No,No,Medium,College,High,Negative,In Relationship,Public,Medium,69
5286,75,13,100,1,3,0.47000000000000003,6,8,8,5,22,4.7,High,Near,Yes,Medium,Male,Medium,Yes,No,High,Postgraduate,Low,Positive,Single,Public,Medium,67
5287,96,28,98,5,5,1.7600000000000002,4,5,5,8,20,4.4,Medium,Far,No,Low,Male,High,Yes,Yes,High,High School,Medium,Neutral,In Relationship,Public,Medium,73
5288,78,16,96,0,1,0.63,6,7,7,6,21,6.3,Medium,Near,No,Medium,Female,Low,Yes,No,High,Postgraduate,Low,Positive,Single,Public,Medium,66
5289,73,25,54,2,4,1.4000000000000001,6,6,6,7,20,3.5,Medium,Moderate,No,Medium,Female,High,Yes,No,High,High School,High,Neutral,Single,Public,Medium,67
5290,98,29,88,3,2,2.3600000000000003,5,8,8,6,20,5.9,High,Near,Yes,Low,Male,Medium,Yes,No,Low,College,Medium,Neutral,Single,Public,Medium,75
5291,94,23,94,2,2,2,8,8,8,6,21,5,High,Near,Yes,Medium,Male,Medium,Yes,No,Low,High School,Medium,Positive,In Relationship,Public,High,73
5292,94,11,67,2,5,0.6200000000000001,5,7,7,6,22,6.2,Medium,Near,No,High,Female,High,Yes,No,Medium,High School,Medium,Neutral,Single,Public,Medium,67
5293,80,14,61,0,4,1.4000000000000001,6,5,5,7,19,3.5,Low,Moderate,Yes,Medium,Female,High,Yes,No,Medium,College,High,Neutral,In Relationship,Public,High,65
5294,92,28,87,1,1,0.41,7,5,5,7,22,4.1,Medium,Near,Yes,Low,Female,Low,Yes,No,Low,High School,Medium,Positive,In Relationship,Public,Low,71
5295,67,19,55,1,4,2.72,6,9,9,4,19,6.8,Medium,Near,Yes,Medium,Male,High,Yes,No,Low,High School,Medium,Neutral,Single,Public,Medium,63
5296,83,20,97,2,4,1.6800000000000002,6,7,7,5,21,4.2,Low,Moderate,Yes,Low,Female,High,Yes,No,High,High School,Medium,Neutral,In Relationship,Public,High,68
5297,99,25,58,0,4,1.72,6,5,5,7,20,4.3,High,Near,No,Medium,Male,High,Yes,No,High,High School,Medium,Positive,Single,Private,Medium,72
5298,72,24,73,2,2,2.16,5,7,7,6,20,5.4,High,Near,Yes,Medium,Male,Medium,Yes,No,Low,High School,Low,Positive,In Relationship,Public,High,67
5299,92,22,99,1,4,0.5,6,5,5,7,20,5,High,Near,No,Medium,Female,High,Yes,No,Low,College,Medium,Negative,Single,Public,Medium,71
5300,80,19,99,1,4,1.64,8,8,8,5,19,4.1,Low,Near,No,Low,Male,High,Yes,No,High,Postgraduate,Low,Positive,Single,Public,Medium,67
5301,62,18,89,0,3,0.45,6,5,5,7,19,4.5,High,Near,Yes,High,Female,Medium,Yes,No,Medium,Postgraduate,Medium,Positive,Single,Private,High,66
5302,91,25,92,3,5,3.3600000000000003,7,9,9,5,20,8.4,High,Near,No,Low,Male,High,Yes,No,Medium,High School,Medium,Negative,In Relationship,Public,Medium,72
5303,67,23,98,2,0,2.8000000000000003,9,8,8,5,19,7,Low,Near,No,Low,Female,Low,Yes,No,Medium,College,Low,Negative,In Relationship,Public,High,64
5304,85,18,96,0,3,2.68,8,8,8,5,20,6.7,Medium,Moderate,No,High,Male,Medium,Yes,No,Medium,College,Medium,Negative,Single,Public,High,68
5305,63,26,81,0,2,1.8800000000000001,5,6,6,7,22,4.7,High,Moderate,No,Low,Female,Medium,Yes,No,Medium,High School,High,Negative,In Relationship,Public,Medium,65
5306,98,19,87,1,4,1.8800000000000001,8,7,7,6,20,4.7,High,Moderate,Yes,Medium,Male,High,Yes,No,High,Postgraduate,Medium,Positive,Single,Private,Medium,74
5307,72,15,80,4,4,0.47000000000000003,9,7,7,6,20,4.7,Low,Moderate,Yes,Medium,Female,High,Yes,No,Medium,College,Medium,Neutral,In Relationship,Private,High,65
5308,69,15,75,2,2,0.45,6,5,5,7,20,4.5,Low,Near,Yes,Low,Female,Medium,No,No,Medium,High School,High,Positive,Single,Public,High,63
5309,65,14,94,5,3,0.27,5,3,3,8,19,2.7,Medium,Moderate,Yes,Low,Male,Medium,Yes,No,Medium,Postgraduate,Medium,Negative,Single,Private,Medium,65
5310,98,18,87,0,1,0.6900000000000001,6,7,7,6,21,6.9,High,Near,Yes,Medium,Male,Low,Yes,No,Medium,High School,Low,Neutral,Single,Public,Medium,70
5311,88,27,93,0,4,2.2,7,7,7,6,21,5.5,High,Moderate,Yes,Low,Male,High,Yes,No,Medium,High School,Medium,Neutral,Single,Public,Medium,71
5312,90,15,55,1,1,2.32,8,7,7,6,22,5.8,Medium,Near,Yes,Low,Female,Low,Yes,No,Medium,College,Medium,Neutral,Single,Public,Medium,66
5313,80,21,79,2,3,1.7600000000000002,6,7,7,5,19,4.4,Medium,Near,Yes,Medium,Male,Medium,Yes,No,Low,College,Medium,Positive,Single,Public,High,69
5314,79,16,66,2,2,1.56,4,6,6,7,20,3.9,High,Moderate,Yes,Medium,Male,Medium,Yes,No,High,College,Medium,Neutral,Single,Public,Medium,67
5315,64,18,76,1,4,0.38,5,4,4,8,23,3.8,High,Moderate,Yes,Low,Male,High,Yes,No,Low,High School,Medium,Positive,In Relationship,Public,Medium,64
5316,82,11,81,2,2,2.64,8,8,8,5,20,6.6,High,Moderate,No,Low,Female,Medium,Yes,No,High,High School,High,Positive,Single,Public,High,67
5317,70,19,92,1,4,0.5,10,5,5,7,20,5,High,Near,Yes,Low,Male,High,Yes,No,Medium,High School,Medium,Positive,Single,Public,High,67
5318,99,19,52,1,4,0.34,7,4,4,8,21,3.4,Medium,Near,No,Medium,Male,High,Yes,No,Medium,High School,High,Neutral,In Relationship,Public,Medium,70
5319,92,23,58,2,1,1.92,9,7,7,5,19,4.8,High,Near,No,Low,Female,Low,Yes,No,Medium,Postgraduate,High,Neutral,Single,Private,Medium,71
5320,77,21,96,2,5,2.5600000000000005,5,8,8,5,19,6.4,Low,Near,Yes,Low,Female,High,Yes,No,High,High School,Medium,Neutral,Single,Private,High,68
5321,66,13,98,1,2,1.4400000000000002,6,6,6,7,19,3.6,High,Near,No,High,Male,Medium,Yes,No,Low,High School,High,Positive,Single,Public,High,65
5322,91,27,53,1,3,2.04,4,7,7,6,21,5.1,Medium,Near,No,Low,Female,Medium,Yes,No,Medium,Postgraduate,Medium,Positive,Single,Private,Medium,70
5323,65,21,67,1,4,2.7600000000000002,8,9,9,4,20,6.9,High,Near,Yes,Low,Female,High,No,No,Low,High School,Medium,Positive,Single,Public,Medium,64
5324,68,21,50,3,4,0.75,6,8,8,5,21,7.5,High,Near,Yes,Medium,Male,High,Yes,No,High,High School,High,Neutral,In Relationship,Private,Low,67
5325,68,20,88,5,3,2.52,8,8,8,5,21,6.3,Low,Moderate,No,Low,Male,Medium,Yes,No,Medium,High School,Low,Neutral,Single,Private,Low,63
5326,82,17,84,2,3,1.2000000000000002,6,4,4,7,18,3,Low,Moderate,Yes,Low,Female,Medium,Yes,No,High,High School,Medium,Negative,Single,Public,Low,65
5327,91,21,78,2,2,0.37000000000000005,10,6,6,7,21,3.7,Medium,Near,Yes,Low,Male,Medium,Yes,No,High,High School,Medium,Negative,Single,Public,High,70
5328,73,23,85,1,3,2.8800000000000003,10,9,9,4,19,7.2,High,Near,No,Low,Male,Medium,Yes,No,Medium,College,Medium,Neutral,Complicated,Public,Medium,67
5329,63,10,77,3,3,0.35000000000000003,4,4,4,8,22,3.5,High,Near,No,Low,Male,Medium,No,No,Low,High School,Medium,Neutral,In Relationship,Private,Medium,60
5330,79,17,62,1,3,0.5599999999999999,8,7,7,6,19,5.6,High,Near,No,Low,Female,Medium,Yes,No,Low,High School,Low,Neutral,In Relationship,Public,Medium,64
5331,90,18,88,1,1,1.52,6,5,5,8,21,3.8,Medium,Moderate,No,Medium,Female,Low,Yes,No,Low,High School,Low,Negative,In Relationship,Private,Medium,65
5332,69,22,89,0,5,0.68,8,8,8,5,22,6.8,Medium,Moderate,No,Low,Female,High,No,No,Low,High School,Medium,Positive,In Relationship,Public,High,64
5333,69,27,93,1,4,0.71,5,9,9,4,21,7.1,Low,Moderate,Yes,Medium,Male,High,Yes,No,Medium,College,Medium,Positive,Single,Public,Medium,67
5334,98,15,98,0,3,3.24,9,9,9,5,19,8.1,Medium,Near,Yes,Medium,Female,Medium,Yes,No,High,High School,Medium,Positive,In Relationship,Private,Medium,71
5335,98,17,87,0,3,1.92,9,8,8,6,21,4.8,Medium,Moderate,No,High,Female,Medium,Yes,No,Low,High School,Medium,Positive,In Relationship,Private,Medium,69
5336,100,17,53,1,4,1.56,5,7,7,5,22,3.9,High,Near,Yes,Medium,Male,High,Yes,No,Low,High School,Medium,Positive,In Relationship,Public,High,70
5337,92,15,51,1,3,2.8800000000000003,7,9,9,4,19,7.2,Medium,Near,Yes,High,Female,Medium,Yes,No,Medium,College,Medium,Positive,Complicated,Public,High,69
5338,68,18,87,3,4,2.32,7,7,7,6,19,5.8,High,Near,Yes,Medium,Male,High,Yes,No,High,High School,High,Positive,Single,Public,Medium,69
5339,68,25,53,2,3,2,8,7,7,6,22,5,Medium,Moderate,Yes,Medium,Female,Medium,Yes,No,Low,College,Low,Neutral,Single,Public,Medium,64
5340,74,14,66,0,3,3.2,7,9,9,5,20,8,Medium,Near,Yes,Medium,Male,Medium,Yes,No,Medium,Postgraduate,Low,Negative,In Relationship,Private,High,63
5341,73,23,57,3,2,1.92,8,7,7,6,19,4.8,Medium,Near,No,Medium,Male,Medium,Yes,No,Medium,College,High,Positive,In Relationship,Public,Medium,67
5342,98,10,98,0,3,2.72,7,9,9,4,19,6.8,Medium,Moderate,No,Medium,Female,Medium,No,No,Low,College,Medium,Neutral,Single,Public,Medium,66
5343,92,17,66,2,3,1.7600000000000002,8,7,7,6,19,4.4,High,Near,Yes,Low,Female,Medium,Yes,No,Medium,High School,Medium,Positive,Single,Public,Medium,69
5344,89,18,53,5,4,1.9600000000000002,5,7,7,6,19,4.9,Medium,Near,No,Low,Male,High,Yes,No,Medium,College,Medium,Neutral,Single,Private,High,69
5345,67,30,97,2,3,0.6200000000000001,7,7,7,6,22,6.2,Medium,Near,No,High,Male,Medium,Yes,Yes,High,High School,Medium,Neutral,Single,Public,Medium,69
5346,96,18,80,1,3,0.27,9,4,4,8,22,2.7,High,Near,Yes,Low,Male,Medium,Yes,No,High,College,Medium,Positive,In Relationship,Public,Medium,72
5347,93,7,52,1,3,1.8399999999999999,9,7,7,6,22,4.6,High,Moderate,Yes,Medium,Female,Medium,Yes,No,High,High School,High,Negative,Single,Private,Low,65
5348,67,8,92,0,2,1.8800000000000001,7,6,6,7,22,4.7,Medium,Near,Yes,High,Male,Medium,Yes,No,Medium,College,Medium,Positive,In Relationship,Private,High,63
5349,95,20,58,1,4,0.71,7,8,8,5,21,7.1,Medium,Near,No,Low,Male,High,Yes,No,Low,College,Medium,Neutral,In Relationship,Public,High,69
5350,71,24,90,3,3,0.45,9,6,6,6,20,4.5,Medium,Near,Yes,Medium,Male,Medium,Yes,No,Low,College,High,Neutral,In Relationship,Private,High,69
5351,63,22,80,2,2,0.44000000000000006,7,6,6,7,21,4.4,Low,Moderate,Yes,High,Female,Medium,Yes,No,Medium,College,Medium,Negative,In Relationship,Private,High,64
5352,86,21,59,2,3,2.4000000000000004,9,8,8,6,19,6,Low,Near,Yes,Medium,Male,Medium,Yes,No,High,College,Medium,Positive,Single,Private,High,69
5353,86,27,88,1,3,1.7600000000000002,7,8,8,5,21,4.4,High,Moderate,No,Medium,Male,Medium,Yes,No,Medium,Postgraduate,Medium,Neutral,In Relationship,Private,Medium,72
5354,64,17,73,1,4,2.08,7,7,7,6,20,5.2,Low,Near,No,Low,Male,High,Yes,No,High,College,Medium,Neutral,Single,Public,Medium,62
5355,73,25,82,1,3,1.6800000000000002,5,6,6,7,19,4.2,Medium,Near,Yes,Medium,Male,Medium,No,Yes,Low,High School,High,Positive,Single,Private,Medium,66
5356,100,10,93,2,1,0.37000000000000005,5,5,5,7,22,3.7,Medium,Far,No,Medium,Female,Low,Yes,No,Low,High School,Low,Neutral,In Relationship,Public,Low,65
5357,87,15,63,0,3,0.45999999999999996,8,7,7,6,21,4.6,High,Near,Yes,High,Female,Medium,Yes,No,Medium,College,High,Neutral,Single,Public,Medium,69
5358,89,9,68,1,3,0.51,10,5,5,7,22,5.1,Low,Near,No,High,Female,Medium,Yes,No,High,High School,Medium,Negative,In Relationship,Public,High,65
5359,69,18,100,3,2,0.52,7,7,7,6,21,5.2,Medium,Near,Yes,Medium,Male,Medium,Yes,No,Medium,High School,High,Negative,In Relationship,Public,High,67
5360,63,20,75,2,2,0.38,7,3,3,8,19,3.8,Medium,Near,Yes,Medium,Female,Medium,Yes,No,Low,High School,Low,Neutral,Single,Public,High,63
5361,71,21,78,2,4,1.8399999999999999,9,6,6,7,21,4.6,Medium,Near,No,Medium,Male,High,Yes,No,Low,High School,High,Neutral,Single,Public,Medium,66
5362,70,20,64,0,3,0.49000000000000005,8,5,5,7,19,4.9,Medium,Far,No,Low,Male,Medium,Yes,No,Low,High School,Low,Positive,Single,Private,Low,61
5363,69,14,71,1,4,0.49000000000000005,4,6,6,6,20,4.9,Medium,Near,Yes,Medium,Female,High,Yes,No,Medium,High School,High,Positive,Single,Public,Medium,64
5364,68,19,75,1,4,0.35000000000000003,8,3,3,8,19,3.5,Low,Near,Yes,Medium,Male,High,Yes,No,Low,Postgraduate,Medium,Neutral,Single,Private,Medium,64
5365,83,11,63,2,3,0.38,5,6,6,7,20,3.8,Medium,Near,Yes,Low,Male,Medium,Yes,No,Medium,College,Medium,Neutral,Complicated,Public,Medium,65
5366,73,28,62,3,3,0.45,7,5,5,7,20,4.5,Low,Moderate,No,High,Female,Medium,Yes,No,Medium,Postgraduate,Medium,Neutral,Single,Public,Medium,68
5367,93,18,80,1,3,2.2800000000000002,6,8,8,6,20,5.7,High,Near,Yes,Medium,Male,Medium,Yes,No,Medium,High School,Low,Negative,Single,Private,Medium,69
5368,67,17,59,0,3,0.27999999999999997,6,4,4,8,22,2.8,Medium,Near,No,Medium,Female,Medium,Yes,No,Medium,High School,Medium,Negative,Single,Public,Medium,61
5369,79,30,78,3,2,1.92,7,7,7,6,19,4.8,High,Moderate,No,High,Female,Medium,No,No,Medium,Postgraduate,Medium,Positive,In Relationship,Private,High,72
5370,61,13,85,4,3,0.4,8,4,4,8,22,4,Low,Moderate,Yes,Low,Male,Medium,Yes,No,Medium,College,Medium,Neutral,In Relationship,Private,Medium,61
5371,79,13,60,1,4,2.3600000000000003,7,8,8,5,19,5.9,High,Moderate,No,Low,Male,High,Yes,No,Medium,College,High,Neutral,Complicated,Private,High,66
5372,62,13,87,1,1,0.31000000000000005,9,3,3,8,19,3.1,Medium,Moderate,Yes,Low,Male,Low,Yes,No,Medium,College,Low,Negative,Single,Public,Medium,60
5373,99,20,68,1,3,2.72,9,9,9,4,19,6.8,Low,Far,No,Low,Male,Medium,Yes,No,Low,Postgraduate,Medium,Positive,Single,Public,High,69
5374,92,23,100,1,2,1.56,9,4,4,8,22,3.9,High,Near,No,High,Male,Medium,Yes,Yes,Medium,College,Medium,Neutral,Single,Public,High,72
5375,80,24,99,2,2,0.6000000000000001,7,7,7,6,22,6,High,Moderate,Yes,Medium,Female,Medium,Yes,No,Low,High School,Medium,Negative,Single,Public,Medium,69
5376,63,35,90,0,3,0.8800000000000001,6,4,4,8,20,2.2,High,Near,Yes,Medium,Male,Medium,Yes,No,Low,College,High,Positive,Single,Public,Medium,71
5377,84,7,67,1,3,0.32000000000000006,7,5,5,7,22,3.2,High,Near,No,Medium,Male,Medium,Yes,No,Medium,College,Medium,Neutral,In Relationship,Private,Medium,64
5378,90,24,97,3,4,0.6400000000000001,9,8,8,5,23,6.4,Low,Near,Yes,Low,Male,High,Yes,No,High,High School,Low,Positive,Single,Public,Medium,71
5379,68,17,100,1,3,1.4800000000000002,9,7,7,6,21,3.7,Medium,Moderate,Yes,Medium,Male,Medium,Yes,No,High,High School,Low,Negative,Single,Public,High,64
5380,83,16,73,3,3,0.75,4,8,8,5,21,7.5,Medium,Near,Yes,Low,Female,Medium,Yes,No,High,College,Medium,Negative,In Relationship,Public,Low,67
5381,93,16,81,2,3,1.9600000000000002,7,8,8,5,21,4.9,Low,Moderate,Yes,Low,Male,Medium,Yes,Yes,Medium,Postgraduate,Medium,Negative,In Relationship,Private,Medium,67
5382,91,15,50,1,3,1.8800000000000001,4,5,5,7,19,4.7,High,Moderate,Yes,Medium,Female,Medium,Yes,No,High,High School,Low,Neutral,In Relationship,Public,Medium,66
5383,92,30,52,3,4,1.36,7,4,4,8,20,3.4,Medium,Near,Yes,High,Male,High,Yes,No,Medium,College,Low,Positive,Single,Private,Medium,73
5384,95,25,75,1,4,0.6400000000000001,6,8,8,5,23,6.4,High,Moderate,Yes,Medium,Male,High,Yes,No,Medium,High School,Medium,Positive,Single,Private,Medium,73
5385,98,20,80,0,2,0.32000000000000006,6,5,5,7,22,3.2,Medium,Moderate,No,Medium,Male,Medium,Yes,No,Medium,College,Medium,Positive,In Relationship,Public,Medium,70
5386,76,28,66,5,4,0.5900000000000001,8,8,8,5,21,5.9,Medium,Moderate,Yes,High,Male,High,Yes,No,Medium,College,Low,Positive,In Relationship,Public,Low,70
5387,83,11,55,0,4,1.4400000000000002,6,4,4,8,20,3.6,Low,Near,Yes,Low,Female,High,Yes,Yes,Low,Postgraduate,Medium,Positive,Single,Public,Medium,62
5388,92,12,89,1,2,1.92,7,5,5,8,19,4.8,Low,Moderate,Yes,Medium,Male,Medium,Yes,No,Medium,Postgraduate,High,Neutral,Single,Private,High,68
5389,88,7,71,0,3,2.2,6,8,8,5,20,5.5,High,Moderate,Yes,Low,Female,Medium,Yes,No,Medium,High School,High,Positive,Single,Public,Medium,65
5390,100,16,82,2,2,1.8399999999999999,7,7,7,6,20,4.6,High,Near,Yes,High,Male,Medium,Yes,No,Medium,High School,High,Positive,Single,Public,Medium,73
5391,61,21,83,1,3,1.2800000000000002,8,5,5,7,20,3.2,Medium,Near,Yes,Low,Female,Medium,No,No,High,College,High,Neutral,In Relationship,Private,Medium,65
5392,74,21,77,0,3,1.4400000000000002,6,4,4,8,20,3.6,High,Near,Yes,Medium,Male,Medium,No,No,High,College,Medium,Neutral,Single,Public,Medium,66
5393,71,21,59,3,3,1.9600000000000002,8,5,5,7,23,4.9,Medium,Moderate,Yes,Low,Male,Medium,Yes,No,Medium,College,Low,Neutral,In Relationship,Public,Medium,64
5394,70,12,81,0,3,1.2400000000000002,7,4,4,8,19,3.1,High,Near,No,Low,Male,Medium,Yes,No,High,High School,Medium,Positive,Single,Public,Medium,63
5395,69,25,66,0,3,1.8399999999999999,7,8,8,6,21,4.6,Medium,Near,No,Low,Male,Medium,No,Yes,Medium,College,Medium,Neutral,In Relationship,Public,Low,62
5396,88,21,91,0,4,2.68,6,9,9,4,21,6.7,Medium,Moderate,Yes,Low,Female,High,Yes,No,Low,Postgraduate,High,Neutral,Single,Private,Medium,70
5397,63,24,60,3,3,1.52,8,4,4,8,20,3.8,Medium,Near,No,High,Male,Medium,Yes,No,Medium,High School,Medium,Neutral,Single,Public,Medium,65
5398,90,9,65,0,5,0.68,8,7,7,6,22,6.8,Medium,Far,Yes,Medium,Male,High,Yes,No,Medium,High School,Medium,Neutral,Single,Private,Medium,64
5399,88,22,72,4,2,2.72,7,8,8,5,24,6.8,Medium,Near,No,High,Male,Medium,Yes,No,Low,Postgraduate,Medium,Negative,Single,Public,Medium,70
5400,70,13,87,1,5,2.12,7,7,7,5,21,5.3,Medium,Near,No,Low,Male,High,Yes,No,Medium,High School,Medium,Neutral,Single,Public,Low,62
5401,70,18,86,5,2,0.5900000000000001,8,7,7,6,20,5.9,Medium,Near,No,High,Female,Medium,Yes,No,Medium,High School,Medium,Positive,Single,Public,Medium,67
5402,85,23,67,1,3,2.2800000000000002,8,8,8,5,19,5.7,Low,Far,No,Medium,Female,Medium,Yes,No,Low,Postgraduate,Medium,Neutral,Single,Private,Medium,66
5403,90,21,76,2,3,2.04,7,7,7,6,20,5.1,High,Moderate,Yes,High,Female,Medium,Yes,No,High,College,High,Positive,Single,Public,High,74
5404,95,15,62,2,3,0.37000000000000005,9,3,3,8,19,3.7,High,Far,Yes,Medium,Male,Medium,Yes,No,Medium,High School,Medium,Positive,Single,Public,Medium,69
5405,94,20,89,0,4,1.8399999999999999,8,6,6,7,21,4.6,High,Moderate,Yes,Medium,Female,High,Yes,Yes,Low,High School,Medium,Positive,Single,Public,Medium,70
5406,99,11,60,1,1,1.32,10,6,6,7,20,3.3,Medium,Near,No,High,Female,Low,Yes,No,Medium,College,Medium,Positive,Single,Public,Medium,68
5407,83,27,91,3,2,2.3600000000000003,5,8,8,6,20,5.9,Low,Near,No,Low,Male,Medium,Yes,No,Medium,Postgraduate,Medium,Neutral,Single,Public,Medium,70
5408,96,19,97,3,2,0.65,8,8,8,5,24,6.5,Medium,Near,Yes,Medium,Male,Medium,Yes,No,Medium,High School,Medium,Negative,Single,Public,Medium,71
5409,92,27,100,2,0,2.12,9,7,7,6,21,5.3,Low,Moderate,Yes,Medium,Female,Low,Yes,No,High,Postgraduate,Medium,Positive,Single,Public,High,73
5410,96,17,93,3,2,0.6200000000000001,9,8,8,5,22,6.2,Medium,Far,No,Medium,Male,Medium,Yes,No,Low,High School,Medium,Neutral,In Relationship,Private,Medium,69
5411,60,17,61,1,4,1.4000000000000001,7,7,7,6,20,3.5,Low,Near,Yes,Low,Female,High,Yes,No,Medium,Postgraduate,Low,Positive,Single,Public,Medium,61
5412,99,15,71,0,2,1.64,5,7,7,6,20,4.1,Medium,Moderate,Yes,Medium,Male,Medium,Yes,No,Medium,College,Medium,Neutral,Single,Public,Medium,68
5413,79,25,54,1,2,1.8399999999999999,9,5,5,7,20,4.6,Low,Far,Yes,Low,Male,Medium,Yes,No,Medium,Postgraduate,Medium,Positive,Single,Private,Medium,66
5414,92,16,58,0,4,0.33,6,4,4,8,22,3.3,Low,Near,Yes,High,Female,High,Yes,No,Low,High School,High,Positive,In Relationship,Private,Medium,67
5415,65,24,52,1,1,2.04,7,8,8,5,21,5.1,High,Moderate,Yes,High,Female,Low,Yes,No,Medium,Postgraduate,Low,Neutral,In Relationship,Public,Medium,64
5416,76,18,82,1,4,0.45999999999999996,10,7,7,6,21,4.6,High,Near,Yes,Medium,Male,High,Yes,No,High,College,Low,Negative,Single,Private,Medium,67
5417,71,8,77,0,4,0.6200000000000001,5,8,8,5,22,6.2,Medium,Moderate,Yes,High,Female,High,No,No,Medium,High School,High,Neutral,Single,Public,Medium,61
5418,72,17,96,2,3,1.92,8,6,6,7,19,4.8,Medium,Near,No,Low,Male,Medium,Yes,No,High,High School,Low,Neutral,Single,Public,High,65
5419,65,13,73,0,3,2.8800000000000003,6,9,9,4,19,7.2,High,Near,Yes,Low,Female,Medium,Yes,No,Medium,Postgraduate,Low,Positive,Single,Private,Medium,62
5420,92,20,82,0,5,0.73,6,8,8,5,21,7.3,High,Near,No,Medium,Female,High,Yes,No,Medium,High School,Low,Neutral,In Relationship,Public,Medium,69
5421,60,13,70,1,3,0.45999999999999996,7,6,6,6,20,4.6,High,Far,No,Medium,Female,Medium,Yes,No,Medium,College,High,Negative,Single,Public,Medium,61
5422,73,26,91,4,5,2.8000000000000003,8,9,9,4,19,7,Medium,Moderate,No,Low,Male,High,Yes,No,Medium,High School,High,Neutral,Single,Public,Low,69
5423,67,19,96,1,3,0.32000000000000006,8,5,5,7,21,3.2,Low,Near,No,High,Male,Medium,No,No,High,College,Medium,Positive,In Relationship,Public,Low,64
5424,84,19,72,1,3,0.43,9,5,5,7,20,4.3,Low,Far,No,Low,Female,Medium,Yes,No,High,High School,Medium,Positive,In Relationship,Public,Medium,65
5425,70,24,54,1,1,0.5599999999999999,6,7,7,6,21,5.6,High,Moderate,No,High,Female,Low,Yes,No,Low,High School,Medium,Neutral,In Relationship,Public,Medium,64
5426,70,26,58,1,3,1.6800000000000002,5,5,5,7,21,4.2,High,Moderate,Yes,Low,Male,Medium,Yes,No,Medium,Postgraduate,High,Positive,In Relationship,Private,Low,68
5427,80,20,86,1,3,2.2,6,8,8,6,20,5.5,Medium,Near,Yes,Low,Female,Medium,Yes,No,High,High School,Low,Positive,In Relationship,Private,Medium,67
5428,86,15,66,0,5,0.47000000000000003,8,8,8,5,22,4.7,Medium,Near,Yes,Medium,Male,High,Yes,No,Low,College,High,Positive,Single,Private,High,68
5429,65,9,89,2,4,2.2399999999999998,7,7,7,6,20,5.6,Medium,Moderate,Yes,Low,Male,High,Yes,No,Medium,High School,Low,Positive,Single,Public,Medium,61
5430,67,16,87,5,4,0.2,4,3,3,8,24,2,High,Near,Yes,High,Male,High,Yes,No,High,College,Medium,Positive,Single,Public,High,69
5431,70,16,85,0,3,1.6800000000000002,4,7,7,6,20,4.2,High,Near,Yes,Medium,Male,Medium,Yes,No,High,High School,Low,Neutral,Complicated,Private,Medium,64
5432,99,21,91,3,4,2.68,7,9,9,4,19,6.7,Medium,Near,Yes,Medium,Male,High,No,No,Medium,College,High,Positive,Single,Public,Medium,74
5433,76,18,88,1,4,1,8,4,4,8,19,2.5,Medium,Near,No,Medium,Female,High,Yes,No,Low,College,Medium,Neutral,Single,Public,Medium,66
5434,84,24,82,1,2,2,6,7,7,6,22,5,Medium,Near,No,Medium,Male,Medium,Yes,No,Medium,High School,Medium,Negative,Single,Public,Medium,68
5435,70,16,50,3,3,1.8800000000000001,8,6,6,7,22,4.7,High,Far,Yes,High,Male,Medium,Yes,No,High,Postgraduate,Medium,Neutral,Single,Private,Medium,65
5436,80,20,76,0,3,2.32,5,9,9,5,18,5.8,High,Near,Yes,Low,Female,Medium,No,No,Medium,College,Medium,Negative,Single,Private,Medium,66
5437,63,27,80,2,2,1.8800000000000001,7,5,5,7,19,4.7,Low,Near,No,Medium,Female,Medium,No,No,Medium,High School,High,Positive,In Relationship,Public,High,66
5438,61,22,98,3,2,2.2800000000000002,7,8,8,6,20,5.7,Low,Near,No,High,Female,Medium,Yes,No,High,College,Medium,Neutral,Single,Private,Low,65
5439,79,20,83,3,4,0.45999999999999996,8,7,7,6,21,4.6,Medium,Moderate,No,Low,Male,High,Yes,No,Medium,College,Medium,Neutral,Single,Private,Medium,67
5440,76,16,79,0,4,0.48,5,5,5,7,24,4.8,Medium,Moderate,Yes,Low,Female,High,Yes,No,Medium,Postgraduate,Low,Positive,In Relationship,Public,High,65
5441,65,16,77,1,3,2.5600000000000005,5,8,8,5,19,6.4,Medium,Moderate,No,High,Male,Medium,Yes,No,Medium,High School,Medium,Positive,Single,Public,High,63
5442,88,15,55,1,2,1.8399999999999999,8,7,7,6,22,4.6,Medium,Near,No,High,Male,Medium,Yes,No,Medium,High School,High,Neutral,Single,Private,High,67
5443,100,17,71,2,4,0.54,5,8,8,5,18,5.4,High,Near,Yes,Low,Male,High,Yes,No,Low,High School,Medium,Neutral,Single,Public,Medium,70
5444,76,25,57,0,3,0.5,6,6,6,7,22,5,High,Moderate,Yes,Medium,Male,Medium,No,No,Low,Postgraduate,High,Positive,In Relationship,Public,Medium,68
5445,85,19,53,1,3,2.32,9,7,7,6,22,5.8,Medium,Far,Yes,Medium,Male,Medium,Yes,No,High,College,Medium,Neutral,In Relationship,Public,Medium,66
5446,99,12,66,3,1,1.8399999999999999,7,7,7,6,19,4.6,Medium,Moderate,Yes,Medium,Female,Low,Yes,No,Low,Postgraduate,Medium,Negative,Single,Private,Low,67
5447,93,31,82,2,1,2.72,8,9,9,4,19,6.8,Low,Near,No,High,Male,Low,Yes,No,Low,High School,Medium,Neutral,In Relationship,Private,High,72
5448,79,22,93,0,2,0.45999999999999996,8,5,5,7,20,4.6,High,Near,Yes,Medium,Female,Medium,Yes,Yes,Medium,High School,High,Negative,Single,Private,Medium,68
5449,89,12,91,1,2,0.48,8,5,5,7,22,4.8,High,Near,No,Low,Male,Medium,No,No,Medium,High School,Medium,Neutral,Single,Public,High,66
5450,65,17,65,0,4,1.64,7,7,7,6,20,4.1,Medium,Moderate,No,High,Male,High,Yes,No,Medium,High School,Medium,Neutral,Single,Private,Medium,62
5451,80,21,52,1,4,1.7600000000000002,6,7,7,6,22,4.4,Low,Near,Yes,Low,Male,High,Yes,No,Medium,High School,High,Negative,Single,Public,Medium,65
5452,71,30,70,3,4,1.52,10,7,7,6,19,3.8,Low,Near,No,Medium,Female,High,Yes,Yes,Low,High School,High,Neutral,Single,Public,Medium,67
5453,66,13,66,3,2,0.5599999999999999,7,7,7,6,19,5.6,Medium,Near,Yes,Medium,Female,Medium,Yes,No,Low,College,Medium,Negative,In Relationship,Public,Medium,62
5454,77,26,69,1,3,2.12,7,8,8,5,18,5.3,Low,Near,Yes,High,Female,Medium,Yes,Yes,Low,High School,Medium,Neutral,Single,Public,Medium,66
5455,65,28,78,1,3,0.61,8,9,9,4,18,6.1,Medium,Near,No,High,Female,Medium,No,No,High,College,Medium,Positive,Single,Private,Medium,67
5456,88,16,52,2,3,0.51,6,5,5,7,19,5.1,Medium,Near,Yes,High,Female,Medium,Yes,No,Medium,High School,Medium,Positive,Single,Public,High,68
5457,78,18,69,1,4,1.52,6,5,5,7,21,3.8,Medium,Moderate,Yes,Medium,Female,High,Yes,No,Medium,Postgraduate,Medium,Negative,Single,Public,Medium,66
5458,81,14,78,0,4,0.4,9,5,5,7,20,4,High,Near,No,Medium,Female,High,Yes,No,Medium,College,High,Positive,In Relationship,Private,Medium,68
5459,66,19,72,2,5,2.68,6,9,9,4,19,6.7,Medium,Near,No,Low,Male,High,Yes,No,Medium,High School,Low,Negative,Single,Public,Medium,62
5460,66,20,83,1,2,0.45,8,5,5,7,23,4.5,High,Near,No,Low,Male,Medium,Yes,Yes,Medium,College,Medium,Neutral,In Relationship,Public,Medium,64
5461,83,24,59,1,3,0.31000000000000005,8,3,3,8,19,3.1,Low,Near,No,Low,Male,Medium,Yes,No,Medium,High School,High,Positive,Single,Public,Medium,68
5462,99,27,58,2,2,1.8800000000000001,7,7,7,5,22,4.7,Low,Moderate,Yes,Medium,Male,Medium,Yes,No,Low,Postgraduate,Low,Positive,In Relationship,Private,Medium,71
5463,64,16,65,2,4,0.42000000000000004,7,4,4,7,22,4.2,Medium,Near,No,Medium,Male,High,Yes,No,Medium,High School,Medium,Neutral,In Relationship,Public,High,63
5464,71,8,55,1,2,1.52,8,5,5,8,21,3.8,Medium,Moderate,No,Low,Male,Medium,Yes,No,High,College,High,Positive,In Relationship,Public,High,62
5465,95,20,62,1,3,2.3600000000000003,7,8,8,5,19,5.9,Low,Near,Yes,Low,Male,Medium,Yes,No,Low,College,High,Positive,Complicated,Private,Low,69
5466,63,22,54,0,3,2.2,4,8,8,5,18,5.5,Medium,Moderate,Yes,Medium,Male,Medium,Yes,No,Medium,High School,Medium,Positive,Single,Private,Medium,62
5467,95,21,70,3,3,1.4800000000000002,9,7,7,6,20,3.7,Medium,Near,Yes,High,Female,Medium,Yes,No,Medium,High School,Low,Positive,Single,Public,Medium,71
5468,81,18,86,3,4,0.26,6,4,4,8,23,2.6,High,Near,Yes,Low,Male,High,Yes,No,Medium,College,Low,Positive,Single,Public,Medium,69
5469,76,21,64,1,2,0.43,7,4,4,8,20,4.3,Medium,Moderate,Yes,Medium,Male,Medium,Yes,No,Low,High School,Medium,Positive,Single,Private,High,66
5470,72,29,50,0,4,3.12,5,9,9,5,20,7.8,Medium,Near,No,Low,Female,High,Yes,No,Low,High School,Low,Neutral,In Relationship,Public,Medium,64
5471,72,22,78,1,3,2.6,6,9,9,5,19,6.5,High,Near,No,Low,Male,Medium,No,No,Low,Postgraduate,Low,Neutral,Single,Public,High,65
5472,72,18,85,1,1,0.44000000000000006,6,6,6,7,21,4.4,High,Moderate,No,High,Male,Low,Yes,No,High,High School,High,Positive,In Relationship,Private,High,68
5473,95,17,70,1,3,2.3600000000000003,7,7,7,6,24,5.9,Medium,Near,No,Low,Male,Medium,Yes,No,High,High School,High,Neutral,Single,Public,Medium,69
5474,89,19,65,2,3,2.8800000000000003,6,9,9,5,20,7.2,Medium,Near,Yes,Low,Male,Medium,Yes,Yes,Low,Postgraduate,High,Neutral,In Relationship,Public,Medium,68
5475,87,30,75,3,4,1.7600000000000002,10,6,6,7,21,4.4,Medium,Near,Yes,Low,Male,High,Yes,No,Low,College,Low,Neutral,Single,Public,Low,71
5476,92,19,55,1,5,0.49000000000000005,7,5,5,7,24,4.9,Medium,Far,No,Medium,Male,High,Yes,No,Medium,High School,Low,Neutral,In Relationship,Public,Medium,66
5477,70,20,82,2,3,1.92,8,5,5,8,19,4.8,Low,Moderate,No,Low,Male,Medium,Yes,No,Medium,High School,High,Positive,Single,Private,High,65
5478,85,17,87,1,1,1.8399999999999999,7,5,5,7,20,4.6,Medium,Near,Yes,Low,Female,Low,Yes,No,Medium,High School,High,Neutral,Single,Private,Medium,68
5479,78,27,85,0,3,1.52,8,4,4,8,20,3.8,High,Near,No,High,Male,Medium,Yes,No,Medium,College,High,Positive,Single,Public,Medium,72
5480,91,32,66,3,2,1.6,4,7,7,6,19,4,Medium,Near,Yes,Low,Female,Medium,Yes,No,Medium,Postgraduate,High,Neutral,Single,Public,High,75
5481,72,23,92,2,3,2,6,7,7,6,20,5,Low,Near,Yes,High,Male,Medium,Yes,No,Low,College,High,Negative,In Relationship,Public,Medium,67
5482,86,20,97,1,2,1.6,6,5,5,7,18,4,Medium,Moderate,No,Low,Male,Medium,Yes,No,Low,High School,Medium,Neutral,Single,Private,Medium,67
5483,95,20,65,2,3,0.35000000000000003,6,4,4,8,22,3.5,Medium,Near,No,Low,Female,Medium,Yes,No,High,College,Medium,Neutral,In Relationship,Public,Medium,70
5484,76,6,63,5,3,0.6200000000000001,8,7,7,6,22,6.2,Medium,Near,Yes,Medium,Male,Medium,Yes,No,Medium,College,Medium,Neutral,Single,Public,Medium,64
5485,63,24,85,1,3,2.52,8,9,9,5,19,6.3,Medium,Far,Yes,Low,Female,Medium,Yes,No,High,High School,Medium,Positive,Complicated,Private,Medium,65
5486,81,21,85,1,3,2.64,7,8,8,5,19,6.6,Medium,Moderate,Yes,Low,Male,Medium,Yes,No,Medium,Postgraduate,Medium,Negative,In Relationship,Public,High,68
5487,74,23,76,1,2,1.72,7,5,5,7,21,4.3,High,Moderate,No,Medium,Female,Medium,Yes,No,Medium,College,High,Neutral,In Relationship,Public,Low,67
5488,87,16,96,1,1,1.64,10,5,5,7,21,4.1,Medium,Moderate,Yes,Low,Male,Low,No,No,Medium,College,Low,Positive,In Relationship,Public,High,66
5489,98,18,57,0,1,1.8399999999999999,7,5,5,7,20,4.6,Medium,Moderate,No,High,Male,Low,Yes,No,Low,Postgraduate,High,Neutral,In Relationship,Private,Medium,69
5490,79,18,74,2,1,2.04,4,7,7,6,21,5.1,High,Near,No,Low,Female,Low,Yes,No,Low,High School,Low,Negative,Single,Public,Medium,64
5491,79,26,52,1,3,0.39,8,5,5,7,22,3.9,High,Near,Yes,Medium,Female,Medium,Yes,Yes,High,Postgraduate,Medium,Negative,In Relationship,Public,Medium,68
5492,86,18,53,5,3,1.7600000000000002,8,5,5,7,20,4.4,Medium,Near,No,Low,Male,Medium,Yes,No,Low,High School,High,Negative,In Relationship,Private,High,68
5493,64,32,53,1,3,0.6200000000000001,9,8,8,5,21,6.2,High,Near,Yes,Low,Female,Medium,No,No,Low,College,Low,Positive,Single,Private,Medium,65
5494,70,23,75,0,2,0.5599999999999999,8,7,7,6,19,5.6,Medium,Moderate,Yes,High,Male,Medium,Yes,No,Medium,High School,Medium,Positive,In Relationship,Public,Medium,65
5495,97,12,79,1,2,0.5900000000000001,6,7,7,6,24,5.9,Medium,Near,Yes,Medium,Male,Medium,No,No,Medium,High School,Low,Negative,Single,Public,Medium,65
5496,87,19,50,0,2,1.9600000000000002,8,8,8,5,19,4.9,Medium,Near,No,High,Female,Medium,Yes,No,Low,High School,High,Neutral,Single,Public,High,67
5497,61,16,82,2,3,2.08,7,6,6,6,23,5.2,Medium,Near,Yes,Low,Female,Medium,Yes,No,Medium,High School,High,Negative,In Relationship,Public,Medium,63
5498,68,7,74,1,3,1.8,9,8,8,5,19,4.5,Medium,Near,No,Low,Female,Medium,Yes,No,Medium,High School,High,Positive,Single,Public,High,62
5499,87,30,61,2,4,1.4800000000000002,9,7,7,6,21,3.7,Medium,Moderate,Yes,Medium,Male,High,Yes,No,High,High School,High,Neutral,Single,Private,High,73
5500,91,24,51,2,3,0.71,7,7,7,6,21,7.1,High,Moderate,Yes,Medium,Male,Medium,Yes,No,High,High School,High,Neutral,Single,Public,Medium,72
5501,94,23,58,5,6,1.64,8,8,8,5,19,4.1,Medium,Near,No,Low,Female,High,Yes,No,High,High School,Low,Neutral,Single,Public,Low,71
5502,72,21,80,3,4,0.6400000000000001,9,8,8,5,22,6.4,Medium,Near,No,Low,Male,High,Yes,No,High,High School,Medium,Neutral,In Relationship,Public,Medium,67
5503,97,12,83,0,2,2.2,7,8,8,6,20,5.5,Low,Moderate,Yes,Low,Male,Medium,Yes,No,Medium,College,Medium,Neutral,Single,Public,Medium,66
5504,82,17,82,1,2,1.6,10,7,7,6,19,4,High,Moderate,Yes,Medium,Male,Medium,Yes,No,High,High School,Medium,Positive,Single,Private,Medium,68
5505,88,25,58,0,4,0.47000000000000003,9,5,5,7,19,4.7,High,Near,Yes,Low,Male,High,Yes,No,Low,Postgraduate,High,Negative,Single,Public,Medium,70
5506,84,14,96,2,2,1.2000000000000002,6,4,4,8,20,3,Medium,Far,Yes,Low,Male,Medium,No,No,Medium,Postgraduate,Medium,Neutral,Single,Private,Medium,66
5507,65,5,71,0,2,1.7600000000000002,7,5,5,7,20,4.4,High,Far,No,Low,Male,Medium,Yes,No,Medium,College,Low,Negative,In Relationship,Private,Medium,56
5508,99,19,88,1,3,0.5900000000000001,8,7,7,6,24,5.9,High,Far,Yes,Low,Female,Medium,No,No,High,High School,Medium,Positive,Single,Public,High,71
5509,65,19,58,2,3,2.32,10,8,8,6,19,5.8,High,Moderate,No,Medium,Female,Medium,Yes,No,Medium,Postgraduate,Low,Positive,Single,Private,High,64
5510,70,21,74,2,3,0.35000000000000003,8,4,4,8,22,3.5,Medium,Far,No,Medium,Male,Medium,Yes,No,Low,Postgraduate,Medium,Positive,In Relationship,Public,Medium,65
5511,93,24,76,2,1,2.3600000000000003,7,8,8,6,20,5.9,Medium,Near,Yes,Low,Male,Low,Yes,Yes,High,High School,Medium,Neutral,Single,Public,Medium,70
5512,85,24,89,1,2,1.92,9,8,8,5,21,4.8,Low,Moderate,Yes,Low,Male,Medium,Yes,No,Medium,Postgraduate,High,Positive,In Relationship,Public,Medium,70
5513,94,22,81,2,4,2.2399999999999998,7,7,7,6,21,5.6,High,Far,Yes,Medium,Male,High,Yes,No,Medium,High School,Low,Neutral,In Relationship,Public,High,71
5514,81,27,70,0,5,1.6800000000000002,6,7,7,5,21,4.2,High,Far,Yes,Low,Female,High,Yes,No,Medium,High School,High,Positive,In Relationship,Public,Medium,70
5515,75,11,64,3,3,0.37000000000000005,8,5,5,7,22,3.7,High,Moderate,No,Low,Female,Medium,Yes,Yes,Medium,College,Low,Neutral,In Relationship,Public,Medium,62
5516,97,23,99,1,3,1.8399999999999999,6,8,8,5,20,4.6,Medium,Near,Yes,Low,Female,Medium,Yes,No,Low,High School,Medium,Positive,In Relationship,Private,Medium,72
5517,61,24,64,0,3,1.6800000000000002,10,7,7,6,20,4.2,Medium,Near,No,Low,Female,Medium,Yes,No,Low,High School,Medium,Positive,Complicated,Private,Medium,62
5518,94,13,56,2,4,0.48,7,7,7,6,21,4.8,Medium,Near,Yes,Low,Male,High,Yes,No,High,College,Low,Neutral,In Relationship,Public,High,67
5519,69,11,65,0,2,1.56,8,6,6,7,20,3.9,Medium,Moderate,Yes,Low,Male,Medium,Yes,No,Low,College,Low,Negative,Single,Public,Medium,58
5520,94,16,66,3,4,2.7600000000000002,6,9,9,4,19,6.9,Medium,Near,Yes,Medium,Female,High,Yes,No,Medium,College,Low,Negative,In Relationship,Public,High,69
5521,66,16,56,0,4,1.52,9,6,6,7,21,3.8,Low,Near,No,Low,Female,High,Yes,Yes,Medium,College,Medium,Positive,Single,Private,High,60
5522,83,25,85,2,4,0.26,7,4,4,8,23,2.6,High,Near,Yes,Low,Male,High,Yes,No,High,College,High,Negative,Single,Public,Medium,72
5523,96,16,81,0,3,0.51,7,8,8,5,22,5.1,Medium,Moderate,No,Low,Male,Medium,Yes,No,Medium,High School,Medium,Negative,Single,Public,Low,66
5524,79,15,66,2,3,2,7,7,7,6,19,5,High,Far,Yes,Low,Female,Medium,Yes,No,Medium,College,Medium,Positive,Single,Public,Medium,66
5525,90,16,100,1,4,1.2000000000000002,5,4,4,7,18,3,High,Moderate,Yes,High,Male,High,Yes,No,Low,High School,Medium,Negative,Single,Private,Medium,69
5526,92,27,83,2,4,2.72,7,9,9,5,20,6.8,Medium,Moderate,Yes,Low,Female,High,Yes,Yes,Low,College,Low,Positive,In Relationship,Public,Medium,70
5527,89,20,85,2,1,1.8,8,7,7,6,21,4.5,Medium,Near,Yes,Medium,Female,Low,Yes,No,Medium,Postgraduate,Low,Positive,Single,Public,High,70
5528,97,19,78,0,3,2,5,7,7,5,21,5,High,Moderate,No,Medium,Male,Medium,Yes,No,Low,College,High,Negative,Single,Private,Low,70
5529,78,19,78,2,2,0.5900000000000001,9,7,7,6,24,5.9,High,Near,Yes,Low,Female,Medium,Yes,No,Medium,College,Low,Negative,Single,Public,High,67
5530,67,28,51,2,3,0.38,7,3,3,8,19,3.8,Medium,Near,Yes,Medium,Female,Medium,Yes,No,Medium,High School,High,Neutral,Single,Public,Medium,67
5531,62,16,89,0,3,0.58,7,7,7,6,22,5.8,Low,Far,No,Medium,Female,Medium,Yes,No,High,High School,Low,Neutral,Single,Public,Medium,59
5532,70,28,96,1,2,2.08,4,7,7,6,19,5.2,Medium,Moderate,Yes,Medium,Male,Medium,Yes,No,Low,High School,Medium,Positive,Single,Private,Medium,67
5533,66,21,56,1,4,0.73,7,8,8,5,20,7.3,Medium,Moderate,Yes,Low,Male,High,Yes,No,Medium,Postgraduate,High,Neutral,In Relationship,Private,Medium,65
5534,82,19,90,1,3,2.32,5,8,8,6,19,5.8,Medium,Near,No,High,Male,Medium,Yes,No,Medium,College,Medium,Negative,Single,Public,Medium,68
5535,67,35,77,1,3,0.5599999999999999,6,7,7,6,19,5.6,High,Near,Yes,Low,Male,Medium,Yes,No,Low,College,High,Positive,In Relationship,Public,Medium,71
5536,62,14,64,2,3,1.9600000000000002,5,7,7,6,21,4.9,Medium,Near,No,Low,Male,Medium,Yes,No,Medium,College,Medium,Neutral,Single,Public,Medium,61
5537,61,18,96,0,3,0.5599999999999999,6,7,7,6,19,5.6,Medium,Near,Yes,Medium,Male,Medium,Yes,No,Medium,High School,Medium,Negative,In Relationship,Public,Medium,63
5538,93,13,51,1,3,0.55,7,8,8,5,20,5.5,High,Near,Yes,Low,Female,Medium,Yes,No,Low,High School,Medium,Neutral,Complicated,Private,High,67
5539,84,26,64,1,4,2.3600000000000003,7,7,7,6,20,5.9,Medium,Near,No,Medium,Male,High,No,No,Medium,College,High,Neutral,Single,Public,High,69
5540,74,30,94,0,3,1.8,8,7,7,6,21,4.5,High,Near,No,Medium,Male,Medium,Yes,No,Low,High School,Medium,Positive,Single,Public,Medium,70
5541,96,30,74,0,3,1.36,4,4,4,8,22,3.4,Low,Moderate,Yes,Low,Male,Medium,No,No,High,High School,Medium,Negative,Single,Public,Low,69
5542,63,27,80,1,4,0.5,7,5,5,7,20,5,Medium,Far,Yes,Low,Female,High,Yes,No,Medium,High School,High,Neutral,Single,Public,High,66
5543,99,19,87,1,4,2.04,7,7,7,6,20,5.1,Low,Moderate,Yes,Medium,Female,High,Yes,No,Low,High School,Medium,Positive,Single,Public,Medium,70
5544,85,18,57,2,2,1.2800000000000002,6,6,6,7,19,3.2,Medium,Moderate,Yes,Medium,Male,Medium,Yes,No,Low,Postgraduate,Medium,Neutral,Single,Public,High,67
5545,67,10,61,0,2,0.45999999999999996,6,5,5,7,20,4.6,High,Near,No,Low,Female,Medium,Yes,No,Medium,High School,High,Neutral,Single,Private,High,61
5546,87,32,100,2,2,2.2,9,8,8,6,20,5.5,High,Moderate,Yes,Medium,Male,Medium,Yes,No,Medium,Postgraduate,Medium,Neutral,In Relationship,Private,Low,74
5547,91,23,62,1,3,0.45999999999999996,10,5,5,7,20,4.6,High,Near,Yes,Medium,Male,Medium,Yes,No,Low,College,Medium,Negative,Single,Private,High,70
5548,77,17,77,0,4,1.4800000000000002,4,7,7,6,21,3.7,Medium,Near,Yes,Medium,Female,High,Yes,No,Low,High School,High,Positive,Single,Private,Medium,66
5549,94,28,65,1,1,1.7600000000000002,6,7,7,5,21,4.4,High,Near,Yes,Low,Female,Low,Yes,No,High,High School,Medium,Positive,In Relationship,Public,High,73
5550,66,14,93,1,2,0.65,5,8,8,5,24,6.5,Medium,Near,Yes,Medium,Male,Medium,Yes,No,Medium,High School,Medium,Negative,Single,Private,Medium,62
5551,71,22,98,2,2,0.37000000000000005,7,5,5,7,22,3.7,Low,Moderate,Yes,Low,Female,Medium,Yes,No,Low,High School,Medium,Neutral,In Relationship,Public,High,65
5552,64,19,57,0,3,0.45,9,5,5,7,22,4.5,Medium,Near,No,Medium,Female,Medium,Yes,No,Low,High School,High,Neutral,In Relationship,Private,High,62
5553,68,24,80,1,4,2.3600000000000003,8,8,8,5,19,5.9,Medium,Moderate,Yes,Low,Male,High,No,No,Medium,Postgraduate,Low,Positive,Complicated,Public,Low,64
5554,70,20,91,1,2,2.32,7,7,7,6,21,5.8,Medium,Far,Yes,Low,Male,Medium,Yes,No,Medium,High School,Medium,Negative,Single,Public,Medium,63
5555,97,11,91,1,4,2.72,7,8,8,5,23,6.8,Medium,Near,No,Medium,Male,High,Yes,No,Medium,High School,Medium,Positive,Single,Public,Medium,69
5556,63,20,72,3,5,1.9600000000000002,7,7,7,6,19,4.9,Medium,Near,No,Low,Male,High,Yes,Yes,Low,Postgraduate,Medium,Negative,Single,Public,High,63
5557,77,26,61,1,4,1.8399999999999999,8,7,7,6,19,4.6,Medium,Moderate,Yes,Low,Male,High,Yes,No,Medium,College,Medium,Neutral,Single,Public,Medium,67
5558,81,20,69,1,2,0.7000000000000001,8,8,8,5,22,7,Low,Near,No,Medium,Female,Medium,Yes,No,Medium,High School,Medium,Neutral,In Relationship,Private,Medium,65
5559,96,25,88,0,1,2.04,8,8,8,5,21,5.1,High,Near,No,Low,Male,Low,Yes,No,Medium,High School,Medium,Neutral,In Relationship,Private,Medium,71
5560,100,14,100,3,3,1.92,4,7,7,6,19,4.8,Medium,Moderate,Yes,Low,Female,Medium,Yes,No,Medium,Postgraduate,Medium,Neutral,Single,Public,Medium,71
5561,90,20,78,0,4,0.63,7,8,8,5,21,6.3,Medium,Far,No,Medium,Male,High,Yes,Yes,High,Postgraduate,Medium,Positive,In Relationship,Public,High,69
5562,99,16,60,2,3,0.42000000000000004,7,6,6,7,21,4.2,High,Moderate,Yes,Low,Male,Medium,Yes,No,Medium,Postgraduate,Medium,Neutral,In Relationship,Private,High,71
5563,91,24,52,1,5,1.64,8,5,5,7,20,4.1,Medium,Near,Yes,Low,Male,High,Yes,No,Medium,High School,Low,Neutral,Single,Public,Medium,68
5564,99,20,97,2,0,1.6800000000000002,7,7,7,6,19,4.2,Medium,Near,Yes,Low,Male,Low,Yes,No,Medium,High School,Low,Neutral,Single,Public,Medium,70
5565,88,24,74,0,3,2.2800000000000002,8,7,7,6,21,5.7,High,Near,Yes,Low,Male,Medium,Yes,No,Medium,Postgraduate,Medium,Neutral,Single,Private,High,71
5566,63,27,86,1,4,2.72,6,9,9,4,19,6.8,Medium,Near,Yes,Medium,Female,High,Yes,No,Medium,Postgraduate,Medium,Positive,Single,Public,Medium,68
5567,76,24,83,1,4,0.44000000000000006,8,6,6,7,21,4.4,High,Near,No,High,Female,High,Yes,No,Medium,High School,Low,Positive,In Relationship,Private,Medium,69
5568,86,22,95,4,2,1.8399999999999999,9,7,7,5,19,4.6,Medium,Near,Yes,Medium,Male,Medium,Yes,No,Medium,College,Medium,Positive,Single,Private,Low,71
5569,74,14,63,2,3,0.7000000000000001,5,7,7,6,22,7,Medium,Far,No,Low,Female,Medium,No,No,Low,College,High,Positive,Single,Private,High,63
5570,71,20,72,4,4,1.8,5,6,6,7,20,4.5,Medium,Moderate,No,Medium,Male,High,Yes,No,Medium,Postgraduate,Low,Positive,Single,Public,Medium,66
5571,83,17,96,1,3,0.45999999999999996,8,6,6,6,20,4.6,Medium,Moderate,No,Low,Male,Medium,Yes,No,Medium,College,Medium,Positive,Single,Public,Medium,67
5572,97,18,79,3,3,1.32,7,4,4,8,19,3.3,Low,Far,Yes,High,Male,Medium,Yes,No,Medium,High School,High,Positive,Single,Private,Medium,71
5573,61,18,54,0,2,2.16,9,7,7,6,22,5.4,Low,Near,No,Medium,Female,Medium,Yes,No,Medium,College,Low,Neutral,Single,Public,Medium,59
5574,91,14,60,0,2,0.48,7,6,6,7,21,4.8,Medium,Near,Yes,High,Male,Medium,Yes,No,Medium,High School,High,Neutral,In Relationship,Public,Medium,67
5575,89,8,62,2,4,1.8399999999999999,8,7,7,6,20,4.6,High,Moderate,No,Medium,Male,High,Yes,Yes,Medium,High School,High,Positive,In Relationship,Public,Medium,66
5576,99,16,100,1,3,0.73,6,8,8,5,21,7.3,High,Far,Yes,High,Female,Medium,Yes,No,High,High School,Low,Positive,In Relationship,Public,High,72
5577,97,21,61,0,3,0.55,8,7,7,6,24,5.5,High,Near,No,Low,Female,Medium,Yes,Yes,Low,Postgraduate,High,Neutral,In Relationship,Public,High,70
5578,90,12,93,3,3,0.41,8,4,4,8,21,4.1,Medium,Near,Yes,High,Female,Medium,Yes,No,Low,High School,Medium,Neutral,In Relationship,Public,Medium,68
5579,81,20,54,0,2,2.2,6,8,8,6,20,5.5,Medium,Moderate,No,Low,Female,Medium,Yes,No,Low,College,Low,Positive,In Relationship,Public,Low,63
5580,68,31,59,3,2,0.68,9,8,8,5,22,6.8,Medium,Near,No,High,Female,Medium,Yes,No,Medium,Postgraduate,Medium,Neutral,In Relationship,Public,High,69
5581,82,26,94,0,3,1.9600000000000002,4,7,7,6,19,4.9,Medium,Near,No,Low,Male,Medium,Yes,No,Low,High School,Low,Positive,Complicated,Private,Low,67
5582,91,30,95,1,3,2.64,7,8,8,5,24,6.6,High,Near,Yes,Medium,Female,Medium,Yes,No,Low,College,Medium,Positive,Single,Public,High,75
5583,96,22,59,0,2,0.45,5,5,5,7,19,4.5,Low,Far,Yes,Medium,Female,Medium,Yes,No,Medium,High School,Low,Positive,Single,Private,High,67
5584,92,27,61,0,3,0.43,5,5,5,7,21,4.3,High,Near,Yes,Medium,Male,Medium,Yes,No,Medium,Postgraduate,High,Positive,In Relationship,Private,High,74
5585,68,16,77,1,4,2.04,8,7,7,6,19,5.1,High,Moderate,Yes,Medium,Male,High,Yes,No,Medium,Postgraduate,Medium,Positive,Single,Public,High,66
5586,84,16,53,2,1,2.52,5,8,8,5,22,6.3,High,Near,Yes,Low,Male,Low,No,No,Medium,High School,Medium,Neutral,Single,Public,Medium,65
5587,73,4,97,1,1,1.56,5,6,6,7,21,3.9,Medium,Near,Yes,Low,Male,Low,Yes,No,High,High School,Low,Negative,Complicated,Public,High,60
5588,60,27,68,1,4,2.16,8,8,8,5,20,5.4,High,Far,No,Medium,Female,High,Yes,Yes,High,High School,Medium,Negative,Single,Private,Medium,63
5589,68,29,74,3,2,0.65,5,8,8,5,22,6.5,High,Near,Yes,High,Male,Medium,Yes,Yes,Low,Postgraduate,Low,Neutral,Single,Public,High,69
5590,65,17,55,1,2,2.08,9,7,7,6,19,5.2,High,Near,No,Medium,Male,Medium,Yes,No,Medium,High School,High,Positive,Single,Public,Medium,64
5591,94,18,52,1,4,1.1199999999999999,8,4,4,8,20,2.8,Medium,Near,Yes,Medium,Female,High,Yes,No,Medium,College,Low,Positive,Single,Private,Medium,68
5592,70,15,73,2,4,0.44000000000000006,6,4,4,8,19,4.4,Medium,Moderate,No,Medium,Male,High,Yes,No,Low,High School,Medium,Positive,Single,Public,Low,63
5593,71,22,56,0,2,0.7200000000000001,8,9,9,4,22,7.2,Medium,Near,Yes,Medium,Male,Medium,Yes,No,Low,Postgraduate,Medium,Neutral,Single,Public,High,65
5594,98,27,82,0,3,0.6400000000000001,4,7,7,6,22,6.4,High,Near,No,High,Female,Medium,Yes,No,Medium,High School,Medium,Positive,Single,Public,Medium,74
5595,75,10,90,2,2,1.9600000000000002,8,7,7,6,21,4.9,High,Moderate,Yes,Low,Male,Medium,Yes,No,Medium,Postgraduate,Medium,Positive,Single,Public,Medium,65
5596,60,22,52,0,2,0.61,5,8,8,5,20,6.1,Medium,Near,Yes,Low,Female,Medium,Yes,No,Medium,High School,Medium,Negative,Single,Public,Medium,61
5597,71,18,81,1,3,0.7400000000000001,6,8,8,5,19,7.4,High,Near,Yes,Low,Male,Medium,Yes,No,Medium,High School,Medium,Positive,In Relationship,Public,High,66
5598,65,21,91,1,3,0.29,6,5,5,7,22,2.9,High,Moderate,Yes,Medium,Male,Medium,Yes,No,High,High School,Medium,Positive,In Relationship,Public,High,67
5599,64,23,72,0,3,1.6800000000000002,9,7,7,5,21,4.2,Medium,Near,Yes,Low,Male,Medium,Yes,No,Medium,College,High,Positive,In Relationship,Public,High,66
5600,63,19,98,4,2,2.68,6,9,9,4,19,6.7,Medium,Near,No,High,Male,Medium,Yes,No,High,Postgraduate,High,Positive,Single,Private,Medium,69
5601,84,19,56,2,3,2.68,7,8,8,5,20,6.7,Medium,Moderate,Yes,Low,Female,Medium,Yes,No,Low,High School,Medium,Neutral,In Relationship,Public,Medium,65
5602,68,19,66,2,3,0.45,6,6,6,7,22,4.5,High,Far,No,Medium,Female,Medium,Yes,No,Medium,High School,High,Neutral,In Relationship,Public,Medium,65
5603,74,26,62,0,3,0.48,6,5,5,7,24,4.8,Medium,Near,No,Low,Female,Medium,Yes,No,Medium,High School,High,Neutral,In Relationship,Private,Medium,66
5604,94,23,100,2,2,1.6800000000000002,5,8,8,5,20,4.2,High,Near,No,Medium,Male,Medium,Yes,No,Low,Postgraduate,Medium,Neutral,In Relationship,Public,High,73
5605,77,21,65,2,2,2.08,7,7,7,6,22,5.2,Medium,Moderate,Yes,Low,Female,Medium,Yes,No,Medium,High School,Low,Negative,Single,Public,High,64
5606,97,12,69,0,5,0.45,7,5,5,7,20,4.5,Low,Near,Yes,Low,Female,High,Yes,No,Low,High School,Medium,Positive,Single,Public,High,67
5607,80,18,92,0,1,1.4400000000000002,8,4,4,8,22,3.6,Low,Near,Yes,Medium,Male,Low,Yes,No,High,College,Medium,Positive,Single,Private,High,67
5608,76,25,96,3,4,0.65,7,8,8,5,20,6.5,Low,Near,Yes,Medium,Female,High,Yes,Yes,Medium,High School,Medium,Positive,Single,Public,Medium,68
5609,90,20,97,2,3,2.32,7,7,7,6,22,5.8,Low,Moderate,Yes,High,Male,Medium,Yes,No,Medium,College,Medium,Positive,Single,Public,High,71
5610,63,24,78,0,3,0.45,8,5,5,7,24,4.5,Medium,Near,Yes,Low,Male,Medium,Yes,No,Medium,High School,Medium,Negative,In Relationship,Private,High,64
5611,64,31,83,1,2,1.7600000000000002,6,5,5,8,20,4.4,Medium,Moderate,Yes,Medium,Female,Medium,Yes,No,Medium,High School,Medium,Positive,In Relationship,Public,Medium,67
5612,86,26,67,2,1,1.9600000000000002,5,8,8,5,21,4.9,Low,Moderate,No,Low,Female,Low,Yes,No,Medium,High School,Medium,Positive,In Relationship,Private,High,68
5613,79,21,80,1,3,0.39,8,4,4,8,22,3.9,Medium,Near,Yes,Low,Male,Medium,Yes,No,High,College,Low,Negative,In Relationship,Private,High,67
5614,92,17,65,3,2,1.7600000000000002,6,8,8,5,21,4.4,Medium,Near,Yes,Medium,Male,Medium,Yes,No,High,College,Low,Positive,In Relationship,Public,High,70
5615,97,5,87,2,3,0.71,7,8,8,5,21,7.1,Low,Far,Yes,Medium,Female,Medium,Yes,Yes,Medium,High School,Medium,Neutral,In Relationship,Private,Medium,64
5616,76,19,65,0,4,2.2399999999999998,6,8,8,5,20,5.6,Medium,Near,Yes,Low,Female,High,Yes,Yes,Medium,High School,Medium,Neutral,Complicated,Public,Medium,63
5617,84,18,94,3,4,2.68,6,9,9,4,21,6.7,High,Near,No,High,Male,High,Yes,No,Medium,High School,High,Neutral,Single,Public,Medium,71
5618,80,22,57,1,3,1.7600000000000002,4,7,7,6,22,4.4,Low,Moderate,No,Low,Male,Medium,Yes,No,Low,Postgraduate,Low,Neutral,Single,Public,Medium,64
5619,99,19,79,3,4,0.25,8,4,4,8,23,2.5,Low,Near,No,Medium,Male,High,Yes,No,High,High School,Low,Positive,In Relationship,Private,Medium,70
5620,93,18,76,3,3,1.6,4,7,7,5,21,4,High,Near,No,Low,Female,Medium,Yes,No,High,College,Medium,Negative,In Relationship,Public,Medium,70
5621,96,9,63,1,1,0.6400000000000001,9,8,8,5,23,6.4,High,Near,Yes,High,Male,Low,Yes,No,Medium,High School,Medium,Neutral,Single,Private,Medium,67
5622,70,14,51,1,4,2.08,9,7,7,6,22,5.2,Medium,Near,Yes,Low,Male,High,Yes,No,Low,College,Medium,Negative,Single,Public,High,62
5623,91,23,57,2,2,1.6800000000000002,6,7,7,6,22,4.2,Medium,Near,No,Low,Male,Medium,Yes,No,Low,High School,Medium,Positive,Single,Private,High,69
5624,71,30,98,2,1,1.9600000000000002,9,7,7,6,19,4.9,High,Moderate,No,High,Female,Low,Yes,No,Low,High School,Low,Positive,Single,Public,Medium,69
5625,68,19,97,0,3,1.8800000000000001,10,7,7,5,22,4.7,High,Far,No,Low,Female,Medium,No,No,Low,College,Low,Positive,In Relationship,Public,Medium,62
5626,98,22,56,1,1,2,7,7,7,6,20,5,Medium,Near,No,High,Female,Low,Yes,No,High,College,Low,Neutral,In Relationship,Private,Medium,70
5627,61,26,69,2,3,1.8399999999999999,8,6,6,7,21,4.6,Medium,Near,Yes,Medium,Male,Medium,Yes,No,High,High School,Medium,Positive,Single,Public,High,66
5628,99,15,73,1,3,1.9600000000000002,7,7,7,6,21,4.9,Medium,Near,No,Low,Male,Medium,Yes,No,Low,High School,High,Positive,Single,Public,Medium,69
5629,66,22,74,3,3,0.45999999999999996,9,5,5,7,20,4.6,Low,Near,Yes,Low,Female,Medium,Yes,No,Medium,Postgraduate,Medium,Negative,Single,Public,High,65
5630,93,16,65,0,3,2.5600000000000005,5,8,8,5,19,6.4,High,Near,Yes,Medium,Female,Medium,Yes,No,Low,High School,Low,Negative,Single,Public,Medium,66
5631,71,25,96,2,3,1.52,7,7,7,6,22,3.8,Medium,Near,Yes,Low,Female,Medium,Yes,No,Low,High School,High,Positive,Single,Public,Medium,69
5632,74,21,95,1,5,2.12,8,8,8,5,19,5.3,Medium,Far,Yes,Medium,Female,High,Yes,Yes,Low,High School,High,Positive,Single,Private,Medium,66
5633,69,22,51,1,3,1.8399999999999999,8,7,7,6,22,4.6,High,Near,Yes,Low,Female,Medium,Yes,No,Medium,High School,Low,Positive,Single,Public,High,65
5634,83,15,83,1,2,2.2800000000000002,7,7,7,6,19,5.7,Low,Near,Yes,High,Female,Medium,Yes,No,Low,Postgraduate,Medium,Neutral,Single,Public,Medium,66
5635,74,24,54,1,3,0.27,9,4,4,8,22,2.7,Low,Near,Yes,Low,Female,Medium,Yes,No,Medium,High School,Low,Neutral,In Relationship,Public,Medium,63
5636,86,33,80,0,3,2.68,7,8,8,5,21,6.7,Medium,Near,Yes,Low,Female,Medium,Yes,No,Medium,Postgraduate,Low,Neutral,Single,Public,High,72
5637,61,14,93,3,2,2.2399999999999998,7,8,8,5,18,5.6,Medium,Moderate,Yes,Medium,Male,Medium,Yes,No,Low,High School,Medium,Negative,Single,Public,High,62
5638,63,18,82,1,1,0.26,8,4,4,8,21,2.6,High,Near,No,High,Male,Low,Yes,No,Medium,High School,High,Negative,In Relationship,Private,Medium,64
5639,64,21,73,2,2,1.92,7,7,7,6,22,4.8,Low,Far,No,Low,Female,Medium,Yes,Yes,High,College,Medium,Negative,Single,Public,Medium,61
5640,77,25,98,0,2,2.7600000000000002,7,9,9,5,19,6.9,Medium,Near,Yes,High,Male,Medium,Yes,No,Low,High School,High,Positive,In Relationship,Public,Medium,70
5641,93,17,87,1,2,0.51,6,5,5,7,22,5.1,Medium,Moderate,No,Low,Female,Medium,Yes,No,Medium,High School,Medium,Negative,In Relationship,Private,High,67
5642,96,3,62,3,4,2.08,10,7,7,6,21,5.2,High,Far,Yes,Low,Male,High,Yes,No,Medium,High School,High,Neutral,In Relationship,Private,Medium,66
5643,70,28,69,2,4,2.84,6,9,9,4,19,7.1,Medium,Near,Yes,Low,Male,High,Yes,Yes,Medium,High School,Medium,Positive,Single,Public,Low,66
5644,83,25,88,1,3,0.37000000000000005,8,5,5,7,21,3.7,Medium,Near,Yes,Medium,Male,Medium,Yes,Yes,Low,College,Low,Neutral,Single,Public,High,68
5645,91,10,51,0,3,2.68,10,8,8,5,20,6.7,High,Moderate,Yes,Low,Male,Medium,Yes,No,Medium,Postgraduate,High,Positive,In Relationship,Public,Medium,67
5646,72,16,53,1,3,0.6000000000000001,5,7,7,6,22,6,High,Near,No,High,Male,Medium,Yes,No,Medium,College,Medium,Positive,Single,Public,High,65
5647,76,29,93,0,4,1.7600000000000002,8,7,7,6,19,4.4,High,Moderate,Yes,Medium,Male,High,No,No,Low,College,Medium,Positive,Single,Public,High,70
5648,81,29,52,1,4,1.8800000000000001,7,5,5,7,19,4.7,Medium,Near,Yes,High,Female,High,No,No,Medium,College,Medium,Neutral,In Relationship,Public,Medium,69
5649,65,26,84,1,4,1.8800000000000001,10,7,7,6,21,4.7,Medium,Near,Yes,Low,Male,High,Yes,No,Medium,Postgraduate,Medium,Positive,Single,Public,High,68
5650,61,19,66,0,1,0.8800000000000001,6,4,4,8,20,2.2,Medium,Near,No,High,Male,Low,Yes,No,Medium,High School,Medium,Neutral,Single,Public,Medium,61
5651,66,20,91,0,5,0.6000000000000001,6,7,7,6,22,6,High,Far,Yes,Medium,Male,High,Yes,No,Low,High School,Medium,Negative,Single,Public,High,65
5652,85,19,92,3,2,2.64,7,8,8,5,20,6.6,High,Near,No,Medium,Female,Medium,Yes,No,Medium,College,High,Neutral,Single,Public,Medium,71
5653,63,27,98,0,3,0.26,6,4,4,8,23,2.6,High,Near,No,Medium,Female,Medium,Yes,No,Low,High School,Medium,Negative,In Relationship,Private,Medium,66
5654,68,15,55,0,3,0.35000000000000003,6,4,4,8,22,3.5,High,Near,No,High,Female,Medium,No,No,Medium,High School,Medium,Positive,In Relationship,Private,Medium,62
5655,74,15,71,0,2,0.45999999999999996,10,5,5,7,20,4.6,Low,Near,No,Low,Male,Medium,Yes,No,Medium,Postgraduate,Low,Negative,In Relationship,Public,High,61
5656,63,26,79,1,2,1.6,7,7,7,5,21,4,High,Near,Yes,Low,Male,Medium,Yes,No,Medium,High School,High,Negative,In Relationship,Public,High,67
5657,68,20,96,0,3,0.37000000000000005,6,5,5,7,21,3.7,High,Near,Yes,Low,Female,Medium,Yes,No,Medium,High School,Medium,Neutral,Single,Public,High,66
5658,96,28,63,1,2,2.7600000000000002,6,9,9,4,19,6.9,High,Moderate,No,High,Female,Medium,No,No,High,High School,Low,Positive,In Relationship,Public,Medium,71
5659,61,16,54,0,3,1.72,8,5,5,7,20,4.3,High,Moderate,Yes,Low,Male,Medium,Yes,No,High,College,Medium,Positive,Single,Private,High,62
5660,86,20,60,1,3,1.4400000000000002,8,4,4,8,20,3.6,Medium,Near,Yes,High,Male,Medium,Yes,Yes,Low,Postgraduate,Medium,Neutral,Single,Public,Medium,67
5661,75,14,75,0,2,1.6,6,7,7,6,22,4,Medium,Near,Yes,Low,Male,Medium,Yes,No,Medium,High School,Medium,Neutral,Single,Public,High,64
5662,87,20,84,2,3,0.38,5,6,6,7,20,3.8,Low,Near,No,Medium,Male,Medium,Yes,No,Medium,High School,Medium,Neutral,Complicated,Private,Medium,68
5663,84,11,85,3,4,1.9600000000000002,7,7,7,6,19,4.9,Medium,Moderate,Yes,Medium,Female,High,Yes,No,High,College,Medium,Neutral,Single,Public,Medium,67
5664,69,17,54,1,2,2,7,8,8,6,21,5,Medium,Near,Yes,High,Male,Medium,Yes,No,High,High School,Medium,Neutral,In Relationship,Public,Low,63
5665,94,11,88,2,4,0.49000000000000005,6,6,6,6,20,4.9,High,Near,No,Medium,Male,High,Yes,No,Medium,High School,High,Positive,Single,Public,Medium,70
5666,80,24,83,1,1,0.45,9,6,6,6,20,4.5,High,Near,Yes,Low,Male,Low,Yes,No,Medium,High School,Low,Negative,In Relationship,Public,Low,67
5667,93,24,70,1,3,0.53,8,7,7,6,23,5.3,High,Moderate,Yes,Medium,Female,Medium,Yes,No,Low,High School,Medium,Neutral,In Relationship,Private,High,71
5668,76,10,79,3,4,0.45,7,5,5,7,19,4.5,Low,Far,Yes,Medium,Female,High,Yes,No,Low,High School,Medium,Neutral,Single,Private,Medium,62
5669,99,28,88,3,4,2.2,6,7,7,6,21,5.5,Medium,Near,Yes,Low,Female,High,Yes,No,Medium,High School,Medium,Positive,Single,Public,Medium,75
5670,91,35,63,1,5,2.44,10,7,7,6,20,6.1,Medium,Near,Yes,Medium,Male,High,Yes,No,Low,High School,Low,Neutral,Single,Public,Medium,72
5671,99,20,97,4,3,1.4800000000000002,5,5,5,7,19,3.7,Low,Near,Yes,High,Female,Medium,Yes,No,Low,College,Medium,Neutral,In Relationship,Public,Medium,73
5672,81,16,57,3,3,0.5900000000000001,6,7,7,6,24,5.9,Medium,Near,No,Low,Male,Medium,Yes,No,High,High School,Low,Positive,Single,Private,Low,64
5673,79,37,95,1,1,0.42000000000000004,6,5,5,7,22,4.2,High,Near,No,High,Male,Low,Yes,No,High,High School,Medium,Negative,Single,Public,Medium,73
5674,90,12,87,2,2,0.55,7,7,7,6,24,5.5,Low,Far,Yes,Low,Male,Medium,Yes,No,Low,Postgraduate,Medium,Neutral,In Relationship,Public,High,66
5675,95,20,83,1,3,0.32000000000000006,8,5,5,7,21,3.2,Low,Near,No,Medium,Female,Medium,Yes,No,High,High School,Low,Positive,In Relationship,Private,Medium,69
5676,99,21,54,1,4,0.48,5,5,5,7,20,4.8,Medium,Moderate,Yes,Low,Male,High,Yes,No,High,College,Medium,Neutral,In Relationship,Public,Medium,70
5677,73,28,96,1,0,2.3600000000000003,6,7,7,6,22,5.9,High,Near,Yes,Medium,Female,Low,Yes,No,Medium,Postgraduate,Medium,Negative,Single,Public,Medium,70
5678,92,22,65,0,2,0.71,8,9,9,4,21,7.1,High,Moderate,No,Medium,Male,Medium,Yes,No,Medium,High School,High,Positive,Single,Private,High,71
5679,68,17,87,0,4,1.64,6,5,5,7,21,4.1,High,Near,Yes,Low,Male,High,Yes,Yes,High,College,Low,Positive,In Relationship,Private,Medium,64
5680,82,14,94,7,4,0.61,6,7,7,6,21,6.1,High,Near,No,Medium,Male,High,Yes,No,Low,Postgraduate,Medium,Negative,Single,Private,High,71
5681,67,18,62,1,2,0.6000000000000001,7,8,8,5,22,6,Medium,Far,Yes,Low,Male,Medium,Yes,No,High,High School,High,Positive,In Relationship,Private,Low,63
5682,74,14,96,2,4,2.2800000000000002,6,8,8,5,19,5.7,High,Near,Yes,Low,Male,High,Yes,No,Low,College,High,Neutral,Single,Public,High,68
5683,97,20,81,3,3,0.4,7,5,5,7,22,4,Medium,Near,No,Medium,Male,Medium,Yes,Yes,Medium,College,Medium,Neutral,Single,Public,High,71
5684,66,17,83,4,5,2.16,8,7,7,6,22,5.4,Medium,Moderate,Yes,Medium,Male,High,Yes,No,Medium,High School,Medium,Negative,In Relationship,Private,High,65
5685,85,11,96,1,3,0.42000000000000004,7,5,5,7,22,4.2,Medium,Near,Yes,Low,Male,Medium,No,No,Medium,High School,High,Neutral,In Relationship,Public,Medium,66
5686,84,28,76,0,3,0.37000000000000005,9,5,5,7,21,3.7,High,Near,Yes,High,Male,Medium,Yes,No,High,High School,High,Negative,Single,Private,Medium,72
5687,65,17,72,1,4,2.4000000000000004,8,8,8,6,19,6,High,Moderate,Yes,Low,Male,High,Yes,No,Low,College,High,Positive,Single,Public,Medium,65
5688,73,12,82,1,3,0.27999999999999997,7,4,4,8,23,2.8,Medium,Far,No,Low,Male,Medium,No,No,Medium,High School,Low,Positive,In Relationship,Public,Medium,60
5689,83,19,78,2,4,3.16,7,9,9,5,19,7.9,Medium,Moderate,No,Low,Male,High,No,No,High,Postgraduate,Low,Positive,In Relationship,Public,High,67
5690,67,20,53,1,2,2.44,10,8,8,5,20,6.1,High,Near,No,Low,Male,Medium,Yes,No,High,Postgraduate,Medium,Positive,Single,Private,Medium,65
5691,92,10,59,0,2,0.51,6,8,8,5,22,5.1,Low,Moderate,Yes,Low,Female,Medium,Yes,No,High,High School,High,Negative,Single,Public,Medium,64
5692,99,22,51,2,4,2.2,7,7,7,6,21,5.5,High,Moderate,Yes,High,Male,High,Yes,Yes,Medium,High School,High,Negative,Single,Public,High,72
5693,69,14,55,3,2,0.58,6,8,8,6,20,5.8,Medium,Moderate,No,Low,Male,Medium,Yes,No,Medium,High School,High,Positive,In Relationship,Private,Low,62
5694,67,30,86,0,4,0.22000000000000003,8,3,3,8,24,2.2,Medium,Moderate,Yes,Low,Female,High,Yes,No,Medium,High School,Medium,Neutral,Single,Public,Medium,67
5695,78,23,50,1,3,2.32,10,7,7,6,21,5.8,Medium,Near,Yes,Medium,Female,Medium,Yes,Yes,Medium,Postgraduate,Medium,Positive,In Relationship,Private,Medium,67
5696,90,18,65,4,3,2.5600000000000005,7,8,8,5,21,6.4,Medium,Near,No,Medium,Female,Medium,Yes,No,Low,College,Medium,Positive,Single,Public,Medium,69
5697,71,16,72,1,4,1.72,7,5,5,7,19,4.3,High,Moderate,Yes,Medium,Female,High,Yes,No,Low,College,High,Neutral,Single,Private,Low,65
5698,61,19,97,0,3,1.72,7,7,7,5,22,4.3,High,Far,No,Medium,Male,Medium,Yes,Yes,Low,College,Medium,Negative,In Relationship,Public,High,62
5699,82,24,66,0,3,2.3600000000000003,5,7,7,6,19,5.9,Medium,Near,Yes,Medium,Male,Medium,Yes,No,Medium,Postgraduate,High,Neutral,Single,Private,Medium,69
5700,98,20,89,1,3,0.96,7,4,4,8,20,2.4,High,Far,No,High,Female,Medium,Yes,No,Medium,College,Medium,Positive,Single,Public,Medium,72
5701,76,19,70,1,3,0.6200000000000001,10,8,8,5,22,6.2,High,Far,Yes,Low,Female,Medium,Yes,No,Low,College,Low,Negative,In Relationship,Public,Medium,63
5702,77,20,55,1,3,0.45999999999999996,8,6,6,7,22,4.6,Medium,Far,No,Medium,Female,Medium,Yes,No,Low,College,High,Negative,In Relationship,Public,Medium,64
5703,99,16,55,1,3,1.56,9,7,7,5,22,3.9,Medium,Far,Yes,High,Female,Medium,Yes,Yes,Medium,College,Low,Neutral,In Relationship,Public,Medium,67
5704,88,18,72,2,4,1.7600000000000002,9,5,5,7,23,4.4,Medium,Moderate,No,High,Male,High,Yes,No,High,Postgraduate,Medium,Neutral,In Relationship,Public,High,70
5705,89,7,53,3,2,0.42000000000000004,6,5,5,7,22,4.2,Low,Moderate,Yes,Low,Male,Medium,Yes,No,Medium,High School,High,Neutral,Single,Private,High,64
5706,83,26,79,1,2,1.9600000000000002,10,7,7,6,19,4.9,Medium,Moderate,No,High,Female,Medium,Yes,No,Medium,High School,Medium,Neutral,Complicated,Public,Medium,69
5707,99,22,75,2,4,0.53,4,7,7,6,21,5.3,High,Near,No,Medium,Female,High,Yes,No,Low,High School,High,Negative,In Relationship,Private,Medium,72
5708,88,15,85,4,2,0.51,7,6,6,6,20,5.1,Medium,Near,Yes,Medium,Female,Medium,Yes,No,Medium,Postgraduate,Medium,Negative,In Relationship,Private,Medium,69
5709,96,31,59,3,5,0.25,4,4,4,8,23,2.5,Medium,Near,Yes,Low,Female,High,Yes,No,Medium,High School,High,Neutral,Single,Private,Medium,75
5710,88,21,80,1,2,2.68,4,9,9,4,21,6.7,Medium,Near,No,Medium,Male,Medium,Yes,Yes,Low,Postgraduate,Low,Positive,Single,Public,Medium,67
5711,89,14,59,1,3,0.5,8,5,5,7,20,5,Medium,Near,Yes,Low,Male,Medium,Yes,No,High,College,Medium,Neutral,Single,Private,Medium,67
5712,72,25,86,0,2,0.43,6,4,4,8,20,4.3,Medium,Far,No,Medium,Female,Medium,Yes,No,High,High School,Medium,Neutral,Single,Public,Medium,66
5713,72,22,65,0,3,1.72,9,7,7,5,22,4.3,Low,Moderate,Yes,Medium,Male,Medium,Yes,No,High,High School,Medium,Neutral,In Relationship,Public,Medium,64
5714,91,22,81,2,3,1.6,4,7,7,6,19,4,Low,Near,No,Low,Male,Medium,Yes,No,Medium,High School,Medium,Negative,Single,Private,High,68
5715,72,17,94,1,5,1.8,7,7,7,6,21,4.5,Medium,Moderate,Yes,Low,Male,High,Yes,No,High,High School,High,Neutral,Complicated,Public,Medium,66
5716,83,23,74,3,2,1.6,5,7,7,6,22,4,Medium,Near,No,Low,Male,Medium,Yes,No,Medium,Postgraduate,High,Negative,Single,Public,Medium,69
5717,70,18,60,1,3,1.8800000000000001,7,7,7,6,20,4.7,Low,Near,Yes,Medium,Male,Medium,Yes,No,Medium,College,High,Positive,In Relationship,Public,High,65
5718,93,23,94,2,3,2.44,9,8,8,5,20,6.1,Low,Moderate,Yes,Medium,Female,Medium,Yes,No,High,High School,Medium,Negative,Single,Private,Low,70
5719,64,9,68,0,3,0.37000000000000005,10,5,5,7,21,3.7,Low,Near,Yes,Medium,Male,Medium,Yes,No,Low,High School,Medium,Negative,Single,Private,Medium,57
5720,93,17,87,2,3,2.52,8,8,8,6,20,6.3,Medium,Moderate,No,High,Male,Medium,Yes,No,Low,College,Medium,Negative,Single,Private,High,69
5721,84,30,66,0,2,1.64,5,7,7,5,22,4.1,Low,Near,Yes,Medium,Female,Medium,Yes,No,Low,Postgraduate,High,Positive,In Relationship,Public,Low,70
5722,67,15,65,4,2,2.68,5,8,8,5,23,6.7,Medium,Near,Yes,Medium,Male,Medium,Yes,No,Medium,College,Low,Negative,Single,Private,Medium,63
5723,82,16,82,1,3,2.44,7,9,9,5,19,6.1,Medium,Moderate,No,Medium,Female,Medium,Yes,No,Medium,Postgraduate,Medium,Neutral,Complicated,Public,Low,66
5724,71,17,58,3,3,0.44000000000000006,6,6,6,6,20,4.4,Medium,Near,Yes,Medium,Male,Medium,Yes,Yes,Medium,High School,Medium,Positive,Single,Private,Medium,64
5725,73,13,93,0,3,2.2,8,8,8,5,19,5.5,High,Near,No,High,Female,Medium,Yes,No,Medium,Postgraduate,Medium,Neutral,Complicated,Public,High,65
5726,74,7,69,1,4,0.41,10,5,5,7,22,4.1,Medium,Near,No,High,Male,High,Yes,No,High,High School,High,Positive,Single,Public,Medium,64
5727,63,19,51,2,4,0.47000000000000003,6,7,7,6,20,4.7,Low,Near,Yes,Medium,Male,High,Yes,No,High,High School,Medium,Neutral,Complicated,Public,Medium,62
5728,99,21,65,1,2,1.6800000000000002,6,7,7,6,22,4.2,Medium,Far,Yes,Medium,Female,Medium,Yes,No,Low,College,High,Positive,Single,Private,Medium,71
5729,61,20,89,1,2,2.52,5,8,8,6,20,6.3,High,Far,No,Medium,Female,Medium,Yes,No,Medium,Postgraduate,Medium,Neutral,Single,Public,Medium,64
5730,86,19,93,1,2,2.2800000000000002,7,7,7,6,20,5.7,High,Near,Yes,Medium,Male,Medium,Yes,No,High,High School,High,Neutral,Single,Public,High,72
5731,75,20,78,0,2,1.1199999999999999,7,4,4,8,20,2.8,Medium,Near,No,Low,Female,Medium,Yes,No,Medium,College,Medium,Negative,Single,Public,Medium,64
5732,86,26,65,2,4,0.44000000000000006,7,5,5,7,20,4.4,Low,Moderate,Yes,High,Male,High,Yes,No,Medium,Postgraduate,Medium,Neutral,Single,Private,High,71
5733,74,19,76,5,4,1.36,8,5,5,7,20,3.4,Medium,Near,Yes,Medium,Female,High,Yes,Yes,High,College,Medium,Neutral,In Relationship,Public,High,68
5734,87,17,92,3,2,0.63,8,8,8,5,23,6.3,Medium,Near,Yes,High,Male,Medium,No,No,Medium,College,Medium,Negative,Single,Public,Low,68
5735,89,18,66,2,3,2.32,7,8,8,5,19,5.8,Medium,Moderate,No,Medium,Male,Medium,Yes,No,Medium,College,Medium,Positive,Complicated,Public,Medium,68
5736,88,23,69,3,3,1.72,7,7,7,6,20,4.3,Medium,Near,No,Low,Male,Medium,Yes,No,Medium,High School,Medium,Negative,Single,Public,High,69
5737,65,28,77,1,3,1.4400000000000002,7,4,4,8,20,3.6,Medium,Near,Yes,Low,Male,Medium,Yes,No,High,College,Low,Positive,Single,Public,High,67
5738,86,16,94,0,4,2.64,7,8,8,5,20,6.6,Low,Near,No,Low,Male,High,Yes,No,Low,High School,Medium,Positive,Single,Private,Medium,66
5739,71,21,79,1,4,3.12,6,9,9,5,20,7.8,Medium,Far,Yes,Low,Male,High,Yes,No,Medium,Postgraduate,Medium,Neutral,In Relationship,Private,Medium,65
5740,61,22,60,0,2,0.47000000000000003,5,6,6,6,20,4.7,High,Moderate,No,High,Male,Medium,Yes,No,High,High School,Medium,Neutral,In Relationship,Private,Low,63
5741,77,14,54,1,2,0.68,7,7,7,6,22,6.8,Low,Moderate,No,Medium,Male,Medium,Yes,No,Medium,High School,High,Negative,Single,Public,High,62
5742,77,20,55,1,1,1.64,6,5,5,7,19,4.1,High,Near,No,High,Male,Low,Yes,No,Medium,College,High,Neutral,In Relationship,Private,Low,67
5743,79,11,98,2,4,1.8,8,8,8,6,22,4.5,Medium,Near,Yes,Low,Female,High,Yes,No,Medium,High School,Medium,Neutral,In Relationship,Public,Medium,65
5744,88,9,91,1,3,2.3600000000000003,7,7,7,6,20,5.9,Medium,Near,Yes,Low,Female,Medium,Yes,No,Medium,College,Medium,Negative,In Relationship,Public,Medium,66
5745,72,22,88,2,4,1.6,7,4,4,8,22,4,High,Near,No,Medium,Female,High,No,No,Medium,High School,Low,Positive,Single,Public,Medium,66
5746,73,18,75,0,1,0.5599999999999999,8,7,7,6,22,5.6,Medium,Near,Yes,High,Female,Low,Yes,Yes,Medium,College,Medium,Neutral,Single,Public,Medium,64
5747,62,21,84,5,4,1.4800000000000002,5,6,6,7,20,3.7,Medium,Near,Yes,Low,Female,High,Yes,No,Medium,High School,High,Positive,Single,Public,Medium,67
5748,87,20,56,2,2,1.8800000000000001,10,7,7,6,20,4.7,Medium,Moderate,No,Medium,Female,Medium,Yes,No,Medium,College,Medium,Neutral,In Relationship,Public,Medium,67
5749,83,14,81,1,4,2,4,7,7,6,22,5,Low,Moderate,No,Low,Male,High,Yes,Yes,Low,High School,Low,Negative,Single,Public,Medium,61
5750,74,20,91,1,5,0.43,9,5,5,7,20,4.3,Medium,Near,Yes,Low,Male,High,Yes,No,Medium,High School,Medium,Neutral,In Relationship,Public,Medium,66
5751,88,13,53,2,4,0.48,7,6,6,6,20,4.8,Medium,Moderate,Yes,Medium,Male,High,Yes,No,Medium,College,High,Negative,Single,Private,Medium,66
5752,81,28,65,1,2,1.6800000000000002,6,5,5,7,20,4.2,Low,Moderate,Yes,Low,Male,Medium,Yes,No,Medium,High School,Medium,Positive,In Relationship,Public,Medium,67
5753,79,12,56,1,5,2.84,5,9,9,4,19,7.1,Medium,Near,No,Low,Female,High,Yes,No,High,High School,High,Positive,Single,Public,Low,64
5754,80,19,63,1,3,0.58,6,8,8,5,22,5.8,Low,Near,No,Low,Male,Medium,Yes,No,Low,High School,High,Neutral,In Relationship,Public,Medium,64
5755,85,14,89,2,2,0.63,7,8,8,5,23,6.3,Medium,Moderate,No,Medium,Male,Medium,Yes,No,Medium,College,Low,Positive,Single,Public,High,67
5756,86,23,67,2,3,0.5599999999999999,7,7,7,6,22,5.6,High,Near,No,Medium,Female,Medium,Yes,Yes,Low,College,Low,Neutral,In Relationship,Private,High,68
5757,72,18,84,2,4,1.2800000000000002,9,4,4,8,20,3.2,Low,Near,No,Medium,Male,High,Yes,No,Medium,High School,Medium,Neutral,Single,Public,Medium,64
5758,66,17,89,0,3,0.6400000000000001,7,8,8,5,22,6.4,Medium,Near,Yes,Medium,Male,Medium,Yes,No,Medium,College,Medium,Negative,Single,Private,Medium,63
5759,66,25,91,2,3,1.6800000000000002,7,7,7,6,19,4.2,High,Near,Yes,Low,Male,Medium,Yes,No,Medium,College,Medium,Neutral,Single,Public,High,68
5760,86,20,94,2,2,0.27,8,4,4,8,23,2.7,Low,Far,No,Low,Female,Medium,Yes,No,Low,High School,Low,Negative,Complicated,Private,Medium,64
5761,95,23,80,2,4,2.68,7,8,8,4,19,6.7,Medium,Moderate,Yes,Low,Female,High,Yes,No,High,High School,Low,Neutral,Single,Public,Medium,70
5762,76,14,64,3,3,2.5600000000000005,7,9,9,4,19,6.4,Medium,Near,No,Medium,Male,Medium,Yes,No,Medium,College,Low,Positive,Single,Private,Medium,64
5763,67,12,58,0,2,0.55,7,7,7,6,24,5.5,Medium,Far,No,High,Male,Medium,Yes,Yes,Medium,High School,High,Neutral,In Relationship,Public,Medium,59
5764,90,21,75,4,2,1.8399999999999999,8,7,7,6,19,4.6,Medium,Moderate,Yes,Low,Male,Medium,Yes,No,Medium,High School,High,Neutral,Single,Public,High,71
5765,93,18,55,3,5,2.2800000000000002,6,7,7,6,20,5.7,Medium,Moderate,Yes,Low,Male,High,Yes,No,Medium,High School,Low,Negative,Single,Public,Medium,67
5766,95,24,96,3,3,0.61,6,7,7,6,21,6.1,Low,Near,Yes,Low,Female,Medium,Yes,No,High,Postgraduate,Medium,Neutral,Single,Private,Medium,73
5767,84,20,72,3,3,1.92,8,5,5,8,19,4.8,Low,Near,No,High,Male,Medium,Yes,No,Medium,High School,Low,Neutral,Single,Public,Medium,66
5768,94,21,94,2,2,1.8800000000000001,5,5,5,7,19,4.7,High,Near,No,Low,Male,Medium,Yes,No,Medium,College,High,Neutral,In Relationship,Private,High,73
5769,61,10,85,1,4,0.44000000000000006,7,5,5,7,22,4.4,Medium,Near,Yes,Medium,Female,High,Yes,No,High,High School,High,Neutral,Single,Public,Medium,62
5770,64,31,93,1,3,0.25,6,4,4,8,23,2.5,High,Near,No,Low,Female,Medium,Yes,No,Medium,High School,Medium,Neutral,In Relationship,Public,High,69
5771,64,19,94,3,3,1.52,8,7,7,6,22,3.8,High,Near,No,Medium,Female,Medium,Yes,Yes,Medium,Postgraduate,Medium,Neutral,Single,Private,High,66
5772,89,24,53,1,3,0.27999999999999997,9,3,3,8,19,2.8,Low,Near,Yes,Low,Male,Medium,Yes,No,Medium,High School,Medium,Neutral,Single,Private,High,68
5773,63,15,86,4,5,0.15000000000000002,6,2,2,9,23,1.5,Medium,Near,Yes,High,Male,High,Yes,No,Low,High School,Medium,Positive,Single,Public,Medium,65
5774,80,22,61,1,2,2.04,8,7,7,6,21,5.1,Medium,Moderate,Yes,Low,Male,Medium,Yes,No,High,College,Medium,Positive,Single,Public,Medium,67
5775,79,12,99,2,2,2.7600000000000002,7,9,9,4,20,6.9,Medium,Near,Yes,Medium,Female,Medium,Yes,Yes,Low,High School,Medium,Negative,Single,Public,Medium,64
5776,72,23,89,0,3,1.4400000000000002,6,4,4,8,20,3.6,High,Moderate,Yes,Medium,Male,Medium,No,No,Medium,High School,High,Negative,Single,Private,High,67
5777,95,18,50,3,3,0.58,7,7,7,6,22,5.8,Low,Moderate,Yes,Medium,Female,Medium,Yes,No,Low,High School,Low,Neutral,Single,Private,Medium,66
5778,67,20,96,1,3,0.67,9,7,7,6,21,6.7,Medium,Near,No,High,Female,Medium,Yes,No,High,High School,High,Positive,Single,Public,High,68
5779,74,24,65,3,2,1.64,7,7,7,5,20,4.1,Medium,Near,Yes,Medium,Male,Medium,Yes,No,Low,College,Medium,Neutral,Single,Public,High,68
5780,91,13,71,1,2,1.4000000000000001,9,5,5,7,19,3.5,Low,Far,Yes,Low,Male,Medium,Yes,No,Low,College,Medium,Positive,In Relationship,Public,Medium,64
5781,61,16,81,2,1,0.73,7,7,7,6,21,7.3,Medium,Near,Yes,Medium,Female,Low,Yes,No,Low,High School,High,Neutral,Single,Public,Medium,63
5782,87,23,96,2,3,1.8,5,6,6,7,22,4.5,Medium,Moderate,No,Medium,Female,Medium,Yes,No,Medium,College,High,Positive,Single,Public,Medium,72
5783,93,33,96,1,1,2.8800000000000003,7,9,9,5,20,7.2,Medium,Moderate,No,Low,Female,Low,Yes,No,Medium,Postgraduate,High,Positive,In Relationship,Public,High,75
5784,97,19,78,2,3,0.27,5,3,3,8,19,2.7,Medium,Near,No,Low,Male,Medium,Yes,No,Low,High School,High,Positive,Single,Public,Medium,71
5785,95,24,66,2,3,0.39,7,5,5,7,21,3.9,Medium,Near,No,High,Male,Medium,Yes,No,Low,High School,High,Negative,Single,Public,High,71
5786,73,19,64,4,5,2.2800000000000002,6,8,8,5,19,5.7,Medium,Near,Yes,Medium,Female,High,Yes,Yes,Low,College,Medium,Positive,Single,Public,Medium,66
5787,83,32,68,3,4,0.58,10,7,7,6,19,5.8,Medium,Moderate,Yes,Low,Female,High,No,No,Medium,High School,High,Positive,Single,Private,Medium,71
5788,63,10,59,0,5,3.28,9,9,9,5,20,8.2,Medium,Moderate,No,Medium,Male,High,Yes,No,Low,Postgraduate,High,Positive,In Relationship,Public,High,61
5789,70,21,83,1,3,1.8800000000000001,7,7,7,5,22,4.7,Medium,Far,Yes,Medium,Male,Medium,Yes,No,Medium,High School,Medium,Neutral,In Relationship,Public,Medium,65
5790,64,10,76,1,1,0.5900000000000001,9,8,8,5,21,5.9,Low,Near,No,Low,Female,Low,Yes,No,Low,High School,Medium,Positive,In Relationship,Private,Medium,58
5791,73,5,89,1,2,2.7600000000000002,6,8,8,5,20,6.9,Low,Near,Yes,Medium,Male,Medium,Yes,No,High,High School,High,Neutral,In Relationship,Public,Medium,62
5792,95,22,55,2,0,0.58,5,7,7,6,22,5.8,Low,Near,No,High,Female,Low,Yes,Yes,Medium,College,High,Neutral,Single,Public,High,69
5793,74,21,70,1,3,0.32000000000000006,8,3,3,8,19,3.2,Low,Far,Yes,Medium,Male,Medium,Yes,No,Medium,Postgraduate,Medium,Neutral,Single,Public,Medium,65
5794,82,18,62,3,4,0.67,8,8,8,5,21,6.7,Medium,Near,Yes,Low,Female,High,Yes,No,High,High School,High,Neutral,In Relationship,Private,Medium,69
5795,77,19,77,1,3,1.4400000000000002,6,7,7,6,22,3.6,Medium,Near,Yes,Low,Female,Medium,Yes,No,High,College,High,Neutral,Single,Private,High,68
5796,78,39,73,0,2,0.37000000000000005,6,6,6,7,21,3.7,Medium,Far,No,Low,Male,Medium,Yes,No,Medium,College,Medium,Positive,Single,Public,Medium,70
5797,99,18,72,4,4,2.68,8,9,9,4,21,6.7,Medium,Near,Yes,Low,Female,High,Yes,No,Medium,High School,High,Neutral,Single,Public,Medium,72
5798,72,23,66,3,4,1.8800000000000001,4,7,7,6,20,4.7,Medium,Near,Yes,Low,Female,High,No,No,Low,Postgraduate,Low,Positive,Single,Private,Medium,66
5799,85,16,86,2,4,0.65,8,8,8,5,20,6.5,High,Near,Yes,High,Female,High,Yes,No,Low,High School,Low,Neutral,Single,Private,Medium,68
5800,77,22,74,2,4,2.5600000000000005,7,8,8,6,19,6.4,Medium,Near,Yes,Low,Male,High,Yes,No,High,College,Medium,Negative,Single,Private,Low,67
5801,62,19,60,1,2,0.5900000000000001,8,7,7,6,21,5.9,Low,Far,Yes,Low,Female,Medium,Yes,No,Medium,College,High,Positive,Single,Public,Medium,61
5802,80,18,77,1,2,0.5599999999999999,8,7,7,6,19,5.6,Low,Near,Yes,Low,Female,Medium,Yes,No,Medium,College,Low,Negative,In Relationship,Public,High,64
5803,93,31,80,3,2,2.6,6,8,8,5,20,6.5,Medium,Near,No,Medium,Male,Medium,Yes,No,Medium,High School,High,Neutral,In Relationship,Public,Medium,74
5804,64,27,51,1,3,0.73,5,8,8,5,20,7.3,Medium,Near,No,Low,Female,Medium,Yes,No,High,High School,Medium,Negative,In Relationship,Public,High,64
5805,63,21,60,2,2,2.32,9,8,8,6,19,5.8,Low,Near,Yes,Medium,Male,Medium,Yes,No,Medium,Postgraduate,High,Negative,Single,Public,Medium,64
5806,66,6,62,2,4,2.72,7,8,8,5,24,6.8,Medium,Near,Yes,Low,Male,High,Yes,No,Low,Postgraduate,High,Neutral,Single,Public,Medium,61
5807,91,18,62,3,3,2.2800000000000002,7,7,7,6,21,5.7,High,Near,Yes,Low,Male,Medium,Yes,No,Medium,High School,High,Positive,Single,Private,Medium,71
5808,89,36,62,2,3,0.47000000000000003,8,5,5,7,22,4.7,Low,Moderate,Yes,Low,Male,Medium,Yes,No,Low,College,High,Negative,Single,Private,High,72
5809,83,19,64,0,5,0.55,6,7,7,6,21,5.5,High,Near,No,Medium,Female,High,Yes,No,Medium,Postgraduate,High,Negative,Single,Private,Medium,68
5810,79,27,63,2,5,0.30000000000000004,8,4,4,8,21,3,High,Moderate,Yes,Low,Female,High,Yes,No,High,College,Low,Negative,In Relationship,Public,Medium,69
5811,96,29,94,2,4,0.31000000000000005,8,4,4,8,22,3.1,High,Near,No,Low,Male,High,No,No,High,High School,Medium,Negative,In Relationship,Public,High,74
5812,91,21,66,3,4,2.12,9,8,8,5,19,5.3,High,Moderate,Yes,Low,Female,High,Yes,No,Low,College,Medium,Neutral,In Relationship,Public,Medium,70
5813,92,15,67,1,2,2.5600000000000005,9,8,8,6,19,6.4,Low,Near,Yes,High,Male,Medium,Yes,No,Low,Postgraduate,High,Positive,Single,Public,High,69
5814,93,5,63,2,3,1.4800000000000002,7,7,7,6,21,3.7,Low,Near,No,Medium,Male,Medium,Yes,No,Medium,Postgraduate,Low,Neutral,Single,Public,High,64
5815,86,24,98,2,5,0.6900000000000001,8,8,8,5,20,6.9,Low,Far,Yes,High,Male,High,Yes,No,Medium,Postgraduate,Low,Positive,In Relationship,Public,Medium,71
5816,78,15,77,0,3,2.04,7,7,7,6,21,5.1,Low,Near,Yes,High,Male,Medium,Yes,No,Low,College,High,Neutral,Single,Public,Medium,65
5817,95,21,81,0,3,2.2399999999999998,7,8,8,6,19,5.6,Medium,Near,Yes,Medium,Male,Medium,Yes,No,Medium,High School,High,Neutral,Single,Public,Medium,71
5818,97,13,87,1,2,2.12,5,7,7,6,21,5.3,High,Near,Yes,Medium,Female,Medium,Yes,No,Low,Postgraduate,High,Neutral,Single,Public,High,71
5819,61,18,67,5,2,0.47000000000000003,7,5,5,7,24,4.7,Medium,Near,Yes,High,Male,Medium,Yes,No,Medium,Postgraduate,Low,Positive,In Relationship,Public,High,66
5820,62,20,98,1,4,1.6,4,7,7,6,19,4,Medium,Near,No,High,Male,High,Yes,No,High,High School,Medium,Negative,Single,Public,Low,64
5821,98,22,58,0,3,1.8,7,7,7,6,20,4.5,Medium,Near,No,Medium,Male,Medium,Yes,No,Medium,High School,Medium,Neutral,Single,Private,Medium,70
5822,71,13,73,1,3,1.52,9,7,7,6,22,3.8,Low,Moderate,No,High,Male,Medium,Yes,No,Low,High School,Low,Neutral,Single,Private,High,61
5823,95,27,57,1,3,1.8399999999999999,8,7,7,6,19,4.6,Medium,Moderate,Yes,Medium,Female,Medium,Yes,No,High,High School,Medium,Positive,Single,Private,Low,71
5824,76,16,90,0,3,2,7,7,7,5,21,5,Medium,Moderate,No,Low,Male,Medium,Yes,No,Medium,Postgraduate,Medium,Neutral,Single,Public,Medium,65
5825,65,10,55,0,3,2.5600000000000005,7,8,8,5,21,6.4,High,Near,No,Low,Female,Medium,Yes,No,Medium,High School,Low,Neutral,Single,Public,High,59
5826,63,19,78,3,2,1.4800000000000002,6,4,4,8,19,3.7,Medium,Near,Yes,Medium,Male,Medium,Yes,Yes,Low,College,Medium,Neutral,Single,Public,Medium,63
5827,66,20,55,1,3,1.72,6,7,7,5,22,4.3,Medium,Moderate,Yes,High,Female,Medium,Yes,No,Low,Postgraduate,Medium,Negative,In Relationship,Public,High,64
5828,70,21,73,0,4,0.5599999999999999,8,7,7,6,22,5.6,Low,Near,No,High,Male,High,Yes,No,Low,College,Low,Neutral,Single,Public,Medium,63
5829,80,28,64,1,2,2.72,5,8,8,5,21,6.8,High,Moderate,No,Low,Female,Medium,Yes,No,Medium,Postgraduate,High,Neutral,Single,Private,Medium,70
5830,88,19,95,1,3,3.12,5,9,9,5,20,7.8,Medium,Near,Yes,Medium,Male,Medium,Yes,No,Medium,High School,High,Neutral,In Relationship,Public,High,70
5831,99,19,53,1,4,0.45,8,5,5,7,21,4.5,High,Near,Yes,Medium,Male,High,Yes,No,Medium,College,High,Neutral,In Relationship,Private,Medium,72
5832,78,13,82,0,2,0.44000000000000006,7,5,5,7,22,4.4,High,Moderate,No,Low,Female,Medium,Yes,No,High,College,Medium,Neutral,Single,Public,High,65
5833,81,25,85,3,1,1.4800000000000002,7,4,4,8,19,3.7,Medium,Moderate,Yes,Medium,Female,Low,Yes,No,High,Postgraduate,High,Negative,Single,Public,Medium,71
5834,81,21,94,3,1,0.54,7,8,8,5,18,5.4,Medium,Moderate,Yes,Medium,Male,Low,Yes,No,Medium,Postgraduate,High,Neutral,Single,Public,Medium,70
5835,82,17,94,1,3,0.71,10,7,7,6,21,7.1,Low,Moderate,No,High,Female,Medium,Yes,No,Medium,High School,Medium,Neutral,Single,Private,High,66
5836,81,9,99,2,3,2.08,7,8,8,6,21,5.2,Medium,Moderate,Yes,Low,Female,Medium,Yes,No,Medium,High School,Medium,Neutral,In Relationship,Public,Medium,64
5837,60,29,63,0,4,3.24,7,9,9,5,19,8.1,High,Near,No,Low,Male,High,Yes,No,Medium,Postgraduate,Low,Negative,In Relationship,Public,Medium,64
5838,60,13,64,1,4,0.47000000000000003,10,5,5,7,19,4.7,Low,Far,No,Medium,Male,High,Yes,No,Low,College,High,Neutral,Single,Public,Medium,59
5839,64,16,70,5,4,0.45,7,6,6,6,20,4.5,High,Moderate,Yes,Low,Male,High,Yes,No,Medium,High School,Medium,Positive,In Relationship,Public,Low,65
5840,64,22,77,1,3,1.8800000000000001,10,6,6,7,22,4.7,Medium,Moderate,Yes,Low,Male,Medium,Yes,No,Medium,High School,High,Positive,Single,Public,High,66
5841,88,13,68,1,2,0.4,4,5,5,7,22,4,Medium,Near,Yes,High,Female,Medium,Yes,No,High,High School,Medium,Positive,Single,Public,Medium,67
5842,68,11,87,1,4,0.5700000000000001,5,7,7,6,22,5.7,Medium,Far,Yes,Low,Male,High,Yes,Yes,Medium,High School,High,Positive,In Relationship,Public,Medium,62
5843,96,7,50,1,3,0.45999999999999996,6,6,6,6,20,4.6,Low,Near,No,High,Male,Medium,Yes,No,Medium,College,High,Negative,Single,Private,Medium,65
5844,97,24,51,3,2,1.72,8,6,6,7,22,4.3,Medium,Near,Yes,Low,Female,Medium,Yes,No,Medium,Postgraduate,High,Neutral,In Relationship,Public,Medium,73
5845,99,17,86,1,2,2.92,10,9,9,5,19,7.3,Medium,Near,No,Medium,Male,Medium,Yes,No,Low,College,Medium,Positive,In Relationship,Private,Medium,70
5846,98,38,94,2,4,2.32,6,7,7,6,22,5.8,Medium,Near,No,Low,Female,High,Yes,No,Medium,Postgraduate,Low,Negative,Single,Public,Low,75
5847,71,14,89,0,3,1.6800000000000002,8,8,8,5,20,4.2,High,Near,Yes,Medium,Female,Medium,Yes,No,Medium,Postgraduate,High,Neutral,In Relationship,Public,Medium,66
5848,80,14,56,1,3,0.42000000000000004,10,5,5,7,22,4.2,Medium,Moderate,No,Low,Female,Medium,Yes,No,Low,Postgraduate,High,Positive,Single,Public,Medium,65
5849,67,17,97,1,3,1.6,9,6,6,7,19,4,Medium,Moderate,No,Medium,Female,Medium,Yes,No,Medium,Postgraduate,Medium,Neutral,Single,Public,Low,64
5850,92,21,76,2,5,0.4,6,5,5,7,22,4,Low,Near,No,Low,Male,High,Yes,No,Low,College,High,Positive,Single,Public,Medium,70
5851,96,17,87,0,5,1.4400000000000002,8,4,4,8,20,3.6,High,Moderate,Yes,Medium,Male,High,Yes,No,Medium,High School,Medium,Positive,Single,Private,Medium,71
5852,94,24,60,0,3,0.73,8,8,8,5,20,7.3,Medium,Near,No,Medium,Male,Medium,Yes,No,Low,High School,Low,Neutral,In Relationship,Public,Medium,68
5853,77,14,77,1,2,2.3600000000000003,6,8,8,6,20,5.9,Medium,Near,Yes,Low,Male,Medium,Yes,No,Low,College,Medium,Neutral,Single,Private,High,64
5854,90,12,67,2,3,0.36000000000000004,8,5,5,7,21,3.6,High,Near,No,Low,Female,Medium,Yes,No,Low,High School,High,Neutral,Single,Public,Low,67
5855,64,9,99,6,6,0.44000000000000006,6,5,5,7,22,4.4,High,Moderate,Yes,Low,Male,High,Yes,Yes,Medium,High School,Medium,Positive,Single,Public,High,65
5856,62,7,74,3,3,1.6800000000000002,7,7,7,6,19,4.2,Medium,Near,Yes,Medium,Female,Medium,Yes,No,Medium,Postgraduate,High,Neutral,Single,Public,Medium,62
5857,90,17,88,1,1,0.7000000000000001,5,8,8,5,19,7,High,Near,Yes,Medium,Female,Low,Yes,No,Low,College,Low,Negative,In Relationship,Public,Medium,68
5858,77,18,80,1,2,2.2800000000000002,4,7,7,6,20,5.7,Medium,Near,Yes,Medium,Male,Medium,Yes,No,Medium,College,High,Negative,Single,Private,Low,66
5859,100,16,55,1,2,0.33,7,4,4,8,22,3.3,High,Moderate,Yes,Low,Male,Medium,Yes,Yes,High,College,High,Negative,In Relationship,Public,Medium,69
5860,64,27,77,3,4,1.56,7,6,6,7,21,3.9,Medium,Moderate,Yes,High,Male,High,Yes,No,High,High School,Medium,Neutral,Complicated,Public,Medium,68
5861,94,27,77,0,2,1.16,5,5,5,7,19,2.9,Low,Near,No,Medium,Female,Medium,Yes,No,Medium,College,Medium,Positive,In Relationship,Public,High,71
5862,79,18,86,3,4,2.72,8,8,8,5,21,6.8,High,Near,Yes,Low,Female,High,Yes,No,Medium,College,Medium,Neutral,Single,Public,Low,68
5863,93,9,66,0,2,0.41,7,5,5,7,21,4.1,Low,Moderate,Yes,Low,Male,Medium,Yes,No,Medium,College,High,Neutral,In Relationship,Private,Low,64
5864,93,17,93,0,3,0.44000000000000006,8,4,4,8,22,4.4,Medium,Moderate,No,Low,Male,Medium,Yes,No,Low,College,Low,Negative,Single,Public,Medium,66
5865,97,16,81,0,2,2.04,8,7,7,6,21,5.1,Low,Near,Yes,High,Male,Medium,Yes,No,High,High School,Medium,Positive,Single,Private,High,70
5866,72,16,52,1,1,1.72,9,7,7,5,20,4.3,Medium,Moderate,No,Medium,Female,Low,Yes,Yes,Medium,College,Low,Negative,Single,Public,High,60
5867,98,16,85,0,2,1.92,8,7,7,6,21,4.8,Medium,Far,Yes,Low,Male,Medium,Yes,No,Low,College,Medium,Positive,Single,Public,High,69
5868,66,16,95,1,4,0.55,7,8,8,5,20,5.5,Medium,Near,Yes,Medium,Male,High,Yes,No,Low,College,Medium,Positive,Complicated,Public,Medium,65
5869,63,18,84,1,2,0.43,7,5,5,7,22,4.3,High,Near,Yes,Medium,Female,Medium,Yes,No,Medium,High School,High,Neutral,In Relationship,Public,High,66
5870,77,16,69,1,3,2.32,10,7,7,6,21,5.8,Low,Near,No,Medium,Female,Medium,Yes,No,Medium,High School,Medium,Neutral,In Relationship,Private,Medium,64
5871,93,21,80,0,1,1.8399999999999999,8,6,6,7,21,4.6,High,Moderate,No,High,Female,Low,Yes,No,Medium,College,Medium,Positive,Single,Public,High,71
5872,79,22,59,0,3,2.32,7,9,9,5,18,5.8,Low,Near,No,Medium,Male,Medium,Yes,No,Medium,College,High,Positive,Single,Public,Medium,66
5873,93,15,80,0,3,2.8000000000000003,7,9,9,4,19,7,Low,Near,Yes,Low,Female,Medium,Yes,No,Low,High School,Medium,Positive,Single,Public,Medium,66
5874,89,28,75,1,3,1.7600000000000002,6,5,5,7,20,4.4,Medium,Moderate,No,Low,Male,Medium,Yes,No,Medium,High School,Medium,Negative,Single,Private,Low,68
5875,68,14,51,1,5,1.04,5,4,4,8,20,2.6,High,Moderate,No,High,Male,High,Yes,Yes,High,High School,High,Neutral,Single,Public,Medium,63
5876,98,10,66,1,2,2.68,10,9,9,4,19,6.7,Low,Near,Yes,Low,Female,Medium,Yes,No,Low,College,Medium,Negative,Single,Public,High,66
5877,62,22,60,0,2,0.34,8,3,3,8,19,3.4,Medium,Near,No,Medium,Male,Medium,No,No,Low,College,Low,Positive,Single,Public,High,61
5878,96,15,70,4,3,1.72,5,6,6,7,20,4.3,Low,Near,No,Low,Male,Medium,Yes,No,High,College,Medium,Positive,Single,Private,High,70
5879,72,22,62,5,2,0.27999999999999997,7,4,4,8,21,2.8,High,Moderate,Yes,High,Female,Medium,Yes,No,Low,College,Medium,Neutral,In Relationship,Private,Medium,68
5880,80,6,92,5,2,0.51,9,5,5,7,22,5.1,Medium,Moderate,Yes,Low,Male,Medium,Yes,No,Low,Postgraduate,Medium,Neutral,In Relationship,Public,Medium,65
5881,77,28,85,0,1,2.32,6,9,9,5,18,5.8,Medium,Near,No,Low,Female,Low,Yes,No,High,Postgraduate,High,Negative,Single,Public,Medium,69
5882,67,24,87,0,4,1.8800000000000001,6,7,7,6,21,4.7,High,Near,Yes,Medium,Male,High,Yes,No,Low,College,Medium,Positive,Single,Public,Medium,67
5883,74,11,68,0,3,0.49000000000000005,8,5,5,7,24,4.9,Medium,Moderate,No,Medium,Male,Medium,Yes,No,Low,High School,High,Positive,In Relationship,Public,Medium,62
5884,68,11,50,2,4,0.45999999999999996,8,7,7,6,20,4.6,High,Near,Yes,Low,Female,High,Yes,No,Low,High School,Low,Positive,In Relationship,Private,High,61
5885,68,30,61,1,3,0.47000000000000003,6,5,5,7,22,4.7,High,Near,Yes,Medium,Female,Medium,Yes,No,High,Postgraduate,High,Positive,In Relationship,Public,Medium,70
5886,67,16,88,0,3,0.6400000000000001,6,8,8,5,20,6.4,Medium,Near,Yes,High,Male,Medium,Yes,No,Medium,College,High,Neutral,Single,Public,Low,65
5887,80,15,80,1,4,0.35000000000000003,8,5,5,7,21,3.5,Medium,Moderate,No,Low,Female,High,Yes,No,Medium,High School,High,Neutral,Single,Public,Medium,65
5888,92,6,77,1,4,2.32,5,9,9,5,19,5.8,Medium,Near,Yes,Low,Male,High,Yes,No,Medium,High School,Medium,Positive,Complicated,Public,High,66
5889,83,18,64,1,3,0.5900000000000001,6,7,7,6,24,5.9,High,Near,Yes,Medium,Female,Medium,No,No,Low,High School,Medium,Negative,Single,Private,High,66
5890,96,19,54,1,3,2.84,7,9,9,5,19,7.1,Medium,Near,Yes,Low,Male,Medium,Yes,No,High,College,Medium,Neutral,In Relationship,Public,Medium,69
5891,85,24,89,1,3,0.41,8,5,5,7,21,4.1,High,Moderate,No,Low,Female,Medium,Yes,No,Medium,High School,High,Neutral,In Relationship,Public,Medium,70
5892,88,12,52,1,1,2.16,6,8,8,5,18,5.4,Medium,Near,No,Medium,Male,Low,No,No,Low,High School,High,Negative,Complicated,Public,High,63
5893,87,11,53,1,3,2.8000000000000003,8,9,9,4,19,7,Medium,Near,No,Medium,Female,Medium,Yes,No,High,High School,Low,Positive,In Relationship,Public,Medium,64
5894,78,23,65,1,2,0.45,9,6,6,7,22,4.5,Low,Far,No,Low,Female,Medium,Yes,Yes,High,College,High,Neutral,In Relationship,Public,High,65
5895,88,26,79,1,4,1.8800000000000001,6,5,5,7,19,4.7,Medium,Far,Yes,Low,Male,High,Yes,No,Medium,High School,High,Neutral,In Relationship,Public,High,71
5896,63,11,100,0,3,1.4000000000000001,10,5,5,7,19,3.5,Medium,Far,Yes,Medium,Female,Medium,Yes,No,High,High School,Medium,Neutral,Single,Public,Medium,61
5897,94,26,55,2,3,1.56,9,6,6,7,20,3.9,Low,Near,Yes,High,Male,Medium,Yes,No,Low,High School,Low,Neutral,Single,Public,Medium,69
5898,91,20,74,1,4,2.2800000000000002,7,7,7,6,21,5.7,Medium,Moderate,No,Medium,Male,High,Yes,No,Medium,High School,High,Neutral,Single,Public,Medium,69
5899,70,27,80,1,3,1.2400000000000002,7,4,4,8,19,3.1,Medium,Near,No,Low,Female,Medium,Yes,No,Low,High School,Medium,Neutral,Single,Public,Medium,66
5900,91,20,91,3,2,0.58,6,7,7,6,19,5.8,Medium,Near,No,High,Male,Medium,Yes,No,Medium,High School,High,Neutral,Single,Public,High,72
5901,61,5,84,1,3,2.12,9,7,7,5,19,5.3,Medium,Near,No,Medium,Male,Medium,Yes,No,High,College,High,Neutral,Single,Public,Medium,60
5902,69,19,90,0,1,2.72,7,9,9,4,23,6.8,Low,Near,No,Low,Male,Low,Yes,No,Medium,College,Low,Neutral,Single,Public,Medium,62
5903,63,26,76,3,5,0.6000000000000001,5,8,8,5,21,6,Medium,Near,Yes,Medium,Female,High,Yes,Yes,Medium,High School,Medium,Neutral,In Relationship,Public,High,66
5904,91,15,72,1,2,1.8,4,5,5,7,20,4.5,High,Near,Yes,High,Male,Medium,Yes,No,Low,High School,Medium,Neutral,Single,Private,High,69
5905,90,18,81,2,3,2.3600000000000003,7,7,7,6,24,5.9,Medium,Moderate,No,Medium,Male,Medium,Yes,No,Medium,Postgraduate,High,Negative,Single,Public,Low,69
5906,93,19,95,3,3,3.3600000000000003,7,9,9,5,20,8.4,High,Near,No,Medium,Female,Medium,Yes,No,Low,High School,Medium,Negative,In Relationship,Private,Medium,71
5907,60,3,78,1,1,2.12,6,8,8,6,22,5.3,Low,Near,Yes,Low,Female,Low,Yes,No,Low,Postgraduate,Medium,Positive,In Relationship,Public,Medium,57
5908,80,30,80,0,4,2.16,5,7,7,5,21,5.4,High,Near,No,Low,Female,High,Yes,No,Medium,Postgraduate,High,Positive,Single,Private,Medium,72
5909,88,15,67,1,4,0.5,4,6,6,6,20,5,Medium,Far,Yes,Medium,Female,High,Yes,No,Medium,High School,Low,Positive,In Relationship,Private,High,66
5910,66,23,80,1,3,1.9600000000000002,6,8,8,5,19,4.9,Medium,Near,Yes,Medium,Female,Medium,Yes,No,Medium,College,Medium,Positive,Single,Public,Medium,66
5911,86,19,81,3,3,0.61,6,8,8,5,20,6.1,Medium,Near,No,Medium,Male,Medium,Yes,No,Medium,College,Medium,Neutral,Single,Public,High,70
5912,63,28,88,2,2,0.30000000000000004,8,4,4,8,21,3,Medium,Near,No,Low,Male,Medium,Yes,No,Medium,High School,Medium,Positive,In Relationship,Public,High,67
5913,67,22,79,1,3,1.6800000000000002,7,7,7,6,19,4.2,Medium,Moderate,Yes,Medium,Female,Medium,Yes,No,Medium,College,Medium,Neutral,Single,Private,Low,65
5914,79,19,60,1,3,0.49000000000000005,9,6,6,7,21,4.9,Medium,Near,Yes,Low,Female,Medium,Yes,Yes,Low,High School,Medium,Neutral,In Relationship,Public,Medium,63
5915,86,15,79,3,3,0.6200000000000001,8,8,8,5,22,6.2,Low,Near,No,Low,Female,Medium,Yes,No,Medium,College,High,Positive,In Relationship,Public,Medium,68
5916,66,25,65,0,3,0.5900000000000001,8,7,7,6,24,5.9,Medium,Near,Yes,Medium,Male,Medium,Yes,Yes,Medium,High School,Low,Positive,Single,Public,Medium,63
5917,67,9,54,3,5,0.61,8,7,7,6,21,6.1,High,Moderate,Yes,Medium,Male,High,Yes,No,Medium,College,Medium,Positive,Single,Private,High,63
5918,68,24,91,1,4,1.4400000000000002,5,4,4,8,20,3.6,Medium,Near,Yes,High,Female,High,Yes,No,High,College,Medium,Negative,Single,Public,Medium,68
5919,70,13,53,2,0,2.08,6,6,6,6,23,5.2,Medium,Moderate,Yes,Low,Female,Low,Yes,Yes,Medium,College,Medium,Negative,In Relationship,Public,Medium,60
5920,69,28,82,0,2,1.9600000000000002,10,8,8,6,22,4.9,Medium,Near,No,Medium,Female,Medium,Yes,No,High,High School,Medium,Neutral,In Relationship,Private,Medium,67
5921,76,21,99,0,3,0.27999999999999997,4,4,4,8,22,2.8,Low,Far,Yes,Low,Male,Medium,Yes,No,High,College,Low,Positive,Complicated,Public,Low,65
5922,86,24,54,0,2,2.52,7,8,8,5,22,6.3,Low,Near,Yes,Low,Male,Medium,Yes,No,Medium,College,High,Neutral,Single,Public,High,68
5923,78,20,61,0,2,0.25,8,4,4,8,23,2.5,Low,Moderate,No,Medium,Female,Medium,Yes,Yes,Medium,High School,Medium,Neutral,In Relationship,Public,Medium,62
5924,91,9,88,2,4,1.64,4,7,7,6,21,4.1,Low,Near,No,Medium,Female,High,Yes,Yes,Low,Postgraduate,Medium,Neutral,Single,Public,Medium,65
5925,89,15,55,1,3,2.12,6,8,8,6,22,5.3,Medium,Near,Yes,Low,Male,Medium,Yes,No,High,High School,Medium,Positive,In Relationship,Private,Medium,66
5926,65,24,92,3,4,1.72,10,6,6,7,20,4.3,Medium,Near,Yes,Medium,Male,High,Yes,No,Low,High School,Medium,Neutral,Single,Public,High,67
5927,62,21,50,1,2,1.6800000000000002,7,5,5,8,21,4.2,High,Moderate,Yes,High,Female,Medium,No,No,Low,High School,Low,Negative,In Relationship,Public,Medium,60
5928,95,27,94,2,4,1.8,6,7,7,6,21,4.5,High,Far,Yes,Medium,Female,High,Yes,No,High,Postgraduate,Low,Neutral,Single,Public,Medium,74
5929,63,22,53,1,4,0.32000000000000006,7,5,5,7,22,3.2,Low,Near,Yes,High,Male,High,Yes,No,Medium,High School,Low,Neutral,In Relationship,Public,Medium,62
5930,66,14,96,0,3,1.52,6,4,4,8,20,3.8,Medium,Moderate,Yes,High,Male,Medium,Yes,No,Low,College,Low,Negative,Single,Public,Medium,61
5931,61,15,93,0,4,1.8399999999999999,10,7,7,5,19,4.6,Medium,Near,No,Medium,Male,High,Yes,No,High,High School,Medium,Neutral,Single,Public,High,63
5932,85,21,77,2,3,0.5599999999999999,6,8,8,5,18,5.6,Low,Far,No,Low,Male,Medium,Yes,No,Medium,College,Medium,Neutral,Single,Public,Medium,66
5933,83,6,89,1,4,2.84,6,8,8,5,20,7.1,Medium,Near,No,Low,Female,High,Yes,No,Medium,Postgraduate,Medium,Positive,In Relationship,Public,Medium,65
5934,99,30,54,0,3,1.8399999999999999,5,8,8,5,20,4.6,Medium,Near,No,Medium,Male,Medium,Yes,No,Medium,Postgraduate,Low,Positive,In Relationship,Private,Medium,72
5935,95,23,57,1,2,0.53,7,7,7,6,21,5.3,Medium,Near,No,Low,Female,Medium,Yes,No,Medium,High School,High,Neutral,In Relationship,Private,Medium,70
5936,76,27,68,1,3,0.31000000000000005,7,4,4,8,22,3.1,High,Moderate,Yes,Medium,Female,Medium,Yes,No,Medium,Postgraduate,High,Neutral,In Relationship,Public,Medium,71
5937,75,11,77,1,2,0.42000000000000004,9,4,4,7,22,4.2,High,Moderate,Yes,High,Male,Medium,No,Yes,Medium,College,High,Neutral,In Relationship,Private,High,64
5938,72,27,93,1,2,1.8,5,8,8,6,22,4.5,High,Near,No,High,Male,Medium,Yes,No,Low,College,Medium,Positive,In Relationship,Public,Medium,70
5939,66,33,77,2,3,1.8800000000000001,8,7,7,5,20,4.7,Medium,Near,No,Medium,Male,Medium,Yes,No,Medium,High School,Medium,Neutral,Single,Public,Low,68
5940,66,12,83,1,3,2.2399999999999998,7,7,7,6,24,5.6,High,Near,Yes,Medium,Male,Medium,No,No,Medium,High School,Low,Neutral,Single,Public,Medium,61
5941,65,25,84,1,2,1.52,4,6,6,7,19,3.8,Medium,Near,Yes,High,Male,Medium,Yes,No,High,High School,High,Positive,Single,Public,Medium,68
5942,65,20,94,1,2,0.33,6,3,3,8,19,3.3,Medium,Near,No,Low,Female,Medium,Yes,No,Medium,Postgraduate,Low,Positive,Single,Public,High,64
5943,70,11,89,2,4,1.4000000000000001,6,5,5,7,19,3.5,High,Near,Yes,Medium,Female,High,Yes,No,Low,High School,Medium,Positive,In Relationship,Public,Medium,64
5944,72,23,99,2,4,0.54,10,7,7,6,24,5.4,High,Near,Yes,Medium,Female,High,Yes,No,Medium,Postgraduate,Medium,Neutral,In Relationship,Private,High,71
5945,98,25,51,0,2,1.8399999999999999,8,7,7,6,22,4.6,High,Moderate,Yes,Medium,Female,Medium,Yes,No,Medium,College,Medium,Positive,Single,Private,Medium,72
5946,83,16,60,0,1,1.4400000000000002,7,6,6,7,19,3.6,Medium,Moderate,Yes,High,Female,Low,Yes,No,Medium,College,Medium,Positive,Single,Public,Medium,66
5947,100,27,97,4,3,1.7600000000000002,4,7,7,5,19,4.4,Medium,Near,Yes,Low,Female,Medium,Yes,No,Low,High School,Low,Positive,Single,Public,High,74
5948,75,10,90,3,3,0.42000000000000004,4,6,6,7,21,4.2,Medium,Moderate,Yes,Medium,Male,Medium,Yes,Yes,Medium,Postgraduate,Medium,Positive,In Relationship,Public,High,65
5949,78,11,63,1,3,0.24,8,4,4,8,24,2.4,High,Near,No,Low,Female,Medium,Yes,No,Low,High School,High,Neutral,Complicated,Public,Medium,64
5950,73,21,99,1,4,1.52,8,7,7,6,22,3.8,Medium,Moderate,Yes,Medium,Male,High,Yes,No,Medium,College,High,Positive,Single,Public,High,69
5951,67,20,93,1,3,1.4800000000000002,6,6,6,7,20,3.7,Medium,Near,No,Low,Male,Medium,No,Yes,Low,College,Medium,Negative,Single,Public,Medium,62
5952,66,16,53,2,2,2.12,7,7,7,6,21,5.3,Medium,Moderate,Yes,Medium,Male,Medium,Yes,No,High,Postgraduate,Medium,Negative,Single,Public,Medium,62
5953,98,25,91,2,3,0.49000000000000005,7,6,6,6,20,4.9,Low,Near,Yes,Low,Female,Medium,Yes,No,Medium,Postgraduate,Low,Positive,Single,Public,Low,72
5954,99,23,89,1,3,2.12,7,8,8,5,19,5.3,High,Near,No,Medium,Female,Medium,Yes,No,High,High School,Medium,Neutral,Single,Public,Medium,73
5955,62,25,61,1,4,2.9600000000000004,6,9,9,5,20,7.4,Low,Moderate,No,Medium,Female,High,Yes,No,High,Postgraduate,Medium,Positive,In Relationship,Public,Medium,64
5956,66,19,83,2,3,1.7600000000000002,8,5,5,7,20,4.4,Medium,Near,No,Medium,Female,Medium,Yes,No,Medium,High School,Medium,Neutral,In Relationship,Public,High,65
5957,77,24,99,1,1,0.58,9,7,7,6,22,5.8,High,Near,Yes,Low,Male,Low,Yes,No,Medium,High School,High,Positive,Single,Public,Medium,70
5958,67,17,84,1,3,0.22000000000000003,6,3,3,8,24,2.2,Medium,Moderate,Yes,High,Female,Medium,Yes,No,High,Postgraduate,Medium,Neutral,Single,Public,High,66
5959,75,32,91,1,2,1.8800000000000001,5,7,7,6,19,4.7,High,Moderate,No,High,Female,Medium,Yes,No,Low,College,Low,Positive,In Relationship,Public,Medium,70
5960,65,15,55,2,3,0.41,6,5,5,7,21,4.1,High,Near,Yes,Medium,Female,Medium,Yes,No,Low,High School,Medium,Positive,Single,Private,Medium,63
5961,78,33,86,1,4,1.92,7,7,7,6,22,4.8,Low,Near,No,Low,Male,High,Yes,No,Medium,High School,Low,Positive,Single,Public,High,69
5962,71,20,60,0,2,0.45999999999999996,8,5,5,7,22,4.6,Medium,Near,Yes,Medium,Male,Medium,Yes,No,Low,High School,High,Neutral,In Relationship,Public,Medium,64
5963,74,12,54,2,5,1.9600000000000002,8,7,7,6,21,4.9,Medium,Moderate,No,Medium,Female,High,Yes,No,Medium,Postgraduate,Low,Positive,Single,Private,Medium,63
5964,64,28,78,2,3,1.7600000000000002,8,5,5,7,20,4.4,Medium,Near,No,Medium,Male,Medium,Yes,No,Low,Postgraduate,Medium,Negative,In Relationship,Private,Medium,66
5965,77,21,88,2,1,1.72,8,5,5,7,19,4.3,Medium,Moderate,Yes,High,Female,Low,Yes,No,Low,College,Medium,Positive,In Relationship,Private,Medium,68
5966,99,25,77,0,3,1.8,7,8,8,5,19,4.5,Medium,Near,Yes,High,Male,Medium,Yes,No,Medium,High School,Medium,Neutral,Single,Public,High,97
5967,73,27,97,2,1,1.56,9,6,6,7,20,3.9,Low,Near,No,Medium,Female,Low,Yes,No,Medium,High School,Low,Neutral,Complicated,Public,High,67
5968,95,22,85,0,4,1.8800000000000001,7,6,6,7,22,4.7,Medium,Near,No,Medium,Male,High,Yes,No,Medium,College,Medium,Positive,Single,Private,Medium,71
5969,94,16,56,2,2,1.8399999999999999,8,5,5,8,21,4.6,Low,Near,Yes,Low,Female,Medium,Yes,No,Low,College,Low,Positive,In Relationship,Public,High,66
5970,98,26,97,2,2,2.08,7,7,7,6,22,5.2,Low,Moderate,Yes,Low,Male,Medium,Yes,Yes,Medium,Postgraduate,Medium,Neutral,Single,Public,Medium,72
5971,92,20,58,2,4,2.2800000000000002,7,8,8,6,20,5.7,Medium,Near,Yes,Low,Female,High,Yes,No,Low,Postgraduate,High,Neutral,Single,Public,Low,70
5972,86,24,88,1,3,0.45999999999999996,7,5,5,7,21,4.6,Medium,Far,Yes,Low,Male,Medium,Yes,No,Medium,High School,Medium,Neutral,In Relationship,Public,Medium,69
5973,94,7,57,2,3,1.9600000000000002,9,5,5,7,23,4.9,Low,Near,Yes,Medium,Female,Medium,Yes,No,High,Postgraduate,Medium,Negative,In Relationship,Public,Medium,66
5974,63,23,100,2,3,1.56,7,7,7,6,20,3.9,High,Near,No,Medium,Female,Medium,Yes,No,Low,Postgraduate,High,Positive,Single,Private,High,69
5975,79,16,67,2,3,2.8000000000000003,6,8,8,5,19,7,Medium,Near,Yes,Medium,Male,Medium,No,No,Low,College,Medium,Positive,In Relationship,Private,High,65
5976,100,30,75,0,4,2.16,6,7,7,6,20,5.4,High,Moderate,No,Low,Female,High,Yes,No,Medium,College,High,Neutral,In Relationship,Public,Medium,75
5977,91,24,73,2,2,1.6800000000000002,8,7,7,6,20,4.2,Medium,Moderate,No,Low,Male,Medium,Yes,No,Medium,Postgraduate,Low,Positive,Complicated,Private,High,70
5978,98,21,55,1,3,1.92,6,6,6,7,19,4.8,Low,Near,Yes,Medium,Male,Medium,Yes,No,Low,High School,High,Positive,Single,Public,Medium,70
5979,91,23,75,2,2,0.45999999999999996,7,5,5,7,20,4.6,High,Far,Yes,Low,Male,Medium,Yes,No,Low,High School,Medium,Negative,Single,Public,High,69
5980,95,14,57,2,2,1.52,7,7,7,6,22,3.8,Medium,Near,No,Low,Female,Medium,Yes,No,Medium,College,High,Neutral,Single,Public,Low,68
5981,88,30,90,4,2,1.6,6,5,5,7,18,4,Medium,Moderate,Yes,High,Male,Medium,Yes,No,High,College,Low,Negative,Single,Private,Medium,73
5982,90,32,98,0,3,0.5900000000000001,5,8,8,5,21,5.9,Medium,Moderate,Yes,Medium,Male,Medium,Yes,No,High,College,Medium,Neutral,In Relationship,Public,High,74
5983,81,22,90,0,2,1.92,5,6,6,7,19,4.8,Low,Moderate,No,High,Female,Medium,Yes,No,Medium,College,Low,Positive,Single,Public,Medium,66
5984,97,30,72,1,2,2.72,6,9,9,5,20,6.8,Medium,Far,Yes,Low,Female,Medium,Yes,No,High,High School,High,Positive,In Relationship,Public,High,74
5985,93,17,50,3,2,1.4800000000000002,5,5,5,7,21,3.7,Low,Moderate,Yes,High,Male,Medium,Yes,No,Low,High School,Medium,Positive,In Relationship,Public,Medium,67
5986,94,15,52,1,2,2.2800000000000002,8,7,7,6,21,5.7,Medium,Far,Yes,Medium,Female,Medium,Yes,No,Low,College,High,Positive,Single,Private,Medium,67
5987,87,20,75,3,2,2.2,10,7,7,6,21,5.5,High,Near,No,Medium,Female,Medium,Yes,No,Low,College,Medium,Neutral,Single,Private,Medium,70
5988,72,23,84,1,2,1.16,6,4,4,8,19,2.9,High,Near,Yes,High,Male,Medium,Yes,No,Medium,High School,Low,Neutral,Single,Public,High,67
5989,61,18,91,3,3,0.6400000000000001,6,7,7,6,22,6.4,Low,Moderate,Yes,Medium,Female,Medium,Yes,No,High,College,Medium,Positive,Single,Public,High,80
5990,97,23,80,1,2,0.49000000000000005,6,5,5,7,19,4.9,High,Moderate,Yes,Low,Male,Medium,Yes,No,Low,College,Medium,Negative,Single,Public,Low,70
5991,83,22,99,4,4,0.66,8,7,7,6,22,6.6,Medium,Near,No,High,Female,High,Yes,Yes,Low,High School,High,Negative,Single,Public,High,71
5992,72,14,75,4,2,2.08,8,8,8,6,19,5.2,Low,Near,No,High,Male,Medium,Yes,Yes,High,College,Medium,Positive,In Relationship,Private,Medium,64
5993,66,23,80,1,3,2.08,7,8,8,5,21,5.2,High,Moderate,Yes,Medium,Female,Medium,Yes,No,Medium,College,High,Positive,In Relationship,Public,Medium,68
5994,93,25,62,0,3,1.4000000000000001,5,7,7,6,20,3.5,Medium,Far,No,Low,Male,Medium,Yes,No,Medium,High School,Medium,Neutral,Single,Public,Medium,68
5995,93,21,67,1,3,1.8800000000000001,6,8,8,6,22,4.7,Medium,Near,Yes,High,Female,Medium,No,No,Medium,High School,Medium,Positive,In Relationship,Public,Medium,69
5996,93,27,84,1,2,0.65,7,8,8,5,20,6.5,Low,Near,Yes,Medium,Male,Medium,Yes,No,Low,Postgraduate,High,Neutral,Single,Private,Medium,72
5997,86,13,80,0,5,1.64,7,5,5,7,19,4.1,Medium,Near,No,Low,Male,High,Yes,No,Medium,College,Medium,Negative,In Relationship,Private,Medium,65
5998,75,23,68,1,4,2,7,7,7,5,21,5,Low,Near,Yes,High,Male,High,Yes,Yes,Medium,High School,Low,Neutral,Single,Private,Low,64
5999,72,13,56,1,4,2.2,8,8,8,6,20,5.5,High,Moderate,No,Low,Female,High,Yes,No,Low,Postgraduate,Medium,Positive,In Relationship,Public,High,64
6000,60,13,67,1,4,1.4800000000000002,5,4,4,8,19,3.7,Medium,Far,No,Low,Male,High,Yes,Yes,High,High School,Low,Positive,Single,Public,Medium,58
6001,93,16,52,2,3,1,7,4,4,8,19,2.5,Medium,Near,Yes,Medium,Male,Medium,Yes,No,Low,High School,High,Neutral,Single,Public,High,69
6002,63,14,79,1,3,0.6200000000000001,7,8,8,5,22,6.2,Low,Near,No,Low,Male,Medium,Yes,No,Medium,High School,High,Neutral,Single,Public,Medium,61
6003,85,17,66,0,2,0.63,6,8,8,5,23,6.3,High,Moderate,Yes,Medium,Female,Medium,Yes,No,Medium,College,High,Neutral,Single,Public,High,68
6004,80,19,69,1,4,0.75,6,8,8,5,21,7.5,Medium,Near,Yes,Low,Male,High,Yes,Yes,Low,College,High,Neutral,In Relationship,Private,Low,66
6005,81,25,79,1,4,0.6000000000000001,8,7,7,6,22,6,Medium,Near,No,Medium,Female,High,Yes,No,Low,College,Medium,Neutral,Single,Public,Medium,68
6006,97,18,79,2,3,1.7600000000000002,5,7,7,6,22,4.4,High,Moderate,No,Low,Male,Medium,Yes,No,Low,College,Low,Positive,Single,Public,High,70
6007,61,10,79,4,2,0.5,10,5,5,7,20,5,Low,Moderate,Yes,High,Male,Medium,Yes,Yes,Medium,College,High,Positive,Single,Public,High,62
6008,91,27,75,2,3,1.6800000000000002,8,5,5,8,21,4.2,Medium,Near,No,Medium,Male,Medium,Yes,No,Low,High School,Medium,Neutral,In Relationship,Private,High,71
6009,62,15,74,0,3,3.12,7,9,9,5,20,7.8,Medium,Moderate,No,Low,Female,Medium,Yes,No,High,Postgraduate,Medium,Negative,In Relationship,Public,High,61
6010,62,20,91,1,3,0.32000000000000006,7,5,5,7,22,3.2,Medium,Near,Yes,Medium,Male,Medium,Yes,No,Low,College,High,Negative,In Relationship,Public,Low,64
6011,77,23,73,1,2,1.8399999999999999,8,6,6,7,21,4.6,Low,Near,No,Low,Male,Medium,Yes,No,Medium,College,Medium,Positive,Single,Public,Low,65
6012,63,21,77,3,1,2,6,8,8,6,21,5,Medium,Near,Yes,Medium,Male,Low,Yes,No,Low,High School,Low,Negative,In Relationship,Public,High,63
6013,92,27,99,4,3,0.47000000000000003,6,8,8,5,22,4.7,Medium,Near,Yes,Low,Female,Medium,Yes,No,Low,High School,High,Positive,Single,Private,Low,74
6014,81,23,59,2,2,2.2399999999999998,9,7,7,6,20,5.6,High,Near,No,Medium,Male,Medium,Yes,No,Low,College,Medium,Neutral,Single,Public,High,68
6015,61,15,86,2,3,2.32,6,7,7,6,22,5.8,Medium,Near,Yes,High,Female,Medium,Yes,No,High,High School,High,Neutral,Single,Public,High,65
6016,62,33,74,2,2,0.42000000000000004,7,6,6,6,20,4.2,Medium,Moderate,No,Medium,Male,Medium,Yes,No,Low,College,Medium,Neutral,Single,Public,Medium,66
6017,85,21,92,1,2,0.7000000000000001,6,8,8,5,22,7,High,Moderate,Yes,Medium,Male,Medium,Yes,Yes,Medium,High School,Medium,Neutral,In Relationship,Public,High,69
6018,92,19,70,2,2,1.56,7,5,5,7,20,3.9,Medium,Near,Yes,High,Male,Medium,Yes,No,Low,College,Low,Positive,Single,Private,Medium,69
6019,78,26,65,3,3,1.6,8,7,7,6,19,4,Medium,Near,No,Medium,Female,Medium,Yes,No,Medium,College,High,Positive,Single,Public,Medium,70
6020,82,21,60,3,4,1.8800000000000001,10,7,7,6,19,4.7,Medium,Near,Yes,High,Female,High,Yes,No,High,High School,Medium,Positive,Complicated,Public,High,70
6021,92,22,94,1,3,1.8800000000000001,6,7,7,5,20,4.7,Medium,Near,Yes,Medium,Male,Medium,Yes,No,Medium,High School,Medium,Positive,Single,Public,Medium,71
6022,84,35,86,1,3,0.49000000000000005,5,7,7,6,20,4.9,Medium,Near,No,Medium,Female,Medium,Yes,No,Medium,High School,Medium,Neutral,Complicated,Public,Medium,72
6023,69,18,54,1,4,1.4000000000000001,7,5,5,7,19,3.5,Low,Moderate,No,Low,Male,High,Yes,No,Medium,High School,Medium,Neutral,Single,Public,High,61
6024,85,18,86,1,3,1.72,6,5,5,7,23,4.3,High,Near,Yes,Medium,Female,Medium,No,No,High,High School,Medium,Neutral,In Relationship,Private,Medium,68
6025,85,21,52,3,3,2.44,7,8,8,5,20,6.1,Low,Near,Yes,Low,Male,Medium,Yes,No,Medium,High School,Medium,Neutral,Single,Private,Medium,66
6026,89,26,59,1,4,0.41,8,5,5,7,22,4.1,Medium,Near,Yes,Low,Male,High,Yes,No,Low,High School,Medium,Neutral,Single,Public,High,70
6027,85,11,80,0,3,1.6,10,4,4,8,22,4,Low,Near,No,Low,Female,Medium,No,No,Low,College,Medium,Positive,Single,Public,High,63
6028,99,8,73,1,3,0.7000000000000001,6,7,7,6,22,7,High,Far,Yes,Medium,Female,Medium,Yes,No,Medium,High School,Medium,Positive,Single,Public,Medium,68
6029,68,16,92,1,4,1.4400000000000002,4,7,7,6,19,3.6,Medium,Near,Yes,Medium,Male,High,No,No,Medium,College,Low,Negative,Single,Public,Medium,62
6030,98,10,80,3,3,2.2800000000000002,7,8,8,5,19,5.7,High,Near,No,Medium,Male,Medium,Yes,No,Low,College,Medium,Neutral,In Relationship,Private,Medium,69
6031,82,17,98,3,4,0.36000000000000004,8,3,3,8,19,3.6,Medium,Moderate,Yes,Medium,Male,High,Yes,No,Medium,High School,Medium,Positive,Single,Public,High,69
6032,87,23,93,1,4,2,6,6,6,7,20,5,Low,Near,Yes,High,Female,High,Yes,No,Medium,Postgraduate,Medium,Positive,Single,Private,High,72
6033,64,15,67,2,3,0.41,7,5,5,7,21,4.1,Medium,Near,Yes,Low,Male,Medium,Yes,No,Medium,High School,High,Positive,Single,Public,High,64
6034,75,11,92,2,4,0.29,7,4,4,8,22,2.9,Medium,Moderate,No,Low,Female,High,No,No,Medium,College,Low,Positive,In Relationship,Public,High,63
6035,91,20,93,1,3,3.3600000000000003,7,9,9,5,20,8.4,Medium,Moderate,Yes,Low,Male,Medium,Yes,No,High,Postgraduate,Medium,Negative,In Relationship,Public,Medium,70
6036,88,25,98,1,4,1.8800000000000001,8,5,5,7,19,4.7,Medium,Near,Yes,Low,Male,High,No,No,Low,Postgraduate,Low,Neutral,In Relationship,Private,Low,69
6037,62,10,51,1,2,1.4000000000000001,7,5,5,7,19,3.5,High,Near,No,Medium,Male,Medium,Yes,No,Medium,High School,High,Positive,In Relationship,Private,High,61
6038,82,25,94,2,3,2.5600000000000005,8,9,9,4,19,6.4,High,Moderate,No,Low,Male,Medium,Yes,No,Low,High School,High,Neutral,Single,Public,Medium,70
6039,64,25,53,1,2,2.72,4,8,8,5,19,6.8,Medium,Near,Yes,Medium,Male,Medium,Yes,No,Low,College,Medium,Neutral,In Relationship,Public,Medium,64
6040,100,26,76,0,4,2,6,7,7,6,20,5,High,Near,Yes,Medium,Male,High,Yes,No,High,Postgraduate,High,Negative,In Relationship,Public,High,76
6041,96,27,71,2,2,2.2800000000000002,6,7,7,6,20,5.7,Medium,Near,Yes,Medium,Female,Medium,Yes,No,Medium,College,Medium,Neutral,Single,Public,Medium,73
6042,61,33,96,2,3,2.8800000000000003,5,9,9,5,20,7.2,Low,Near,Yes,Medium,Male,Medium,Yes,No,Medium,High School,Low,Negative,In Relationship,Public,Medium,67
6043,94,18,70,2,3,1.92,7,7,7,6,21,4.8,Medium,Near,Yes,Medium,Female,Medium,No,No,Medium,College,Medium,Negative,Single,Public,High,69
6044,97,21,80,2,4,1.9600000000000002,6,7,7,6,21,4.9,Medium,Near,Yes,Medium,Male,High,Yes,No,Low,College,Medium,Positive,Single,Private,Medium,72
6045,74,18,85,4,3,2.2800000000000002,6,8,8,6,20,5.7,Medium,Moderate,No,Medium,Female,Medium,Yes,No,Medium,College,Medium,Negative,Single,Private,Medium,66
6046,89,20,51,3,3,2.64,8,8,8,5,24,6.6,Medium,Near,Yes,Medium,Female,Medium,Yes,No,Medium,Postgraduate,Medium,Positive,Single,Public,High,70
6047,78,29,80,2,4,0.8800000000000001,7,4,4,8,20,2.2,High,Near,Yes,Medium,Female,High,Yes,No,Medium,Postgraduate,Medium,Positive,Single,Public,Medium,73
6048,86,12,76,2,3,2.2,5,8,8,5,22,5.5,Medium,Near,Yes,High,Female,Medium,No,No,Low,Postgraduate,High,Positive,Single,Public,Medium,68
6049,74,15,80,2,3,2.44,6,8,8,5,20,6.1,High,Moderate,No,High,Male,Medium,Yes,No,Medium,Postgraduate,Medium,Negative,Single,Public,Medium,66
6050,73,28,54,4,1,1.36,8,5,5,7,20,3.4,Medium,Near,Yes,Medium,Female,Low,Yes,No,Medium,High School,Low,Neutral,In Relationship,Private,Medium,67
6051,77,26,53,3,3,1.8,7,8,8,5,19,4.5,Low,Near,No,Medium,Female,Medium,No,No,High,High School,Medium,Positive,Single,Private,High,67
6052,66,18,59,0,3,1.8800000000000001,9,7,7,6,19,4.7,High,Near,Yes,Low,Male,Medium,No,No,Medium,High School,Medium,Positive,In Relationship,Private,Medium,62
6053,93,25,93,2,3,2.8000000000000003,8,9,9,4,19,7,Medium,Near,No,Medium,Male,Medium,Yes,No,Medium,College,Low,Positive,In Relationship,Public,Medium,72
6054,74,22,68,0,4,0.39,6,5,5,7,21,3.9,High,Far,Yes,Medium,Male,High,Yes,No,Medium,High School,Low,Positive,Single,Public,Low,65
6055,76,29,72,1,3,2.6,9,9,9,5,18,6.5,Low,Near,Yes,High,Male,Medium,Yes,No,Medium,High School,Medium,Positive,Single,Public,Medium,69
6056,96,20,70,2,2,0.63,9,8,8,5,21,6.3,High,Near,No,Low,Male,Medium,Yes,Yes,Medium,High School,Medium,Positive,In Relationship,Public,Low,69
6057,80,26,86,0,4,2.8000000000000003,4,8,8,5,19,7,Medium,Moderate,Yes,Low,Male,High,No,No,Medium,College,High,Positive,In Relationship,Public,Medium,69
6058,82,36,63,0,3,0.66,7,7,7,6,22,6.6,Low,Near,Yes,Medium,Male,Medium,Yes,No,Medium,High School,Low,Positive,Single,Private,Medium,69
6059,98,24,53,1,2,0.35000000000000003,6,3,3,8,19,3.5,Medium,Near,Yes,Medium,Female,Medium,Yes,No,Medium,High School,Low,Neutral,Single,Public,Low,69
6060,95,20,69,0,3,0.6200000000000001,7,8,8,5,19,6.2,High,Near,Yes,Medium,Male,Medium,Yes,No,Low,High School,Medium,Neutral,Single,Public,High,70
6061,67,24,86,6,3,1.2800000000000002,6,4,4,8,20,3.2,Low,Moderate,No,Low,Female,Medium,Yes,Yes,Medium,Postgraduate,High,Positive,Single,Private,Medium,67
6062,79,18,96,3,3,2.5600000000000005,6,8,8,5,19,6.4,High,Near,Yes,Medium,Male,Medium,Yes,Yes,Medium,Postgraduate,Medium,Positive,Single,Public,Low,69
6063,99,34,53,0,5,1.6800000000000002,8,7,7,6,22,4.2,Medium,Near,Yes,Medium,Male,High,Yes,No,Medium,College,Medium,Neutral,Single,Public,High,75
6064,75,21,91,2,3,0.45,5,5,5,7,21,4.5,Medium,Near,Yes,Low,Male,Medium,Yes,No,Medium,High School,Low,Neutral,In Relationship,Public,Low,66
6065,75,18,53,0,2,0.47000000000000003,7,6,6,6,20,4.7,Low,Near,Yes,High,Male,Medium,Yes,No,Medium,High School,Medium,Neutral,In Relationship,Public,High,63
6066,68,15,67,3,4,0.45999999999999996,5,7,7,6,21,4.6,Medium,Moderate,Yes,Medium,Male,High,Yes,No,Medium,Postgraduate,Medium,Negative,Single,Private,High,64
6067,65,27,51,2,2,1.36,9,5,5,7,20,3.4,Medium,Moderate,Yes,High,Female,Medium,Yes,No,Medium,Postgraduate,Medium,Positive,In Relationship,Private,Medium,66
6068,90,25,96,1,4,2.2800000000000002,7,7,7,6,19,5.7,Medium,Moderate,Yes,Medium,Male,High,Yes,No,Medium,College,Medium,Positive,Single,Public,Medium,72
6069,91,17,85,3,4,0.30000000000000004,8,3,3,8,19,3,High,Moderate,No,Medium,Female,High,Yes,No,High,College,Medium,Neutral,Single,Public,High,71
6070,99,23,68,0,2,1.8,7,6,6,7,22,4.5,Medium,Far,Yes,High,Male,Medium,Yes,No,Medium,High School,Low,Positive,Single,Private,High,70
6071,91,11,69,2,2,2.3600000000000003,7,7,7,6,24,5.9,Medium,Near,No,Low,Male,Medium,Yes,No,Medium,College,High,Positive,Single,Private,Medium,67
6072,70,21,82,0,3,2.68,7,9,9,4,19,6.7,Low,Near,No,High,Female,Medium,Yes,No,High,High School,Medium,Positive,Single,Public,High,65
6073,62,23,54,3,4,2.08,9,8,8,5,21,5.2,High,Near,Yes,Low,Male,High,Yes,No,Low,High School,High,Neutral,In Relationship,Private,Medium,65
6074,99,30,57,0,4,0.49000000000000005,6,5,5,7,19,4.9,Medium,Near,Yes,Low,Male,High,Yes,No,Medium,Postgraduate,Medium,Neutral,Single,Public,Medium,73
6075,74,15,92,1,3,0.31000000000000005,4,5,5,7,22,3.1,Medium,Near,Yes,Medium,Male,Medium,Yes,No,Low,Postgraduate,Medium,Positive,Single,Private,Medium,66
6076,72,12,60,0,4,1.8,6,7,7,6,21,4.5,Medium,Near,Yes,Low,Male,High,Yes,No,High,Postgraduate,Low,Neutral,Single,Public,Medium,62
6077,96,15,86,2,2,2.16,5,7,7,6,22,5.4,High,Near,No,High,Male,Medium,Yes,No,Medium,High School,Medium,Positive,In Relationship,Private,Medium,71
6078,83,12,61,3,5,2.64,8,8,8,5,20,6.6,High,Near,No,High,Male,High,Yes,Yes,Medium,High School,Medium,Neutral,Single,Public,Medium,66
6079,69,28,54,1,2,2.2800000000000002,7,7,7,6,19,5.7,High,Far,Yes,Low,Male,Medium,No,No,Low,College,High,Neutral,Single,Public,Medium,65
6080,96,29,95,0,2,1.32,8,6,6,7,20,3.3,High,Near,Yes,High,Female,Medium,Yes,No,Medium,High School,Medium,Positive,Single,Private,Medium,75
6081,100,22,95,2,4,0.52,7,6,6,7,22,5.2,Medium,Near,No,Low,Male,High,Yes,No,Medium,College,High,Positive,In Relationship,Public,Medium,74
6082,63,27,80,1,3,0.43,7,5,5,7,23,4.3,Low,Moderate,Yes,Medium,Male,Medium,Yes,No,High,High School,Medium,Neutral,In Relationship,Private,High,65
6083,94,21,73,2,3,1.9600000000000002,7,7,7,6,21,4.9,Medium,Near,No,Low,Female,Medium,Yes,No,Low,Postgraduate,Medium,Positive,Single,Private,Medium,71
6084,76,19,78,1,1,1.72,9,5,5,7,21,4.3,Low,Near,Yes,Low,Female,Low,Yes,No,Low,Postgraduate,High,Negative,In Relationship,Public,Medium,65
6085,81,18,70,0,2,1.8800000000000001,7,6,6,7,20,4.7,Low,Near,Yes,Low,Male,Medium,Yes,No,High,College,Medium,Neutral,Single,Private,Medium,65
6086,97,18,88,0,4,1.8800000000000001,9,7,7,6,21,4.7,Low,Moderate,No,Low,Female,High,Yes,No,Medium,High School,Medium,Neutral,Single,Public,Medium,67
6087,99,11,88,2,2,0.54,9,7,7,6,24,5.4,Low,Moderate,Yes,Low,Male,Medium,Yes,No,Medium,High School,Medium,Neutral,In Relationship,Public,Medium,67
6088,70,22,91,2,1,0.4,7,5,5,7,22,4,Medium,Near,No,Medium,Male,Low,Yes,No,Medium,High School,Medium,Positive,Single,Public,Medium,66
6089,69,20,76,1,3,1.8,7,6,6,7,22,4.5,Medium,Near,Yes,Medium,Female,Medium,Yes,No,High,High School,High,Positive,Single,Public,Medium,67
6090,63,24,90,2,5,1.4400000000000002,6,5,5,7,20,3.6,Medium,Near,No,Low,Female,High,No,No,Medium,Postgraduate,Medium,Neutral,In Relationship,Private,Medium,66
6091,82,21,58,0,2,0.7000000000000001,9,8,8,5,22,7,High,Near,No,Medium,Male,Medium,Yes,No,Medium,High School,Low,Negative,In Relationship,Public,Medium,65
6092,61,19,52,1,3,2.68,6,9,9,4,21,6.7,Medium,Far,Yes,Low,Female,Medium,No,No,Low,High School,High,Neutral,Single,Public,Medium,59
6093,76,15,82,4,4,0.37000000000000005,6,5,5,7,21,3.7,High,Moderate,Yes,Low,Female,High,Yes,No,Medium,High School,High,Positive,Single,Private,High,69
6094,63,20,55,2,3,0.45,7,5,5,7,22,4.5,Medium,Near,No,Low,Male,Medium,Yes,No,High,High School,Medium,Negative,In Relationship,Public,High,63
6095,76,24,78,1,4,1.36,5,5,5,7,20,3.4,Medium,Moderate,No,Medium,Male,High,Yes,Yes,High,High School,Low,Neutral,In Relationship,Private,Medium,65
6096,62,13,86,2,4,1.8399999999999999,6,8,8,6,21,4.6,Low,Near,No,Low,Male,High,Yes,No,High,High School,Medium,Neutral,In Relationship,Public,Medium,61
6097,93,21,70,0,1,0.5599999999999999,9,8,8,5,18,5.6,Medium,Far,No,Medium,Female,Low,Yes,No,Medium,Postgraduate,Low,Neutral,Single,Public,High,68
6098,68,21,52,3,2,0.5599999999999999,8,8,8,5,18,5.6,High,Moderate,Yes,Low,Male,Medium,Yes,No,Medium,College,Medium,Neutral,Single,Public,Medium,65
6099,73,16,94,1,2,1.16,6,5,5,7,19,2.9,Low,Near,No,Low,Female,Medium,No,No,Medium,College,Low,Negative,In Relationship,Private,Medium,61
6100,95,16,52,0,3,0.22999999999999998,8,3,3,8,23,2.3,High,Moderate,Yes,Low,Male,Medium,Yes,No,Medium,Postgraduate,Medium,Positive,In Relationship,Private,Medium,69
6101,90,21,95,2,4,0.63,10,8,8,5,22,6.3,Medium,Near,Yes,High,Male,High,Yes,No,High,College,Low,Neutral,Single,Private,High,72
6102,69,13,53,2,3,2.5600000000000005,7,8,8,5,19,6.4,Low,Near,Yes,Medium,Female,Medium,No,Yes,High,High School,Medium,Negative,Single,Private,Medium,59
6103,63,22,87,0,2,2.68,9,8,8,5,23,6.7,Medium,Moderate,No,High,Female,Medium,Yes,No,Low,College,Medium,Negative,Single,Public,High,63
6104,89,15,96,3,3,0.61,8,9,9,4,18,6.1,Medium,Near,Yes,Low,Male,Medium,Yes,No,High,High School,Medium,Negative,Single,Public,High,69
6105,76,26,95,1,1,1.8800000000000001,7,6,6,7,20,4.7,Low,Near,No,Low,Male,Low,Yes,No,High,Postgraduate,Low,Neutral,Single,Public,High,67
6106,91,34,95,1,3,0.37000000000000005,7,4,4,8,22,3.7,Medium,Moderate,No,Medium,Male,Medium,No,Yes,Medium,College,Low,Negative,In Relationship,Public,Medium,70
6107,78,15,94,0,4,1.36,8,5,5,8,21,3.4,High,Moderate,No,Low,Male,High,Yes,No,High,Postgraduate,Medium,Positive,In Relationship,Private,Medium,67
6108,74,23,76,1,2,1.7600000000000002,6,5,5,7,20,4.4,Medium,Near,Yes,Low,Male,Medium,No,No,Medium,College,Medium,Positive,In Relationship,Public,Medium,66
6109,78,16,78,5,3,1.4000000000000001,4,7,7,6,20,3.5,Medium,Near,Yes,High,Female,Medium,Yes,No,Medium,High School,Medium,Positive,Single,Public,Medium,68
6110,90,26,81,1,3,2.32,6,7,7,6,22,5.8,High,Near,Yes,Low,Male,Medium,Yes,No,Medium,Postgraduate,Low,Neutral,Single,Private,Medium,71
6111,96,12,95,3,0,1.4000000000000001,4,6,6,7,20,3.5,Medium,Near,No,Medium,Male,Low,Yes,Yes,Medium,High School,High,Neutral,Single,Private,Medium,69
6112,62,23,92,0,2,0.38,6,3,3,8,19,3.8,Medium,Moderate,Yes,High,Male,Medium,Yes,No,Low,High School,High,Neutral,Single,Public,Medium,65
6113,81,15,89,0,3,0.27,4,3,3,8,19,2.7,Medium,Near,No,Low,Female,Medium,Yes,No,High,Postgraduate,Medium,Negative,Single,Private,Medium,66
6114,61,19,84,2,4,2.44,8,8,8,5,23,6.1,High,Near,Yes,Medium,Male,High,Yes,No,High,High School,Medium,Positive,Single,Public,High,66
6115,79,14,81,3,3,1.64,5,7,7,6,21,4.1,Medium,Near,No,High,Female,Medium,Yes,No,High,High School,High,Negative,Single,Public,Medium,67
6116,95,25,96,1,4,0.26,8,4,4,8,23,2.6,Medium,Near,Yes,Medium,Male,High,Yes,No,Low,Postgraduate,High,Neutral,Single,Public,Medium,74
6117,74,15,60,3,5,1.64,8,5,5,7,20,4.1,High,Moderate,No,Low,Male,High,Yes,No,Low,High School,High,Positive,Single,Public,Medium,66
6118,97,23,60,1,3,0.6200000000000001,8,8,8,5,24,6.2,High,Near,Yes,Medium,Male,Medium,Yes,No,Medium,College,Medium,Neutral,Single,Public,High,72
6119,85,18,99,0,4,1.1199999999999999,4,4,4,8,20,2.8,Low,Near,Yes,Low,Male,High,Yes,No,High,College,High,Neutral,Single,Private,Medium,69
6120,97,19,78,0,4,2.32,9,7,7,6,22,5.8,High,Moderate,No,Medium,Female,High,Yes,No,Medium,High School,Low,Negative,Single,Private,Medium,68
6121,90,21,74,4,3,1.9600000000000002,8,8,8,5,19,4.9,High,Near,Yes,Low,Male,Medium,Yes,No,Medium,High School,Medium,Neutral,Single,Private,Medium,71
6122,64,15,93,0,2,2.52,8,9,9,5,19,6.3,Medium,Near,No,Low,Female,Medium,Yes,No,Medium,High School,Medium,Negative,Complicated,Public,Medium,61
6123,69,21,92,2,3,0.29,10,4,4,8,22,2.9,Medium,Near,Yes,Low,Male,Medium,Yes,No,Low,High School,Medium,Neutral,In Relationship,Private,Medium,65
6124,76,29,59,4,2,2.08,8,7,7,6,22,5.2,High,Near,Yes,Low,Male,Medium,Yes,No,Medium,Postgraduate,Medium,Neutral,Single,Public,High,71
6125,67,15,59,0,3,2.8000000000000003,5,9,9,5,20,7,Medium,Near,Yes,Low,Male,Medium,Yes,No,Low,High School,Low,Neutral,In Relationship,Private,Medium,59
6126,80,27,90,1,3,0.63,8,8,8,5,22,6.3,Medium,Near,No,Medium,Female,Medium,Yes,No,Low,Postgraduate,High,Neutral,Single,Public,High,71
6127,79,29,89,0,3,2.8000000000000003,5,9,9,5,20,7,High,Near,No,High,Female,Medium,Yes,No,Medium,Postgraduate,Medium,Neutral,In Relationship,Public,High,72
6128,98,15,61,1,3,0.6200000000000001,7,8,8,5,21,6.2,High,Moderate,Yes,Low,Female,Medium,Yes,No,Medium,College,High,Positive,Single,Private,High,71
6129,77,11,92,0,5,2.7600000000000002,6,9,9,4,19,6.9,Low,Near,Yes,Low,Male,High,Yes,No,Low,High School,Low,Neutral,In Relationship,Public,Medium,61
6130,91,22,74,1,2,0.26,7,4,4,8,23,2.6,Medium,Moderate,No,Medium,Female,Medium,Yes,Yes,Medium,College,Medium,Negative,In Relationship,Private,Medium,67
6131,98,17,73,0,2,1.4000000000000001,5,4,4,8,19,3.5,Medium,Moderate,No,Low,Male,Medium,Yes,No,Low,College,Medium,Negative,Single,Public,High,67
6132,95,31,99,1,4,2.32,5,9,9,5,18,5.8,Medium,Near,No,Medium,Female,High,Yes,No,Medium,High School,Medium,Neutral,Single,Private,Medium,74
6133,68,20,76,2,3,1.36,6,4,4,8,22,3.4,High,Near,No,Medium,Female,Medium,Yes,No,Low,High School,High,Neutral,Single,Public,Medium,66
6134,80,15,57,1,4,2.32,7,7,7,6,21,5.8,Medium,Near,Yes,Low,Male,High,Yes,No,Low,High School,Medium,Negative,In Relationship,Private,Medium,63
6135,74,13,64,4,3,1.7600000000000002,6,5,5,7,20,4.4,Medium,Near,No,High,Male,Medium,Yes,Yes,Low,High School,Medium,Neutral,In Relationship,Private,High,63
6136,76,27,67,1,4,0.49000000000000005,9,5,5,7,19,4.9,High,Far,No,Low,Female,High,Yes,No,Medium,High School,High,Positive,Single,Public,Medium,68
6137,74,17,98,1,3,1.8800000000000001,8,6,6,7,20,4.7,Low,Near,Yes,High,Female,Medium,Yes,No,Low,High School,Medium,Neutral,Single,Public,High,65
6138,93,20,63,0,3,0.45,8,5,5,7,23,4.5,Low,Moderate,No,Low,Male,Medium,Yes,No,Medium,High School,Medium,Negative,In Relationship,Public,High,66
6139,78,26,72,1,3,2.32,6,9,9,5,19,5.8,Medium,Moderate,No,Low,Female,Medium,Yes,No,Medium,High School,Medium,Neutral,Complicated,Private,Medium,67
6140,81,17,87,0,2,0.6400000000000001,5,8,8,5,22,6.4,Medium,Near,No,Low,Female,Medium,Yes,No,High,College,Medium,Neutral,Single,Private,High,67
6141,99,20,64,0,4,0.45,7,5,5,7,20,4.5,Low,Near,Yes,Medium,Male,High,Yes,No,High,High School,Medium,Positive,In Relationship,Public,Medium,70
6142,62,20,85,5,4,1.7600000000000002,10,7,7,6,19,4.4,Medium,Near,Yes,Low,Male,High,Yes,No,High,High School,Low,Neutral,Single,Private,Medium,65
6143,80,24,60,1,3,1.7600000000000002,7,7,7,6,20,4.4,Medium,Moderate,Yes,High,Female,Medium,Yes,No,Medium,High School,Medium,Positive,In Relationship,Public,High,68
6144,91,24,62,3,4,2.72,9,8,8,5,19,6.8,High,Moderate,Yes,Low,Male,High,Yes,No,Low,College,Medium,Negative,In Relationship,Public,Medium,70
6145,66,19,99,1,3,0.27999999999999997,9,4,4,8,23,2.8,Low,Near,No,Medium,Male,Medium,Yes,No,Medium,College,High,Positive,In Relationship,Public,Medium,66
6146,84,20,68,0,4,0.73,8,7,7,6,21,7.3,Medium,Near,Yes,Low,Male,High,Yes,No,Medium,Postgraduate,High,Positive,Single,Private,Medium,69
6147,70,18,86,1,2,0.29,7,3,3,8,19,2.9,Medium,Near,No,High,Female,Medium,Yes,No,Medium,High School,Medium,Positive,Single,Public,Medium,65
6148,95,11,92,2,3,1.6800000000000002,6,5,5,8,21,4.2,Medium,Moderate,Yes,Medium,Female,Medium,No,No,Medium,Postgraduate,Medium,Neutral,In Relationship,Public,Low,68
6149,73,22,67,3,2,2.04,7,7,7,6,20,5.1,Medium,Far,Yes,High,Male,Medium,Yes,No,Medium,High School,Low,Positive,Single,Private,Medium,65
6150,73,31,68,1,3,0.36000000000000004,6,3,3,8,19,3.6,High,Near,Yes,Medium,Female,Medium,Yes,No,High,High School,Medium,Positive,Single,Public,Medium,70
6151,84,15,89,1,3,1.7600000000000002,7,6,6,7,21,4.4,Low,Near,Yes,Low,Female,Medium,Yes,No,High,High School,Low,Neutral,Single,Public,High,65
6152,67,15,80,3,4,0.25,5,4,4,8,23,2.5,Medium,Near,Yes,Medium,Male,High,Yes,No,High,College,High,Neutral,In Relationship,Public,High,67
6153,71,15,68,5,4,2.4800000000000004,6,8,8,5,23,6.2,Low,Near,No,Low,Female,High,No,No,Low,College,High,Positive,Single,Public,Medium,64
6154,77,24,87,2,1,0.52,8,6,6,7,22,5.2,Medium,Moderate,No,Low,Female,Low,Yes,Yes,High,Postgraduate,Medium,Positive,In Relationship,Public,Medium,68
6155,74,23,93,4,3,1.52,6,4,4,8,20,3.8,High,Near,Yes,High,Female,Medium,Yes,No,Medium,High School,Medium,Neutral,Single,Private,Medium,70
6156,81,19,62,1,3,1.4400000000000002,6,4,4,8,20,3.6,High,Moderate,Yes,Medium,Female,Medium,No,No,Medium,High School,Low,Negative,Single,Public,Low,64
6157,84,14,51,4,3,0.38,6,3,3,8,19,3.8,Medium,Near,No,High,Male,Medium,Yes,No,Low,High School,High,Neutral,Single,Public,Medium,67
6158,83,21,64,2,2,0.47000000000000003,7,5,5,7,22,4.7,High,Near,No,Medium,Male,Medium,Yes,No,Medium,High School,High,Neutral,In Relationship,Private,Low,68
6159,86,11,84,5,4,2.3600000000000003,4,7,7,6,20,5.9,Medium,Near,Yes,Low,Male,High,Yes,Yes,Medium,High School,Medium,Neutral,Single,Public,High,67
6160,72,21,96,4,2,1.52,6,5,5,8,21,3.8,Low,Moderate,Yes,High,Female,Medium,Yes,Yes,Low,College,Medium,Positive,In Relationship,Public,Medium,66
6161,65,25,93,2,3,0.37000000000000005,8,3,3,8,19,3.7,High,Moderate,Yes,Medium,Female,Medium,No,No,Low,College,Medium,Negative,Single,Public,Medium,66
6162,90,12,61,2,2,0.6000000000000001,7,8,8,5,22,6,Low,Near,Yes,Low,Male,Medium,Yes,No,Medium,High School,Medium,Positive,In Relationship,Private,High,66
6163,94,11,94,2,2,1.8800000000000001,8,7,7,6,19,4.7,Low,Near,Yes,Low,Male,Medium,Yes,No,Medium,College,Low,Positive,In Relationship,Public,Medium,67
6164,70,29,91,2,3,2.72,4,9,9,4,23,6.8,Medium,Near,Yes,Low,Male,Medium,Yes,No,Low,College,Medium,Positive,Single,Public,Medium,69
6165,76,16,87,3,4,2.08,6,8,8,6,19,5.2,Medium,Near,No,Low,Female,High,Yes,No,Medium,College,Low,Neutral,In Relationship,Private,Medium,65
6166,80,27,84,4,3,0.43,7,8,8,5,22,4.3,Low,Moderate,Yes,Low,Male,Medium,Yes,No,Low,College,Low,Positive,Single,Public,Medium,68
6167,81,19,90,2,3,1.4000000000000001,8,5,5,7,19,3.5,High,Near,No,Low,Female,Medium,Yes,No,Medium,High School,Low,Neutral,In Relationship,Private,Medium,67
6168,86,19,93,1,3,0.42000000000000004,9,5,5,7,22,4.2,Medium,Near,Yes,Low,Male,Medium,Yes,No,Low,College,Medium,Positive,Single,Public,High,69
6169,62,23,91,3,3,2.08,8,8,8,5,21,5.2,Medium,Moderate,No,High,Male,Medium,No,No,High,High School,Medium,Neutral,In Relationship,Public,Low,64
6170,89,15,56,2,4,1.4000000000000001,6,7,7,6,20,3.5,Medium,Near,No,Medium,Male,High,Yes,No,Low,College,Medium,Positive,Single,Public,Medium,67
6171,62,21,86,2,4,0.24,6,4,4,8,21,2.4,Medium,Near,No,Medium,Female,High,Yes,No,Medium,High School,High,Positive,In Relationship,Private,High,67
6172,79,18,92,1,3,1.4800000000000002,9,4,4,8,19,3.7,High,Near,No,Low,Male,Medium,Yes,No,Low,College,Medium,Neutral,Single,Private,Medium,67
6173,93,12,59,2,3,2.6,6,9,9,5,19,6.5,High,Moderate,No,Low,Female,Medium,Yes,No,Medium,High School,Medium,Positive,Single,Private,Medium,67
6174,78,22,61,2,4,0.32000000000000006,5,5,5,7,22,3.2,High,Near,Yes,Low,Male,High,Yes,No,Low,College,Medium,Neutral,In Relationship,Public,Medium,68
6175,66,18,89,4,3,0.4,7,5,5,7,22,4,Medium,Near,Yes,Low,Male,Medium,Yes,Yes,High,High School,Medium,Positive,Single,Public,Medium,65
6176,99,19,67,3,1,1.7600000000000002,9,7,7,5,21,4.4,High,Moderate,No,High,Male,Low,Yes,No,Low,College,Low,Neutral,In Relationship,Public,Medium,70
6177,96,13,70,1,3,1.1199999999999999,6,5,5,7,20,2.8,Medium,Near,No,Low,Female,Medium,Yes,No,Medium,College,Medium,Neutral,In Relationship,Public,High,68
6178,91,30,69,2,4,2.3600000000000003,6,7,7,6,22,5.9,Low,Moderate,Yes,Medium,Female,High,Yes,No,Medium,High School,High,Negative,Single,Public,High,72
6179,76,25,61,1,3,2.32,6,8,8,5,19,5.8,High,Far,No,Medium,Male,Medium,Yes,No,Medium,Postgraduate,Medium,Neutral,Complicated,Public,Medium,67
6180,67,26,97,2,0,1.4400000000000002,8,7,7,6,19,3.6,Low,Moderate,Yes,Medium,Female,Low,Yes,No,Medium,High School,High,Neutral,Single,Public,Medium,66
6181,98,18,90,0,1,1.36,7,5,5,7,20,3.4,Low,Moderate,Yes,High,Male,Low,Yes,No,Low,High School,Low,Positive,In Relationship,Private,High,68
6182,81,10,63,1,2,0.32000000000000006,8,4,4,8,21,3.2,High,Near,No,Low,Male,Medium,Yes,No,Medium,High School,Medium,Neutral,In Relationship,Public,Low,64
6183,94,32,55,4,2,0.5900000000000001,9,7,7,6,21,5.9,High,Near,Yes,Medium,Male,Medium,Yes,Yes,High,High School,Medium,Positive,Single,Private,Medium,75
6184,74,20,69,1,4,1.4800000000000002,5,4,4,8,19,3.7,Low,Moderate,Yes,Medium,Female,High,Yes,No,High,College,High,Positive,Single,Public,Medium,66
6185,73,16,71,0,4,2.2,6,8,8,5,18,5.5,High,Near,Yes,Low,Male,High,Yes,No,Medium,Postgraduate,High,Positive,Single,Public,Medium,67
6186,99,23,50,1,5,0.63,6,8,8,5,22,6.3,High,Near,No,High,Male,High,No,Yes,Medium,High School,High,Neutral,Single,Private,Medium,71
6187,81,27,94,0,4,2.12,7,8,8,5,18,5.3,High,Moderate,No,Low,Male,High,Yes,No,Low,College,Low,Neutral,Single,Public,Medium,68
6188,66,20,93,2,3,2.7600000000000002,8,9,9,4,20,6.9,Medium,Near,Yes,Low,Male,Medium,Yes,No,Medium,High School,Medium,Neutral,Single,Public,High,65
6189,69,28,93,0,3,1.8,6,7,7,6,20,4.5,High,Near,Yes,High,Male,Medium,Yes,No,Low,College,Low,Negative,Complicated,Public,Low,67
6190,79,26,90,0,2,2.2,6,8,8,5,20,5.5,High,Moderate,Yes,High,Male,Medium,No,Yes,Low,College,Low,Negative,Single,Private,Medium,66
6191,62,14,87,1,1,1.4000000000000001,8,7,7,6,20,3.5,Medium,Moderate,No,Medium,Male,Low,Yes,No,Medium,High School,Low,Positive,Single,Public,Medium,60
6192,79,16,82,2,3,2.2800000000000002,8,7,7,6,20,5.7,Medium,Moderate,No,Low,Female,Medium,Yes,Yes,Low,Postgraduate,Medium,Neutral,Single,Private,Medium,64
6193,77,26,98,0,1,1.72,7,5,5,7,20,4.3,Medium,Near,Yes,High,Male,Low,Yes,No,Low,Postgraduate,Medium,Neutral,Single,Public,Medium,69
6194,91,4,86,3,4,1.32,4,4,4,7,21,3.3,Medium,Moderate,No,Low,Male,High,Yes,Yes,Low,College,Medium,Neutral,In Relationship,Private,Medium,64
6195,74,19,82,2,3,0.41,9,5,5,7,21,4.1,High,Moderate,No,Low,Male,Medium,Yes,No,High,High School,Medium,Neutral,In Relationship,Private,Medium,66
6196,99,11,89,3,3,2.16,7,7,7,5,21,5.4,Medium,Near,Yes,Low,Male,Medium,Yes,No,High,College,High,Positive,Single,Public,Medium,72
6197,67,17,62,0,4,2.68,7,8,8,4,19,6.7,Low,Moderate,Yes,Low,Female,High,Yes,No,Medium,High School,Low,Positive,Single,Public,Medium,60
6198,84,18,98,3,3,1.8399999999999999,6,7,7,6,19,4.6,High,Near,Yes,Medium,Male,Medium,Yes,No,Low,High School,Low,Positive,Single,Public,Medium,69
6199,64,18,51,2,1,1.8,6,5,5,7,19,4.5,Medium,Near,Yes,Low,Female,Low,Yes,No,Medium,High School,Medium,Positive,In Relationship,Public,Medium,62
6200,89,17,82,3,3,1.2000000000000002,6,5,5,7,20,3,Medium,Near,Yes,Medium,Female,Medium,Yes,No,Medium,College,Medium,Positive,In Relationship,Private,Medium,70
6201,100,13,54,3,2,1.4800000000000002,4,5,5,7,21,3.7,Low,Near,Yes,Low,Female,Medium,Yes,No,Low,High School,Low,Positive,In Relationship,Public,Low,65
6202,93,34,93,2,4,0.5599999999999999,6,7,7,6,22,5.6,Medium,Near,Yes,Low,Male,High,Yes,No,High,High School,High,Neutral,Single,Public,High,77
6203,82,31,98,0,3,1.8,5,7,7,5,20,4.5,High,Near,Yes,Low,Male,Medium,Yes,No,Medium,High School,Medium,Neutral,Single,Public,Low,71
6204,79,13,70,4,3,0.52,7,6,6,7,22,5.2,High,Near,No,Low,Female,Medium,Yes,Yes,High,High School,Medium,Positive,In Relationship,Public,Medium,66
6205,93,29,93,2,3,0.6000000000000001,5,7,7,6,19,6,Medium,Near,No,Low,Female,Medium,Yes,No,Medium,Postgraduate,Medium,Positive,Single,Public,Medium,74
6206,97,18,67,1,3,1.7600000000000002,8,5,5,7,23,4.4,High,Near,No,Medium,Male,Medium,Yes,No,Medium,High School,Medium,Neutral,In Relationship,Public,High,70
6207,100,21,58,2,2,0.41,5,5,5,7,22,4.1,Medium,Moderate,No,Medium,Male,Medium,Yes,No,Medium,High School,Medium,Neutral,Single,Private,Medium,69
6208,76,20,64,2,2,1.92,9,7,7,6,21,4.8,Medium,Moderate,No,Low,Male,Medium,Yes,No,Low,College,Medium,Negative,In Relationship,Public,Medium,64
6209,100,16,65,1,2,0.6200000000000001,8,7,7,6,22,6.2,Medium,Moderate,Yes,High,Female,Medium,Yes,Yes,High,College,Medium,Positive,Single,Public,Medium,69
6210,66,26,82,1,3,1.6800000000000002,5,7,7,5,19,4.2,High,Near,Yes,Low,Female,Medium,Yes,No,Medium,High School,High,Neutral,Single,Public,Medium,68
6211,70,21,90,1,4,0.37000000000000005,7,4,4,8,22,3.7,Low,Moderate,Yes,Low,Male,High,No,No,Medium,High School,Medium,Neutral,In Relationship,Public,Medium,63
6212,64,17,60,1,2,1.56,6,5,5,7,19,3.9,Medium,Near,Yes,Medium,Male,Medium,Yes,Yes,Medium,High School,Medium,Positive,Single,Private,Medium,61
6213,71,12,54,0,5,2.16,8,7,7,6,22,5.4,Medium,Near,No,Low,Male,High,Yes,No,Medium,College,Medium,Positive,In Relationship,Public,Low,61
6214,91,15,61,0,4,0.27999999999999997,10,4,4,8,22,2.8,Low,Moderate,Yes,Low,Male,High,Yes,No,Medium,High School,Medium,Neutral,Single,Public,High,65
6215,94,10,65,3,2,0.48,9,5,5,7,20,4.8,High,Moderate,No,Low,Female,Medium,Yes,No,Medium,High School,Medium,Negative,In Relationship,Private,Low,65
6216,91,20,64,0,3,2.64,6,9,9,4,19,6.6,Medium,Moderate,Yes,High,Female,Medium,Yes,Yes,High,High School,High,Positive,In Relationship,Private,Medium,69
6217,85,13,61,3,2,1.8800000000000001,7,7,7,6,20,4.7,High,Moderate,Yes,Medium,Female,Medium,Yes,No,High,High School,High,Positive,Single,Public,High,69
6218,81,18,73,1,2,2.32,9,7,7,6,22,5.8,Medium,Near,No,High,Male,Medium,Yes,No,Medium,High School,Low,Negative,Single,Public,Medium,65
6219,88,28,93,3,1,0.45999999999999996,8,5,5,7,22,4.6,High,Moderate,Yes,Low,Female,Low,Yes,No,Medium,Postgraduate,Low,Negative,In Relationship,Public,Medium,72
6220,76,27,55,3,0,2.52,9,8,8,5,22,6.3,High,Moderate,Yes,Low,Female,Low,Yes,No,Medium,High School,High,Neutral,Single,Private,Medium,69
6221,94,20,93,1,3,2.12,8,7,7,6,19,5.3,Medium,Moderate,Yes,Medium,Female,Medium,Yes,No,Low,College,High,Neutral,Single,Public,Medium,71
6222,87,19,75,2,3,1.7600000000000002,7,5,5,7,23,4.4,Medium,Moderate,Yes,Low,Female,Medium,Yes,No,Medium,High School,Medium,Negative,In Relationship,Public,Low,67
6223,88,31,83,0,2,2.12,7,7,7,6,21,5.3,High,Near,No,Low,Male,Medium,Yes,No,Medium,High School,Medium,Neutral,Single,Private,Medium,72
6224,81,23,91,0,3,0.47000000000000003,5,5,5,7,19,4.7,High,Near,No,High,Female,Medium,Yes,Yes,Low,High School,High,Positive,Single,Public,High,70
6225,95,18,65,1,3,0.24,6,4,4,8,23,2.4,Medium,Near,Yes,Low,Female,Medium,Yes,No,High,High School,Low,Negative,Complicated,Public,High,68
6226,70,11,98,3,4,2.72,6,9,9,4,22,6.8,Medium,Near,No,High,Female,High,Yes,No,Medium,Postgraduate,Medium,Neutral,Single,Private,Medium,66
6227,75,22,54,4,4,0.58,6,8,8,6,20,5.8,High,Near,No,Low,Male,High,Yes,No,Low,High School,Medium,Positive,In Relationship,Public,High,68
6228,91,25,76,1,3,1.56,7,6,6,7,20,3.9,Low,Near,Yes,Low,Female,Medium,Yes,No,Low,College,High,Positive,Complicated,Private,High,71
6229,80,16,63,2,3,1.52,7,7,7,6,22,3.8,Medium,Far,Yes,Low,Male,Medium,Yes,No,High,High School,Low,Neutral,Single,Private,Medium,63
6230,96,22,70,2,4,1.8,7,7,7,5,20,4.5,High,Moderate,No,Medium,Male,High,No,No,Medium,College,Medium,Negative,Single,Private,Medium,70
6231,74,18,72,1,2,2.04,8,7,7,6,21,5.1,High,Moderate,No,Low,Male,Medium,Yes,No,High,College,Medium,Negative,Single,Public,High,65
6232,75,19,96,2,4,0.6000000000000001,6,7,7,6,19,6,High,Near,Yes,Medium,Female,High,Yes,No,Medium,High School,High,Positive,Single,Public,Medium,70
6233,96,5,72,3,5,0.6000000000000001,8,8,8,5,21,6,Low,Near,Yes,Medium,Male,High,Yes,No,Low,High School,Medium,Negative,In Relationship,Public,Medium,65
6234,79,19,85,0,2,0.48,9,6,6,6,20,4.8,High,Moderate,Yes,Medium,Male,Medium,Yes,No,Medium,High School,High,Positive,Single,Public,Medium,68
6235,81,26,98,1,2,2.16,8,7,7,6,22,5.4,Medium,Near,Yes,Medium,Female,Medium,Yes,Yes,Low,High School,High,Neutral,In Relationship,Private,Low,69
6236,73,16,75,3,3,0.9199999999999999,6,4,4,8,19,2.3,Medium,Moderate,Yes,Medium,Female,Medium,Yes,No,High,High School,Medium,Positive,Single,Public,Medium,66
6237,71,20,70,0,3,0.68,8,8,8,5,19,6.8,Medium,Far,No,Medium,Female,Medium,Yes,No,Medium,High School,Low,Neutral,In Relationship,Private,High,62
6238,86,15,99,2,5,2.04,8,8,8,5,21,5.1,High,Near,No,Medium,Male,High,Yes,No,High,High School,Medium,Neutral,In Relationship,Public,Medium,70
6239,65,22,91,2,2,1.8800000000000001,8,7,7,5,22,4.7,Low,Moderate,No,High,Female,Medium,Yes,No,Medium,College,High,Negative,In Relationship,Public,Medium,65
6240,95,19,97,0,2,2,9,7,7,6,22,5,High,Near,Yes,Medium,Male,Medium,Yes,No,Low,Postgraduate,Low,Neutral,Single,Public,Medium,71
6241,91,14,70,2,0,0.43,8,4,4,8,20,4.3,High,Moderate,Yes,Low,Male,Low,Yes,No,Medium,Postgraduate,Medium,Neutral,Single,Private,Medium,68
6242,68,28,85,0,3,0.43,9,5,5,7,22,4.3,Low,Near,Yes,Medium,Male,Medium,Yes,No,Medium,Postgraduate,Low,Negative,In Relationship,Public,Medium,65
6243,88,26,62,1,2,0.7200000000000001,7,8,8,5,19,7.2,High,Near,Yes,High,Female,Medium,No,No,High,High School,Low,Positive,In Relationship,Private,High,70
6244,84,16,93,0,3,2.32,6,8,8,5,20,5.8,High,Moderate,Yes,High,Male,Medium,Yes,No,Medium,High School,Medium,Positive,Single,Public,Medium,69
6245,67,23,97,1,3,0.42000000000000004,9,5,5,7,22,4.2,Low,Moderate,Yes,Medium,Male,Medium,Yes,No,Medium,College,Medium,Positive,Single,Private,Medium,66
6246,71,23,63,1,5,1.9600000000000002,6,7,7,6,19,4.9,Medium,Moderate,Yes,Low,Male,High,Yes,No,Low,High School,Medium,Positive,Complicated,Public,High,66
6247,76,24,55,2,4,0.38,10,5,5,7,22,3.8,Medium,Near,No,Low,Male,High,Yes,No,Low,High School,High,Positive,Single,Public,Medium,67
6248,88,10,60,1,3,2.44,9,8,8,6,20,6.1,Medium,Moderate,No,Low,Female,Medium,Yes,No,Medium,High School,Low,Positive,Single,Public,Medium,63
6249,86,26,82,2,3,2.2399999999999998,7,7,7,6,21,5.6,High,Moderate,Yes,Low,Female,Medium,Yes,No,Medium,High School,Low,Positive,In Relationship,Private,Medium,70
6250,81,17,64,0,3,0.38,9,4,4,8,23,3.8,Medium,Far,No,High,Male,Medium,Yes,Yes,Medium,High School,High,Positive,In Relationship,Public,Medium,65
6251,91,18,82,3,2,2.44,8,8,8,5,23,6.1,High,Moderate,No,Medium,Male,Medium,Yes,No,Medium,High School,Medium,Positive,Single,Private,Medium,70
6252,90,36,68,1,2,3.3600000000000003,5,9,9,5,20,8.4,High,Moderate,Yes,Low,Male,Medium,Yes,No,Low,High School,Medium,Positive,In Relationship,Public,High,74
6253,85,22,96,0,3,1.9600000000000002,6,7,7,6,19,4.9,Medium,Moderate,Yes,Low,Female,Medium,Yes,No,Medium,High School,High,Neutral,Single,Public,Medium,69
6254,91,18,73,0,4,0.5700000000000001,7,7,7,6,19,5.7,Medium,Near,No,Low,Male,High,Yes,No,Low,College,High,Negative,In Relationship,Public,Medium,68
6255,73,7,75,1,3,1.6,7,7,7,5,21,4,Medium,Near,Yes,High,Male,Medium,Yes,No,Medium,College,Medium,Positive,In Relationship,Private,High,64
6256,95,28,67,2,3,1.8800000000000001,9,7,7,5,20,4.7,Medium,Near,No,Medium,Male,Medium,Yes,No,Low,High School,High,Neutral,Single,Public,Medium,73
6257,85,12,54,4,3,1.7600000000000002,7,7,7,5,19,4.4,Medium,Moderate,Yes,Low,Male,Medium,Yes,No,Medium,College,Medium,Positive,Single,Public,High,66
6258,93,14,75,0,3,1.7600000000000002,5,7,7,6,20,4.4,Low,Moderate,Yes,Medium,Male,Medium,Yes,No,Low,High School,Medium,Negative,Complicated,Public,High,65
6259,82,18,89,0,1,0.6900000000000001,6,8,8,5,21,6.9,Low,Moderate,Yes,Medium,Male,Low,Yes,Yes,High,College,High,Positive,In Relationship,Private,Medium,66
6260,69,28,98,0,5,0.48,8,5,5,7,20,4.8,Low,Near,No,Medium,Male,High,Yes,No,Medium,High School,Medium,Positive,Single,Public,Medium,67
6261,82,25,54,0,3,1.6800000000000002,4,7,7,5,19,4.2,High,Near,No,Medium,Male,Medium,Yes,No,Medium,High School,Medium,Neutral,Single,Public,Medium,67
6262,75,19,90,0,3,1.2800000000000002,5,6,6,7,19,3.2,Medium,Near,Yes,Medium,Female,Medium,Yes,No,High,Postgraduate,Medium,Negative,Single,Private,Medium,66
6263,88,22,63,3,3,2.2399999999999998,6,7,7,6,21,5.6,Low,Near,Yes,Low,Male,Medium,Yes,No,Low,Postgraduate,Medium,Positive,In Relationship,Public,Medium,69
6264,79,16,91,4,1,2.2399999999999998,8,7,7,6,20,5.6,Medium,Near,Yes,High,Male,Low,Yes,No,Medium,Postgraduate,Medium,Positive,Single,Private,Medium,69
6265,93,21,67,2,3,0.27999999999999997,7,4,4,8,22,2.8,Low,Far,No,Low,Female,Medium,Yes,No,High,College,Medium,Neutral,Single,Public,Medium,68
6266,87,20,56,1,1,2.7600000000000002,8,9,9,4,20,6.9,Low,Near,No,High,Female,Low,No,No,Medium,College,Low,Negative,Single,Public,Medium,64
6267,87,26,81,1,2,1.92,7,7,7,6,19,4.8,Medium,Near,Yes,High,Male,Medium,Yes,No,Medium,High School,Medium,Negative,In Relationship,Public,Medium,70
6268,69,26,95,1,4,1.36,7,4,4,8,20,3.4,Medium,Near,No,Low,Female,High,Yes,No,Medium,Postgraduate,Medium,Negative,Single,Public,Medium,67
6269,99,23,59,1,3,0.49000000000000005,6,5,5,7,24,4.9,Low,Far,No,Medium,Male,Medium,Yes,No,Medium,High School,Low,Positive,In Relationship,Public,Medium,68
6270,94,18,51,0,3,0.48,8,5,5,7,24,4.8,Medium,Moderate,Yes,High,Female,Medium,Yes,Yes,Medium,College,Medium,Positive,In Relationship,Public,Medium,67
6271,92,24,94,1,2,1.8399999999999999,5,7,7,6,20,4.6,Medium,Near,Yes,Medium,Female,Medium,Yes,No,Low,Postgraduate,High,Neutral,Single,Public,Medium,73
6272,73,19,85,1,3,2.2399999999999998,7,7,7,6,24,5.6,Medium,Far,Yes,Medium,Male,Medium,Yes,No,Medium,High School,Medium,Neutral,In Relationship,Public,Medium,65
6273,81,14,90,3,3,1.64,9,5,5,7,21,4.1,High,Near,No,High,Male,Medium,Yes,No,Medium,Postgraduate,Medium,Neutral,In Relationship,Public,High,69
6274,65,18,53,1,3,0.48,6,6,6,7,22,4.8,Medium,Near,Yes,Medium,Male,Medium,Yes,Yes,Medium,Postgraduate,Medium,Positive,In Relationship,Private,Medium,63
6275,82,21,95,3,4,1.6,5,4,4,8,19,4,Medium,Near,No,Low,Female,High,Yes,No,Medium,High School,Medium,Positive,Single,Public,Low,68
6276,66,25,71,0,3,3.28,4,9,9,5,20,8.2,High,Near,No,Medium,Female,Medium,Yes,Yes,High,High School,Medium,Negative,In Relationship,Public,Medium,64
6277,82,19,95,2,4,2.8800000000000003,8,9,9,5,20,7.2,High,Moderate,No,Low,Female,High,Yes,Yes,Medium,Postgraduate,Low,Neutral,In Relationship,Public,High,68
6278,86,13,53,2,4,0.45999999999999996,8,7,7,6,21,4.6,High,Far,Yes,Low,Male,High,Yes,No,Medium,High School,Medium,Positive,In Relationship,Public,High,66
6279,76,20,94,2,3,1.8399999999999999,6,8,8,5,20,4.6,Medium,Moderate,No,Low,Male,Medium,Yes,Yes,Low,High School,Medium,Neutral,In Relationship,Public,High,65
6280,80,21,84,4,2,0.6400000000000001,5,8,8,5,22,6.4,Medium,Near,Yes,Low,Female,Medium,Yes,No,Low,Postgraduate,Medium,Neutral,In Relationship,Private,Medium,69
6281,95,21,78,2,2,0.44000000000000006,7,6,6,7,22,4.4,Medium,Near,No,Low,Male,Medium,Yes,Yes,High,High School,Low,Neutral,In Relationship,Public,High,69
6282,64,26,53,2,4,1.92,9,7,7,6,19,4.8,High,Near,Yes,Low,Male,High,No,No,Medium,College,Low,Negative,Single,Public,High,64
6283,92,26,84,0,2,0.58,5,8,8,5,22,5.8,High,Near,No,Medium,Male,Medium,Yes,No,High,Postgraduate,High,Neutral,In Relationship,Public,High,74
6284,67,16,80,1,3,1.4800000000000002,9,5,5,7,21,3.7,Medium,Near,No,Low,Female,Medium,Yes,No,Medium,High School,High,Neutral,In Relationship,Public,High,64
6285,61,16,86,3,4,2.5600000000000005,4,8,8,6,19,6.4,Low,Near,No,Medium,Female,High,Yes,No,Medium,High School,Medium,Positive,Single,Public,High,63
6286,67,14,86,0,4,0.22999999999999998,5,4,4,8,22,2.3,Medium,Moderate,Yes,High,Female,High,No,No,Medium,College,High,Positive,In Relationship,Public,Medium,64
6287,91,24,72,3,3,2.7600000000000002,7,8,8,5,20,6.9,Medium,Moderate,Yes,Medium,Male,Medium,Yes,No,Medium,High School,Medium,Neutral,In Relationship,Public,High,71
6288,76,29,60,2,3,0.48,8,5,5,7,20,4.8,High,Near,Yes,Medium,Female,Medium,Yes,No,Medium,High School,Low,Negative,Single,Public,Medium,68
6289,95,18,96,4,4,0.52,9,7,7,6,21,5.2,Medium,Near,Yes,Medium,Female,High,Yes,No,Low,College,Medium,Negative,In Relationship,Public,Medium,72
6290,81,19,96,1,4,3.28,8,9,9,5,20,8.2,Low,Near,Yes,Low,Male,High,Yes,No,High,Postgraduate,Medium,Negative,In Relationship,Private,Medium,67
6291,61,29,61,0,3,0.65,9,8,8,5,19,6.5,High,Near,No,Low,Male,Medium,Yes,No,Medium,High School,Medium,Negative,Single,Private,Medium,64
6292,89,23,82,2,1,0.6900000000000001,7,8,8,5,20,6.9,Low,Near,No,High,Male,Low,Yes,No,Medium,College,Medium,Positive,In Relationship,Public,High,70
6293,64,23,60,2,3,0.41,6,5,5,7,21,4.1,Medium,Near,Yes,Medium,Female,Medium,Yes,No,Low,College,High,Negative,In Relationship,Public,Medium,65
6294,92,13,93,2,2,3.28,9,9,9,5,20,8.2,Medium,Moderate,No,High,Male,Medium,Yes,No,High,College,High,Negative,In Relationship,Public,Medium,69
6295,67,24,55,2,2,0.27999999999999997,9,3,3,8,19,2.8,Medium,Moderate,No,Low,Male,Medium,Yes,No,High,College,High,Positive,Single,Public,Low,65
6296,74,14,100,1,3,1.8399999999999999,8,8,8,5,20,4.6,Medium,Near,No,Low,Male,Medium,Yes,No,Medium,College,High,Neutral,In Relationship,Public,Medium,66
6297,90,13,81,0,3,2.44,8,8,8,5,20,6.1,Medium,Moderate,No,Medium,Female,Medium,Yes,No,Medium,High School,High,Positive,Single,Public,Medium,67
6298,98,18,51,1,4,1.6,9,4,4,8,22,4,Low,Near,No,High,Male,High,Yes,No,Medium,College,Medium,Neutral,Single,Public,Medium,68
6299,75,16,94,0,3,0.45999999999999996,8,5,5,7,21,4.6,Medium,Moderate,Yes,Medium,Male,Medium,Yes,No,Medium,High School,Medium,Positive,In Relationship,Private,Medium,65
6300,93,19,84,0,2,0.58,7,7,7,6,22,5.8,Medium,Near,No,Medium,Male,Medium,No,No,High,College,Medium,Neutral,In Relationship,Public,Low,68
6301,68,11,85,2,2,0.43,8,5,5,7,23,4.3,High,Near,Yes,Medium,Male,Medium,No,No,High,College,Medium,Negative,In Relationship,Public,Medium,63
6302,92,26,64,1,5,1.4400000000000002,8,7,7,6,22,3.6,Medium,Near,No,Medium,Male,High,Yes,No,Medium,High School,Medium,Positive,Single,Private,Medium,71
6303,86,27,67,1,4,0.6200000000000001,8,8,8,5,20,6.2,Medium,Near,No,Low,Male,High,Yes,No,Medium,College,High,Positive,Single,Public,Medium,71
6304,68,8,96,2,3,0.42000000000000004,7,6,6,7,21,4.2,Medium,Near,Yes,Low,Female,Medium,Yes,No,Medium,Postgraduate,High,Positive,In Relationship,Public,High,65
6305,72,26,82,2,2,0.32000000000000006,8,3,3,8,19,3.2,Low,Far,No,Medium,Female,Medium,Yes,No,Medium,Postgraduate,Medium,Negative,Single,Public,Low,65
6306,65,15,51,1,3,0.5599999999999999,8,7,7,6,21,5.6,Low,Moderate,Yes,High,Female,Medium,Yes,No,Medium,High School,Medium,Positive,In Relationship,Public,Medium,61
6307,75,25,66,0,4,1.92,7,7,7,5,19,4.8,High,Near,Yes,Low,Male,High,Yes,No,Low,High School,High,Negative,Single,Public,High,68
6308,68,20,80,4,4,0.15000000000000002,6,2,2,9,23,1.5,Medium,Near,Yes,Low,Female,High,Yes,No,Low,College,Low,Neutral,Single,Private,Medium,65
6309,86,20,57,0,4,1.4000000000000001,9,5,5,7,19,3.5,Medium,Moderate,No,Medium,Male,High,Yes,No,Medium,High School,Low,Positive,Single,Public,High,66
6310,100,19,55,2,4,0.43,5,5,5,7,21,4.3,Low,Moderate,Yes,Low,Male,High,Yes,No,Low,High School,High,Positive,In Relationship,Public,Medium,69
6311,60,27,53,3,2,0.5900000000000001,6,7,7,6,21,5.9,High,Moderate,No,Low,Female,Medium,Yes,No,Low,High School,High,Positive,Single,Private,Low,65
6312,82,13,82,1,3,0.38,7,5,5,7,22,3.8,High,Near,No,Low,Female,Medium,Yes,No,Medium,High School,Medium,Positive,Single,Public,Low,65
6313,83,24,66,2,4,0.41,4,5,5,7,21,4.1,Medium,Moderate,No,Medium,Male,High,Yes,Yes,High,Postgraduate,High,Positive,Single,Private,High,70
6314,97,27,69,1,2,1.64,9,7,7,5,20,4.1,Medium,Moderate,No,Low,Female,Medium,Yes,No,Medium,High School,Medium,Neutral,Single,Private,Medium,70
6315,80,24,53,2,4,1.6800000000000002,7,5,5,8,21,4.2,Medium,Near,Yes,Low,Female,High,Yes,Yes,Medium,High School,Medium,Positive,In Relationship,Public,Medium,67
6316,82,34,87,3,4,2.68,9,9,9,4,19,6.7,High,Near,Yes,Low,Female,High,Yes,No,High,High School,Medium,Positive,Single,Public,Medium,75
6317,79,17,88,3,3,2.08,10,8,8,5,21,5.2,Low,Moderate,Yes,Medium,Female,Medium,Yes,No,Low,High School,Low,Neutral,In Relationship,Private,High,65
6318,71,26,91,2,3,1.36,7,5,5,7,20,3.4,Medium,Moderate,Yes,Low,Female,Medium,No,No,Medium,High School,Medium,Neutral,In Relationship,Private,Medium,66
6319,62,19,83,2,3,0.55,9,7,7,6,24,5.5,Medium,Near,Yes,Medium,Male,Medium,Yes,No,High,College,High,Positive,In Relationship,Public,Medium,67
6320,76,27,89,0,4,1.4400000000000002,5,5,5,8,20,3.6,Medium,Far,Yes,Low,Male,High,Yes,No,Low,Postgraduate,Low,Positive,In Relationship,Private,Medium,67
6321,62,20,79,2,1,2.04,8,7,7,6,20,5.1,Medium,Near,No,Low,Female,Low,Yes,No,High,High School,Low,Positive,Single,Public,Medium,62
6322,82,18,75,0,4,0.39,6,5,5,7,21,3.9,Medium,Near,Yes,Low,Male,High,Yes,No,Medium,College,Medium,Negative,Single,Private,Medium,66
6323,72,28,63,1,2,1.72,8,6,6,7,20,4.3,High,Near,No,Low,Male,Medium,Yes,No,Low,High School,Low,Neutral,Single,Public,High,66
6324,81,17,53,0,2,2.08,8,7,7,6,20,5.2,Low,Far,Yes,Medium,Male,Medium,Yes,No,High,High School,High,Neutral,In Relationship,Public,Medium,64
6325,65,12,65,2,2,0.24,7,4,4,8,21,2.4,Medium,Near,No,Medium,Male,Medium,Yes,No,Medium,High School,Low,Neutral,In Relationship,Public,Medium,60
6326,97,17,84,3,3,0.41,8,5,5,7,22,4.1,Medium,Near,Yes,Low,Female,Medium,No,No,Medium,Postgraduate,Medium,Neutral,In Relationship,Private,Low,70
6327,96,24,96,2,3,0.25,8,4,4,8,23,2.5,Medium,Near,No,Low,Female,Medium,Yes,No,Medium,College,Medium,Positive,In Relationship,Public,Low,72
6328,68,28,63,0,2,2.16,7,8,8,6,21,5.4,Medium,Near,Yes,Low,Male,Medium,Yes,No,Medium,College,High,Negative,In Relationship,Public,High,67
6329,74,21,83,1,3,0.47000000000000003,10,5,5,7,19,4.7,High,Moderate,Yes,High,Female,Medium,Yes,No,Low,High School,Medium,Neutral,Single,Public,Medium,67
6330,85,28,74,1,3,0.29,7,5,5,7,22,2.9,Medium,Near,Yes,Medium,Female,Medium,Yes,No,Medium,Postgraduate,Medium,Positive,In Relationship,Public,High,72
6331,64,12,81,1,3,0.43,9,4,4,8,21,4.3,High,Moderate,Yes,High,Male,Medium,No,No,Medium,High School,High,Neutral,Single,Public,High,63
6332,74,17,50,0,2,2.52,9,8,8,5,22,6.3,Medium,Far,No,Low,Female,Medium,Yes,No,Medium,High School,Low,Negative,Single,Public,High,60
6333,70,18,56,1,4,2.12,4,8,8,5,18,5.3,Medium,Near,Yes,High,Male,High,Yes,No,Medium,High School,Medium,Neutral,Single,Public,High,65
6334,97,19,61,2,1,0.61,9,7,7,6,21,6.1,Medium,Moderate,Yes,Medium,Male,Low,Yes,No,High,Postgraduate,High,Neutral,Single,Public,High,72
6335,94,21,95,0,3,2.04,9,8,8,6,22,5.1,High,Near,No,Medium,Male,Medium,Yes,No,Low,High School,Medium,Negative,In Relationship,Private,High,70
6336,83,24,52,1,4,2.32,7,7,7,6,21,5.8,Medium,Near,Yes,Medium,Female,High,Yes,No,High,College,High,Positive,In Relationship,Public,High,71
6337,81,17,78,1,4,0.5599999999999999,8,7,7,6,22,5.6,Medium,Moderate,Yes,Low,Male,High,Yes,No,Low,College,Low,Positive,Single,Private,High,66
6338,97,21,96,2,4,1.8800000000000001,8,7,7,5,20,4.7,Medium,Moderate,Yes,Low,Female,High,Yes,No,High,College,Low,Positive,Single,Public,High,72
6339,97,20,83,3,3,2.32,9,7,7,6,21,5.8,Medium,Near,Yes,Medium,Female,Medium,Yes,No,High,Postgraduate,Low,Positive,In Relationship,Public,High,73
6340,99,14,74,2,3,1.8399999999999999,6,7,7,6,19,4.6,Medium,Near,Yes,Medium,Male,Medium,Yes,No,Medium,College,High,Neutral,Complicated,Public,Medium,71
6341,65,19,69,4,2,2.72,9,9,9,5,20,6.8,Low,Far,No,Low,Male,Medium,Yes,No,Medium,College,High,Neutral,In Relationship,Public,High,64
6342,66,19,81,1,3,1.7600000000000002,5,5,5,7,23,4.4,High,Moderate,Yes,High,Male,Medium,Yes,No,Medium,College,Medium,Positive,In Relationship,Private,Medium,66
6343,87,19,74,1,3,0.5700000000000001,4,7,7,6,19,5.7,Medium,Near,No,High,Male,Medium,Yes,No,High,College,Medium,Positive,In Relationship,Public,Medium,69
6344,82,20,85,1,3,1.8,8,7,7,5,20,4.5,Medium,Near,No,Medium,Female,Medium,Yes,Yes,Low,Postgraduate,Low,Neutral,Single,Private,High,66
6345,61,20,81,0,2,1.64,9,7,7,5,22,4.1,High,Near,No,High,Male,Medium,Yes,Yes,Medium,High School,Medium,Neutral,In Relationship,Public,High,63
6346,62,17,78,0,3,1.2800000000000002,7,4,4,8,22,3.2,Medium,Near,Yes,Medium,Male,Medium,Yes,No,Medium,High School,Medium,Negative,Single,Public,High,62
6347,96,28,98,1,3,1.8800000000000001,4,7,7,6,19,4.7,Low,Near,Yes,High,Male,Medium,Yes,No,High,High School,High,Positive,In Relationship,Public,High,98
6348,95,13,92,1,2,1.6,5,5,5,7,20,4,High,Near,Yes,Medium,Female,Medium,Yes,No,Low,College,High,Positive,In Relationship,Private,Medium,71
6349,74,16,80,0,4,2.9600000000000004,8,9,9,5,20,7.4,Medium,Near,No,Low,Female,High,Yes,No,Medium,Postgraduate,High,Positive,In Relationship,Public,Medium,66
6350,96,37,77,2,3,2.72,7,9,9,4,19,6.8,Medium,Moderate,No,Medium,Female,Medium,Yes,No,Medium,High School,Medium,Positive,Single,Public,Medium,75
6351,84,14,86,1,4,0.45999999999999996,9,5,5,7,20,4.6,Medium,Near,Yes,Low,Female,High,Yes,No,High,High School,High,Positive,In Relationship,Private,Medium,68
6352,92,12,90,2,5,0.6900000000000001,7,8,8,5,20,6.9,Medium,Near,No,Medium,Male,High,Yes,No,Medium,High School,High,Negative,In Relationship,Public,High,69
6353,77,24,65,2,3,0.45999999999999996,6,6,6,6,20,4.6,Low,Near,Yes,Medium,Male,Medium,Yes,No,High,High School,Medium,Positive,Single,Private,High,68
6354,65,8,83,3,4,2.08,7,8,8,6,19,5.2,Medium,Near,No,Medium,Female,High,Yes,No,Low,High School,Medium,Negative,In Relationship,Public,Medium,60
6355,77,19,57,4,3,0.7200000000000001,9,8,8,5,22,7.2,Low,Near,No,Medium,Female,Medium,Yes,Yes,Low,High School,Medium,Neutral,In Relationship,Public,Medium,64
6356,78,33,72,4,3,2.2,9,7,7,6,21,5.5,Medium,Moderate,No,Medium,Male,Medium,Yes,No,Medium,High School,Medium,Positive,Single,Public,Medium,71
6357,82,11,97,2,3,2.12,7,8,8,6,22,5.3,High,Near,No,High,Male,Medium,Yes,No,Low,College,High,Positive,In Relationship,Public,Medium,69
6358,64,8,66,1,3,2.12,7,8,8,5,19,5.3,Medium,Near,Yes,Low,Male,Medium,Yes,No,Medium,College,Medium,Positive,In Relationship,Private,Medium,60
6359,100,11,58,1,3,1.32,8,4,4,8,19,3.3,High,Near,Yes,Low,Female,Medium,Yes,No,High,College,High,Positive,Single,Private,Medium,70
6360,70,25,57,4,3,2.12,6,8,8,5,19,5.3,Medium,Near,Yes,Medium,Male,Medium,Yes,No,Medium,High School,Low,Neutral,Single,Private,Medium,66
6361,68,27,70,0,3,2.04,8,8,8,5,21,5.1,Medium,Near,No,Medium,Male,Medium,Yes,No,High,Postgraduate,High,Positive,In Relationship,Private,Medium,68
6362,81,17,61,2,2,0.65,7,8,8,5,23,6.5,Low,Near,No,High,Female,Medium,Yes,No,Medium,College,High,Positive,Single,Public,Medium,67
6363,81,24,71,1,3,1.6800000000000002,7,5,5,7,21,4.2,Medium,Near,Yes,Medium,Male,Medium,Yes,No,High,College,Medium,Neutral,In Relationship,Public,High,70
6364,78,28,86,0,2,0.7400000000000001,7,8,8,5,22,7.4,Medium,Moderate,Yes,Low,Male,Medium,Yes,No,Low,College,High,Neutral,In Relationship,Public,High,69
6365,91,31,94,2,3,0.51,7,5,5,7,19,5.1,High,Far,Yes,High,Male,Medium,Yes,No,High,High School,Medium,Negative,Single,Public,High,75
6366,81,19,56,1,3,2.2800000000000002,10,7,7,6,19,5.7,Low,Near,Yes,Medium,Male,Medium,Yes,No,Low,High School,Medium,Positive,Single,Public,High,65
6367,84,6,88,1,5,1.72,6,6,6,7,20,4.3,Medium,Moderate,Yes,Low,Male,High,Yes,No,Medium,Postgraduate,Medium,Positive,Single,Private,Medium,65
6368,89,15,55,1,4,1.6800000000000002,6,7,7,5,19,4.2,Low,Moderate,No,Medium,Male,High,Yes,No,Medium,Postgraduate,Medium,Positive,Single,Public,Medium,66
6369,61,17,69,1,3,0.29,9,4,4,8,22,2.9,Medium,Far,Yes,Medium,Male,Medium,Yes,No,High,High School,High,Positive,In Relationship,Public,High,64
6370,83,18,100,1,2,1.56,8,5,5,7,19,3.9,Medium,Near,No,Low,Female,Medium,Yes,No,Medium,High School,Low,Negative,In Relationship,Private,High,66
6371,95,19,53,3,1,1.72,8,6,6,7,22,4.3,High,Moderate,Yes,Low,Female,Low,Yes,No,Medium,High School,Medium,Positive,Single,Public,Medium,70
6372,61,27,51,1,1,0.42000000000000004,5,4,4,7,22,4.2,Low,Far,No,Low,Male,Low,Yes,No,High,College,High,Positive,In Relationship,Private,Medium,63
6373,76,28,67,1,4,2.4000000000000004,7,9,9,5,20,6,Low,Near,No,High,Male,High,Yes,No,High,College,Low,Negative,Complicated,Public,Low,66
6374,97,19,98,1,3,0.35000000000000003,8,4,4,8,22,3.5,Medium,Near,Yes,Medium,Female,Medium,Yes,No,Low,College,Low,Positive,In Relationship,Public,Medium,71
6375,74,27,51,2,4,0.42000000000000004,6,4,4,8,19,4.2,High,Far,No,Medium,Male,High,Yes,No,High,High School,Medium,Positive,Single,Private,Medium,68
6376,78,22,61,2,5,1.72,8,7,7,6,21,4.3,Medium,Moderate,Yes,High,Male,High,Yes,No,Medium,High School,Medium,Positive,Single,Public,Medium,68
6377,99,20,80,0,3,2.16,7,7,7,6,22,5.4,Medium,Near,No,Medium,Male,Medium,Yes,No,High,Postgraduate,Low,Negative,In Relationship,Public,High,71
6378,68,25,62,1,4,1.92,6,5,5,8,19,4.8,Medium,Moderate,No,Low,Female,High,Yes,No,Low,College,Low,Negative,Single,Private,High,63
6379,63,20,53,1,4,0.52,9,7,7,6,21,5.2,Low,Near,No,Medium,Male,High,Yes,No,Low,High School,Low,Positive,In Relationship,Public,Medium,60
6380,94,32,53,1,3,3.2,9,9,9,5,20,8,High,Near,Yes,Medium,Female,Medium,Yes,No,Medium,High School,Medium,Neutral,In Relationship,Public,Medium,73
6381,95,11,78,4,4,0.6000000000000001,7,7,7,6,22,6,Medium,Near,Yes,Medium,Female,High,Yes,No,Low,High School,Medium,Negative,Single,Private,Medium,68
6382,79,17,78,2,5,2.68,8,9,9,4,19,6.7,High,Near,Yes,High,Female,High,Yes,No,Medium,High School,High,Positive,Single,Public,Medium,70
6383,81,19,85,1,1,2.84,9,9,9,4,19,7.1,Medium,Moderate,Yes,Low,Male,Low,Yes,No,Medium,High School,Medium,Neutral,Single,Public,Medium,66
6384,93,23,57,1,2,1.2000000000000002,6,4,4,8,20,3,Medium,Near,No,High,Female,Medium,Yes,No,Medium,Postgraduate,High,Positive,Single,Public,Medium,72
6385,90,28,75,1,3,0.24,8,4,4,8,23,2.4,Low,Moderate,Yes,Low,Male,Medium,Yes,Yes,Medium,High School,High,Neutral,Complicated,Public,High,70
6386,71,20,80,2,3,2.2800000000000002,6,8,8,5,20,5.7,High,Near,Yes,High,Male,Medium,Yes,No,Medium,High School,High,Positive,Single,Public,Low,68
6387,61,11,61,3,0,0.55,5,7,7,6,20,5.5,Medium,Near,Yes,Medium,Male,Low,Yes,Yes,Medium,Postgraduate,Medium,Neutral,In Relationship,Public,High,60
6388,79,25,77,2,3,2.5600000000000005,6,8,8,5,19,6.4,Medium,Near,No,Low,Male,Medium,No,No,Low,High School,High,Neutral,Single,Public,High,68
6389,94,25,85,1,2,2.52,5,9,9,5,19,6.3,High,Near,No,Medium,Female,Medium,Yes,No,High,College,High,Neutral,Complicated,Public,Medium,74
6390,96,8,100,1,4,0.45,8,5,5,7,21,4.5,Medium,Moderate,Yes,High,Male,High,Yes,No,High,High School,Medium,Negative,In Relationship,Public,Medium,68
6391,98,20,80,4,4,0.73,6,7,7,6,21,7.3,Medium,Near,Yes,Medium,Male,High,Yes,No,Low,College,Low,Positive,Single,Public,Medium,72
6392,95,10,93,0,3,1.52,5,4,4,8,20,3.8,High,Moderate,Yes,Low,Male,Medium,Yes,No,High,High School,Medium,Positive,Single,Public,High,69
6393,83,16,92,2,4,1.8800000000000001,8,7,7,6,20,4.7,Medium,Near,Yes,High,Female,High,Yes,No,Low,Postgraduate,Low,Positive,Single,Public,High,98
6394,78,15,97,1,4,0.49000000000000005,8,5,5,7,24,4.9,High,Near,No,Medium,Male,High,Yes,No,Medium,Postgraduate,Medium,Neutral,In Relationship,Public,Medium,68
6395,91,25,86,0,5,1.52,7,5,5,7,21,3.8,Low,Near,No,Medium,Female,High,Yes,No,Medium,High School,Medium,Neutral,Single,Public,Medium,70
6396,90,21,61,1,4,1.8,8,5,5,7,20,4.5,Medium,Moderate,No,High,Female,High,Yes,No,Medium,Postgraduate,Medium,Positive,Single,Public,Medium,69
6397,82,12,65,3,3,0.39,6,5,5,7,21,3.9,Low,Near,No,Medium,Female,Medium,Yes,No,Low,High School,High,Negative,In Relationship,Private,Medium,64
6398,63,25,89,1,4,0.48,6,5,5,7,20,4.8,Low,Moderate,No,Medium,Male,High,Yes,No,High,High School,Medium,Neutral,In Relationship,Private,High,65
6399,97,11,76,2,2,2.8000000000000003,8,9,9,4,19,7,Medium,Moderate,No,Medium,Female,Medium,Yes,No,High,High School,Medium,Positive,Single,Public,High,69
6400,78,22,63,2,4,2.9600000000000004,9,9,9,5,20,7.4,Low,Near,No,Medium,Male,High,Yes,No,High,High School,Medium,Neutral,In Relationship,Public,High,67
6401,75,15,83,1,2,2.72,6,9,9,4,23,6.8,High,Near,No,High,Female,Medium,Yes,No,Low,High School,Medium,Negative,Single,Private,Medium,65
6402,85,18,95,2,4,0.73,6,8,8,5,20,7.3,High,Near,Yes,Low,Female,High,Yes,No,High,College,Medium,Positive,In Relationship,Private,Low,70
6403,87,23,68,0,3,1.92,8,7,7,6,19,4.8,Low,Far,No,High,Male,Medium,Yes,No,Medium,College,High,Neutral,Single,Private,High,68
6404,68,23,80,1,1,0.7200000000000001,8,7,7,6,22,7.2,Medium,Near,Yes,Medium,Female,Low,Yes,No,Medium,High School,Medium,Neutral,Single,Public,Low,65
6405,93,28,79,0,4,0.37000000000000005,7,4,4,8,22,3.7,Medium,Near,No,Medium,Male,High,Yes,No,High,Postgraduate,Medium,Positive,In Relationship,Public,Medium,74
6406,72,20,56,4,2,1.8800000000000001,9,5,5,7,20,4.7,Medium,Near,Yes,High,Male,Medium,Yes,No,Medium,High School,Medium,Negative,In Relationship,Public,Medium,65
6407,67,22,55,1,2,0.4,10,4,4,8,22,4,High,Moderate,Yes,Low,Male,Medium,Yes,No,Medium,High School,High,Positive,In Relationship,Public,Medium,65
6408,76,17,94,3,4,2.32,8,7,7,6,21,5.8,Medium,Moderate,Yes,Medium,Female,High,Yes,No,Medium,High School,High,Neutral,In Relationship,Public,Medium,68
6409,89,21,97,1,3,2.08,6,8,8,6,19,5.2,Medium,Far,No,Low,Female,Medium,No,No,Medium,Postgraduate,Medium,Negative,In Relationship,Private,Medium,68
6410,99,23,95,5,4,0.5900000000000001,8,7,7,6,21,5.9,Medium,Moderate,No,Medium,Female,High,Yes,No,High,High School,Medium,Neutral,Single,Public,Medium,74
6411,92,19,70,2,3,1.72,6,7,7,6,21,4.3,Medium,Near,No,Medium,Female,Medium,Yes,No,High,High School,High,Negative,Single,Private,Medium,71
6412,98,9,64,1,3,1.8800000000000001,9,7,7,6,20,4.7,Medium,Near,Yes,Low,Male,Medium,Yes,No,Medium,High School,High,Negative,Single,Private,Medium,67
6413,66,22,97,0,3,0.45,6,5,5,7,22,4.5,Medium,Moderate,Yes,High,Female,Medium,Yes,No,Low,High School,Medium,Neutral,In Relationship,Public,Low,64
6414,63,22,94,0,3,0.5900000000000001,7,8,8,5,21,5.9,Low,Far,Yes,Medium,Male,Medium,Yes,Yes,Medium,High School,Low,Negative,In Relationship,Public,Medium,61
6415,82,16,91,0,3,1.72,6,5,5,7,19,4.3,Medium,Near,No,Low,Female,Medium,Yes,No,Medium,High School,Medium,Positive,In Relationship,Public,Medium,66
6416,72,12,67,0,2,0.27999999999999997,7,4,4,8,22,2.8,Medium,Near,No,Low,Female,Medium,Yes,No,Low,High School,Medium,Positive,Complicated,Public,Medium,61
6417,93,29,82,5,3,1.92,7,7,7,6,19,4.8,High,Moderate,No,Low,Male,Medium,Yes,No,Medium,High School,Medium,Negative,Single,Public,Medium,73
6418,87,23,88,2,3,0.45,8,5,5,7,21,4.5,Medium,Near,No,Medium,Male,Medium,Yes,No,High,High School,Low,Neutral,In Relationship,Public,High,70
6419,99,19,79,2,2,3.3200000000000003,7,9,9,5,19,8.3,Medium,Near,No,Low,Male,Medium,Yes,No,Medium,Postgraduate,Low,Neutral,In Relationship,Private,Medium,70
6420,70,13,80,1,4,0.43,7,4,4,8,24,4.3,Low,Far,Yes,High,Female,High,Yes,No,High,College,Medium,Positive,Single,Public,Medium,63
6421,79,15,88,3,3,1.7600000000000002,6,6,6,7,21,4.4,Medium,Moderate,Yes,High,Male,Medium,Yes,No,Medium,Postgraduate,High,Neutral,Single,Public,Medium,69
6422,80,28,88,2,2,2.6,7,9,9,5,18,6.5,High,Near,No,High,Male,Medium,Yes,No,Medium,High School,High,Negative,Single,Public,Medium,72
6423,70,21,62,2,2,0.33,5,4,4,8,22,3.3,High,Near,Yes,Low,Female,Medium,Yes,No,Medium,High School,Medium,Neutral,In Relationship,Public,High,66
6424,84,17,70,1,4,2.8000000000000003,9,9,9,5,20,7,High,Near,No,High,Male,High,Yes,No,Medium,High School,High,Negative,In Relationship,Public,Medium,68
6425,78,23,89,1,3,1.8800000000000001,7,7,7,6,21,4.7,High,Far,No,Medium,Male,Medium,Yes,No,Medium,High School,Medium,Neutral,Single,Public,Low,67
6426,78,15,63,2,3,1.9600000000000002,9,7,7,6,21,4.9,High,Far,Yes,Medium,Female,Medium,No,No,Medium,Postgraduate,Medium,Positive,Single,Private,Medium,65
6427,75,29,96,2,3,1.6800000000000002,7,7,7,5,19,4.2,Medium,Moderate,Yes,Low,Male,Medium,Yes,No,Low,High School,Low,Positive,Single,Public,Medium,68
6428,61,28,92,1,4,2.84,4,9,9,5,19,7.1,Medium,Near,Yes,Medium,Female,High,Yes,No,Low,College,High,Neutral,In Relationship,Private,High,68
6429,81,17,95,2,3,0.55,6,7,7,6,24,5.5,Medium,Near,No,Medium,Male,Medium,Yes,No,High,High School,High,Positive,In Relationship,Private,Medium,69
6430,73,16,65,1,4,0.36000000000000004,7,5,5,7,22,3.6,High,Moderate,Yes,Medium,Male,High,Yes,No,Low,College,High,Positive,Single,Private,Medium,66
6431,60,4,55,2,2,2.2,7,8,8,5,20,5.5,Medium,Near,Yes,Low,Male,Medium,Yes,No,Medium,Postgraduate,Medium,Neutral,In Relationship,Private,Medium,58
6432,72,11,55,0,3,0.37000000000000005,8,6,6,7,21,3.7,Low,Near,No,Medium,Male,Medium,Yes,Yes,High,College,High,Neutral,Single,Public,Low,60
6433,71,12,78,3,4,2.08,7,7,7,6,22,5.2,High,Moderate,Yes,Low,Female,High,Yes,No,High,College,High,Positive,Single,Public,Medium,67
6434,76,21,65,2,2,1.9600000000000002,6,5,5,7,23,4.9,Medium,Near,Yes,Low,Female,Medium,Yes,No,Low,High School,Medium,Negative,In Relationship,Public,High,65
6435,65,18,63,1,2,1.08,6,4,4,8,19,2.7,Medium,Far,Yes,Low,Male,Medium,Yes,No,High,High School,High,Negative,Single,Public,Medium,62
6436,80,12,61,0,2,0.25,6,4,4,8,23,2.5,High,Near,Yes,High,Male,Medium,Yes,No,Medium,High School,Medium,Neutral,In Relationship,Private,High,65
6437,88,18,78,0,2,0.45,8,6,6,6,20,4.5,High,Moderate,No,Medium,Male,Medium,Yes,No,Medium,College,High,Neutral,In Relationship,Public,Medium,69
6438,85,23,77,0,4,0.9199999999999999,8,4,4,8,19,2.3,High,Near,No,High,Male,High,Yes,No,Medium,College,Low,Positive,Single,Public,Medium,70
6439,92,23,71,2,2,2,6,7,7,5,21,5,High,Moderate,Yes,Low,Male,Medium,Yes,No,High,High School,Low,Positive,Single,Public,Medium,70
6440,78,9,57,1,5,2.7600000000000002,9,9,9,4,20,6.9,Medium,Moderate,No,Low,Female,High,Yes,No,Low,High School,High,Positive,Single,Public,High,63
6441,81,19,96,0,4,1.7600000000000002,8,5,5,8,20,4.4,Medium,Near,Yes,Medium,Male,High,Yes,No,High,Postgraduate,Low,Neutral,In Relationship,Public,High,69
6442,92,12,71,0,4,2.8000000000000003,6,9,9,4,24,7,Medium,Near,No,Medium,Male,High,Yes,No,Low,High School,Low,Negative,Single,Private,High,64
6443,77,25,56,1,3,0.32000000000000006,7,3,3,8,19,3.2,High,Near,No,Low,Male,Medium,Yes,No,Medium,Postgraduate,Medium,Positive,Single,Public,Medium,69
6444,88,25,52,1,2,0.27999999999999997,8,4,4,8,21,2.8,Medium,Near,Yes,Medium,Male,Medium,Yes,No,Low,High School,High,Positive,In Relationship,Public,Medium,70
6445,77,15,58,1,3,1.52,5,4,4,8,20,3.8,Medium,Moderate,Yes,Low,Female,Medium,Yes,No,Medium,College,Medium,Positive,Single,Public,Medium,64
6446,77,15,65,2,4,2.2399999999999998,5,7,7,6,21,5.6,Medium,Near,Yes,Low,Male,High,No,Yes,Low,Postgraduate,High,Positive,In Relationship,Public,Medium,65
6447,90,17,82,0,4,2,8,8,8,5,20,5,Medium,Near,No,Medium,Male,High,Yes,No,Medium,College,High,Neutral,In Relationship,Public,High,70
6448,67,6,99,0,2,1.9600000000000002,6,5,5,7,23,4.9,Low,Near,Yes,Medium,Male,Medium,Yes,No,Low,College,Medium,Neutral,In Relationship,Private,Medium,60
6449,74,22,64,3,3,0.24,9,4,4,8,21,2.4,High,Near,Yes,Medium,Female,Medium,Yes,No,High,High School,Medium,Neutral,In Relationship,Public,Medium,68
6450,69,18,89,2,1,1.8800000000000001,10,7,7,6,21,4.7,Low,Moderate,Yes,Low,Male,Low,Yes,Yes,Low,High School,Low,Neutral,Single,Public,High,61
6451,74,26,96,2,3,2.7600000000000002,8,8,8,5,21,6.9,Low,Near,Yes,Medium,Female,Medium,Yes,No,Medium,High School,Medium,Neutral,Single,Private,High,68
6452,69,13,70,1,3,1.6,8,4,4,8,19,4,Low,Moderate,No,High,Male,Medium,Yes,No,Medium,High School,Medium,Neutral,Single,Private,High,61
6453,83,16,63,2,3,0.27999999999999997,5,4,4,8,22,2.8,Medium,Moderate,No,High,Female,Medium,Yes,Yes,Low,High School,Low,Positive,Single,Private,Medium,64
6454,92,11,75,2,3,0.45,5,5,5,7,23,4.5,Medium,Near,No,Medium,Female,Medium,Yes,No,Medium,High School,Medium,Negative,In Relationship,Public,Medium,66
6455,91,14,95,2,2,0.68,7,7,7,6,22,6.8,Medium,Moderate,Yes,High,Male,Medium,Yes,No,Medium,High School,Medium,Positive,Single,Public,High,70
6456,75,13,51,3,3,0.4,5,5,5,7,22,4,High,Near,Yes,Medium,Female,Medium,Yes,No,Medium,High School,High,Negative,Single,Private,Medium,65
6457,100,26,74,1,2,2.72,7,9,9,4,22,6.8,High,Near,Yes,Medium,Female,Medium,Yes,No,High,High School,Medium,Neutral,Single,Public,Medium,74
6458,84,16,88,1,1,0.51,6,5,5,7,19,5.1,High,Near,No,Medium,Male,Low,Yes,Yes,Low,High School,High,Negative,Single,Private,Medium,66
6459,76,21,80,3,2,0.7200000000000001,7,7,7,6,22,7.2,Medium,Near,Yes,Low,Male,Medium,Yes,Yes,High,College,Low,Negative,Single,Public,Medium,65
6460,93,18,75,1,1,1.8,7,7,7,6,21,4.5,High,Moderate,No,High,Female,Low,Yes,No,High,College,Low,Positive,Single,Private,Medium,69
6461,89,12,78,4,5,2.52,8,8,8,5,21,6.3,High,Near,Yes,Low,Female,High,Yes,No,Low,Postgraduate,Medium,Neutral,Single,Public,Medium,69
6462,90,19,81,2,2,0.33,7,3,3,8,19,3.3,High,Near,No,Medium,Female,Medium,Yes,No,Medium,High School,Low,Positive,Single,Private,Medium,69
6463,68,24,84,1,4,0.65,6,8,8,5,19,6.5,Low,Near,No,Low,Female,High,Yes,No,Medium,High School,High,Positive,Single,Public,High,66
6464,79,13,68,2,3,0.38,5,4,4,8,21,3.8,Low,Near,No,High,Female,Medium,No,No,Medium,High School,Medium,Positive,In Relationship,Private,Medium,63
6465,94,25,76,1,2,2.04,7,7,7,6,21,5.1,Low,Moderate,Yes,Low,Female,Medium,Yes,Yes,Medium,High School,Medium,Neutral,Single,Private,High,69
6466,80,15,64,1,1,0.45,4,5,5,7,24,4.5,High,Near,Yes,Medium,Male,Low,Yes,No,Medium,High School,Medium,Neutral,In Relationship,Public,Medium,65
6467,87,17,99,1,3,1.36,9,5,5,7,20,3.4,Medium,Moderate,No,Medium,Male,Medium,Yes,No,Medium,High School,Medium,Neutral,In Relationship,Private,Low,67
6468,84,23,59,1,4,0.47000000000000003,8,7,7,6,22,4.7,Medium,Far,No,Low,Female,High,Yes,Yes,Low,Postgraduate,Medium,Positive,Single,Public,High,66
6469,94,16,58,2,3,0.30000000000000004,8,4,4,8,21,3,Medium,Near,Yes,Low,Male,Medium,Yes,Yes,Medium,College,Low,Positive,In Relationship,Public,Medium,67
6470,71,20,63,1,2,0.49000000000000005,6,6,6,6,20,4.9,High,Moderate,Yes,Low,Male,Medium,Yes,No,High,College,Low,Positive,Single,Public,Medium,65
6471,83,18,96,0,4,1.7600000000000002,8,5,5,7,23,4.4,High,Near,No,Medium,Female,High,Yes,Yes,Low,Postgraduate,Medium,Positive,In Relationship,Public,High,69
6472,65,21,83,3,5,1.8399999999999999,6,6,6,7,21,4.6,High,Near,No,Low,Male,High,Yes,No,Medium,High School,Low,Neutral,Single,Public,High,65
6473,88,6,73,3,3,2.72,7,9,9,5,20,6.8,High,Near,Yes,Low,Male,Medium,Yes,No,Medium,College,High,Neutral,In Relationship,Private,Medium,67
6474,89,9,96,0,4,0.5700000000000001,6,8,8,5,18,5.7,Medium,Near,Yes,High,Male,High,Yes,No,Medium,High School,Medium,Negative,In Relationship,Public,Low,66
6475,62,24,95,1,3,1.4800000000000002,7,4,4,8,19,3.7,Medium,Far,No,High,Female,Medium,Yes,No,Medium,College,Low,Positive,Single,Public,Low,64
6476,87,26,70,1,2,0.44000000000000006,5,6,6,7,22,4.4,High,Near,No,Low,Female,Medium,Yes,No,Low,High School,Medium,Positive,In Relationship,Private,Medium,70
6477,77,15,78,0,3,2,7,8,8,5,20,5,High,Moderate,Yes,Low,Male,Medium,Yes,No,Medium,High School,Medium,Neutral,In Relationship,Public,High,65
6478,65,19,95,2,4,0.44000000000000006,5,5,5,7,22,4.4,Medium,Near,Yes,Medium,Male,High,Yes,No,Medium,College,Low,Neutral,Single,Private,High,65
6479,77,22,66,2,3,0.45,10,5,5,7,20,4.5,Low,Moderate,No,Low,Male,Medium,Yes,No,Medium,College,Low,Positive,Single,Public,Medium,64
6480,68,24,70,1,3,1.92,7,7,7,6,19,4.8,Low,Near,Yes,Low,Male,Medium,Yes,No,Low,College,Medium,Neutral,Single,Public,Low,64
6481,77,8,90,1,0,0.45999999999999996,7,6,6,6,20,4.6,Low,Moderate,Yes,Medium,Male,Low,Yes,No,Low,High School,Medium,Neutral,Single,Public,Medium,61
6482,75,15,85,1,3,0.61,8,8,8,5,20,6.1,Medium,Near,No,Low,Male,Medium,Yes,No,Medium,High School,High,Neutral,Single,Public,High,65
6483,90,18,52,5,3,1.8399999999999999,5,7,7,6,19,4.6,Medium,Moderate,Yes,Medium,Male,Medium,Yes,Yes,Low,High School,High,Positive,Complicated,Private,Medium,68
6484,91,24,56,1,2,1.72,6,6,6,7,22,4.3,High,Moderate,Yes,Low,Male,Medium,Yes,No,Medium,College,Low,Positive,In Relationship,Public,High,70
6485,84,35,92,6,4,2.12,8,7,7,5,19,5.3,Medium,Moderate,Yes,Low,Male,High,Yes,No,High,High School,Low,Negative,Single,Public,High,74
6486,61,19,51,1,1,0.41,7,5,5,7,22,4.1,Medium,Near,No,Low,Female,Low,Yes,No,Low,High School,Medium,Neutral,In Relationship,Public,High,60
6487,97,12,96,2,2,1.92,6,7,7,6,19,4.8,Low,Near,Yes,Low,Female,Medium,Yes,No,Medium,Postgraduate,High,Positive,In Relationship,Public,High,71
6488,87,22,64,2,3,0.29,8,5,5,7,22,2.9,High,Moderate,Yes,Medium,Female,Medium,No,No,Medium,High School,High,Negative,Complicated,Public,High,70
6489,61,28,80,2,4,1.36,7,5,5,7,20,3.4,Medium,Near,Yes,Medium,Female,High,Yes,No,Low,Postgraduate,Low,Positive,In Relationship,Public,Medium,67
6490,93,21,78,0,3,0.48,8,5,5,7,22,4.8,Medium,Near,Yes,Low,Male,Medium,No,No,Medium,High School,Medium,Neutral,Single,Private,Medium,68
6491,68,15,70,3,3,0.6200000000000001,8,8,8,5,22,6.2,Medium,Near,No,Medium,Female,Medium,Yes,No,Medium,High School,High,Negative,Single,Public,High,64
6492,83,26,52,0,3,0.49000000000000005,6,5,5,7,24,4.9,Low,Near,No,Low,Male,Medium,Yes,No,Medium,High School,High,Negative,In Relationship,Public,High,67
6493,79,24,60,0,3,0.45999999999999996,7,7,7,6,21,4.6,Low,Near,No,Low,Female,Medium,Yes,No,Low,Postgraduate,Low,Neutral,In Relationship,Public,High,65
6494,77,14,81,3,3,0.7200000000000001,4,8,8,5,22,7.2,Medium,Near,Yes,Medium,Female,Medium,Yes,No,Low,College,Medium,Neutral,In Relationship,Private,Medium,66
6495,96,22,72,1,4,0.51,6,5,5,7,22,5.1,Medium,Near,Yes,High,Female,High,Yes,No,Low,College,Medium,Positive,In Relationship,Public,Medium,72
6496,77,26,71,3,3,0.25,7,4,4,8,22,2.5,Medium,Near,Yes,High,Female,Medium,Yes,No,High,High School,Low,Neutral,In Relationship,Public,Medium,69
6497,63,27,55,1,3,0.49000000000000005,8,7,7,6,20,4.9,Medium,Near,Yes,Medium,Female,Medium,Yes,No,Low,Postgraduate,Medium,Neutral,Complicated,Private,Medium,65
6498,98,20,67,0,3,2.8000000000000003,8,9,9,4,24,7,High,Near,Yes,High,Female,Medium,Yes,No,Medium,High School,Low,Positive,Single,Public,Medium,71
6499,97,18,76,0,5,0.27999999999999997,6,4,4,8,22,2.8,High,Moderate,Yes,Medium,Male,High,Yes,No,Medium,High School,High,Neutral,Single,Public,High,72
6500,87,27,54,0,2,1.6800000000000002,6,7,7,6,22,4.2,Medium,Near,No,Medium,Female,Medium,Yes,No,Medium,High School,High,Positive,Single,Private,Medium,70
6501,79,13,53,1,2,2,9,8,8,5,19,5,Medium,Moderate,No,Medium,Male,Medium,No,No,Medium,College,High,Positive,In Relationship,Private,Medium,63
6502,64,23,75,2,2,0.45,7,5,5,7,22,4.5,Medium,Near,No,Medium,Female,Medium,Yes,No,Medium,High School,Medium,Positive,In Relationship,Public,High,66
6503,92,12,78,3,2,0.49000000000000005,7,5,5,7,19,4.9,Low,Near,Yes,Medium,Male,Medium,Yes,No,High,College,Low,Negative,Single,Public,High,67
6504,63,26,63,1,3,2.8000000000000003,8,9,9,4,19,7,High,Near,No,High,Male,Medium,Yes,No,Low,Postgraduate,Medium,Neutral,In Relationship,Public,High,67
6505,63,18,66,2,2,0.5,7,5,5,7,20,5,Medium,Near,Yes,Medium,Female,Medium,Yes,No,Low,College,Medium,Negative,Single,Private,Medium,62
6506,81,28,90,3,3,0.42000000000000004,7,5,5,7,20,4.2,High,Moderate,Yes,Medium,Male,Medium,Yes,No,High,High School,Medium,Negative,In Relationship,Private,Medium,72
6507,66,23,93,1,1,0.47000000000000003,7,5,5,7,19,4.7,High,Near,Yes,High,Female,Low,Yes,No,High,High School,Medium,Positive,Single,Public,High,69
6508,60,13,66,1,5,1.8,6,7,7,6,21,4.5,Medium,Moderate,Yes,Medium,Male,High,Yes,Yes,Medium,College,Medium,Positive,Single,Public,High,61
6509,77,29,68,1,3,1.8800000000000001,7,7,7,6,20,4.7,Low,Far,Yes,Medium,Female,Medium,Yes,No,High,High School,Medium,Positive,Single,Public,Medium,67
6510,65,29,92,0,4,2.32,4,7,7,6,22,5.8,Medium,Near,Yes,Medium,Female,High,No,No,Medium,High School,Low,Positive,Single,Private,Medium,66
6511,66,25,99,2,3,1.7600000000000002,6,7,7,5,21,4.4,Medium,Near,Yes,Medium,Female,Medium,Yes,No,Medium,College,Medium,Positive,In Relationship,Public,Medium,68
6512,63,15,66,1,4,1.1199999999999999,8,5,5,7,20,2.8,High,Near,No,Low,Male,High,Yes,No,High,College,Medium,Negative,In Relationship,Private,Medium,62
6513,68,18,89,0,3,0.54,8,8,8,5,18,5.4,Low,Far,Yes,Medium,Male,Medium,Yes,No,Medium,College,High,Negative,Single,Public,Low,63
6514,89,21,74,3,4,1.56,9,4,4,8,22,3.9,Medium,Moderate,Yes,Low,Female,High,Yes,No,High,High School,Medium,Positive,Single,Private,Medium,70
6515,92,16,63,2,4,1.52,8,5,5,8,21,3.8,High,Moderate,Yes,Low,Male,High,Yes,No,Medium,College,Low,Neutral,In Relationship,Public,Medium,68
6516,78,30,84,1,1,0.5599999999999999,8,7,7,6,19,5.6,High,Near,Yes,High,Male,Low,Yes,No,Medium,College,Medium,Negative,In Relationship,Private,Low,71
6517,80,21,73,0,2,1.36,7,4,4,8,22,3.4,Low,Moderate,No,Medium,Female,Medium,Yes,No,Medium,High School,High,Neutral,Single,Private,Low,65
6518,61,4,63,4,3,0.49000000000000005,6,5,5,7,24,4.9,High,Moderate,Yes,Medium,Male,Medium,Yes,No,Medium,High School,Low,Neutral,In Relationship,Public,Medium,59
6519,63,22,55,2,4,1.56,8,7,7,6,21,3.9,Low,Near,Yes,Medium,Male,High,Yes,No,Medium,High School,High,Neutral,Single,Private,Medium,64
6520,70,18,93,0,3,0.55,7,7,7,6,21,5.5,High,Near,No,Medium,Male,Medium,Yes,No,Medium,College,Medium,Positive,Single,Public,High,67
6521,82,20,94,3,2,2.4000000000000004,6,8,8,6,19,6,Medium,Near,No,Low,Male,Medium,Yes,No,Medium,High School,Medium,Positive,Single,Private,Medium,68
6522,90,18,54,1,3,2.2800000000000002,6,8,8,5,19,5.7,High,Near,Yes,Medium,Female,Medium,Yes,No,Low,High School,High,Negative,In Relationship,Public,High,95
6523,84,25,83,1,3,0.75,7,8,8,5,21,7.5,Medium,Moderate,Yes,Low,Male,Medium,Yes,No,High,High School,Medium,Positive,In Relationship,Public,Medium,70
6524,76,27,58,1,3,1.8800000000000001,9,7,7,6,20,4.7,Medium,Near,No,Medium,Female,Medium,Yes,No,Medium,College,Medium,Positive,In Relationship,Public,Medium,68
6525,65,22,82,2,4,1.8,7,6,6,7,20,4.5,Medium,Near,No,Medium,Male,High,Yes,Yes,Medium,College,Low,Positive,Single,Public,High,65
6526,91,18,95,2,2,0.73,7,8,8,5,21,7.3,Medium,Near,No,Low,Male,Medium,Yes,No,Medium,Postgraduate,Low,Positive,In Relationship,Public,High,70
6527,75,20,63,4,3,0.6000000000000001,8,7,7,6,19,6,Medium,Near,No,Medium,Male,Medium,Yes,No,Medium,Postgraduate,Medium,Neutral,Single,Public,Low,67
6528,89,20,67,2,2,1.64,8,7,7,6,20,4.1,High,Near,No,Low,Male,Medium,Yes,Yes,Medium,College,Medium,Neutral,Single,Public,High,69
6529,81,15,90,1,2,2.04,7,8,8,5,21,5.1,High,Far,Yes,Low,Female,Medium,Yes,No,High,Postgraduate,Medium,Positive,In Relationship,Private,Medium,68
6530,90,23,87,1,2,1.1199999999999999,7,4,4,8,20,2.8,High,Near,No,Low,Female,Medium,Yes,No,High,High School,High,Neutral,Single,Public,Medium,72
6531,96,23,70,1,2,0.55,6,7,7,6,23,5.5,High,Near,No,Medium,Male,Medium,Yes,No,Medium,High School,Medium,Neutral,In Relationship,Public,Medium,71
6532,97,29,92,2,4,0.45999999999999996,9,5,5,7,21,4.6,High,Moderate,Yes,Low,Female,High,Yes,No,Medium,High School,Medium,Positive,In Relationship,Public,Medium,75
6533,81,28,96,0,2,0.47000000000000003,6,6,6,7,21,4.7,High,Near,No,Medium,Male,Medium,Yes,No,Medium,High School,Medium,Neutral,In Relationship,Public,Medium,70
6534,80,16,73,2,4,1.7600000000000002,9,5,5,8,20,4.4,Medium,Near,No,Medium,Male,High,Yes,No,Medium,College,Medium,Negative,In Relationship,Private,Medium,66
6535,71,25,52,3,3,0.42000000000000004,7,5,5,7,22,4.2,High,Near,Yes,Low,Male,Medium,Yes,No,High,High School,Medium,Neutral,In Relationship,Private,Medium,67
6536,97,14,75,1,4,1.72,7,7,7,6,20,4.3,Medium,Near,Yes,Medium,Female,High,Yes,No,High,College,Medium,Positive,Single,Public,Medium,70
6537,78,24,87,2,3,0.22999999999999998,8,3,3,8,23,2.3,High,Near,Yes,Medium,Male,Medium,Yes,No,Medium,High School,High,Neutral,In Relationship,Public,Medium,71
6538,65,17,61,5,4,0.45,6,5,5,7,22,4.5,Medium,Near,No,Low,Female,High,Yes,No,Medium,High School,Medium,Positive,In Relationship,Public,Medium,64
6539,77,14,55,2,4,0.37000000000000005,8,3,3,8,19,3.7,Medium,Near,No,High,Male,High,Yes,No,High,High School,Medium,Neutral,Single,Private,High,65
6540,65,22,64,1,2,1.64,7,5,5,7,19,4.1,Medium,Moderate,Yes,Medium,Male,Medium,Yes,No,High,High School,Medium,Negative,In Relationship,Private,High,64
6541,80,4,51,4,5,0.58,8,7,7,6,22,5.8,Medium,Near,Yes,Medium,Male,High,Yes,No,Medium,High School,Low,Negative,Single,Public,High,62
6542,82,9,86,2,2,0.6400000000000001,6,8,8,5,22,6.4,Low,Far,Yes,Low,Female,Medium,Yes,No,Medium,College,High,Negative,In Relationship,Private,High,64
6543,74,19,57,1,2,1.64,6,7,7,6,20,4.1,High,Near,Yes,Medium,Female,Medium,Yes,No,High,High School,Medium,Positive,Single,Private,Medium,66
6544,63,20,86,0,3,0.38,4,6,6,7,20,3.8,Medium,Near,Yes,High,Male,Medium,Yes,No,Low,College,Medium,Neutral,Complicated,Public,Medium,64
6545,98,18,62,3,3,2.52,6,8,8,5,21,6.3,Medium,Far,Yes,Medium,Female,Medium,Yes,No,Low,High School,High,Positive,Single,Public,High,71
6546,91,11,100,4,2,2.16,6,7,7,6,22,5.4,Low,Near,Yes,Low,Male,Medium,Yes,No,Low,Postgraduate,High,Negative,In Relationship,Public,Medium,68
6547,94,15,77,3,4,0.7200000000000001,6,9,9,4,22,7.2,Medium,Near,Yes,High,Female,High,Yes,No,Low,College,Medium,Neutral,Single,Private,High,70
6548,75,22,52,0,3,0.5,7,7,7,6,21,5,Medium,Near,No,Low,Female,Medium,Yes,No,High,College,High,Neutral,In Relationship,Private,Medium,66
6549,90,23,89,2,4,0.44000000000000006,7,6,6,7,21,4.4,Medium,Moderate,No,High,Female,High,Yes,No,Low,College,Medium,Positive,In Relationship,Public,Medium,71
6550,79,20,71,1,3,1.2800000000000002,8,5,5,7,20,3.2,Medium,Near,Yes,Medium,Female,Medium,Yes,No,Medium,College,Medium,Neutral,In Relationship,Public,High,68
6551,68,27,80,3,4,1.56,8,7,7,5,22,3.9,Low,Near,Yes,Medium,Male,High,Yes,Yes,High,High School,Low,Positive,In Relationship,Public,Medium,66
6552,65,22,98,4,3,2.08,8,8,8,5,21,5.2,Medium,Near,No,Medium,Female,Medium,Yes,No,High,High School,Low,Neutral,In Relationship,Private,Medium,66
6553,74,16,76,5,3,1.6,8,6,6,7,19,4,High,Moderate,No,Low,Male,Medium,Yes,No,Medium,College,Low,Negative,Single,Public,Medium,65
6554,66,18,90,0,4,1.1199999999999999,7,5,5,7,20,2.8,Medium,Near,Yes,Medium,Male,High,Yes,No,Medium,Postgraduate,Medium,Negative,In Relationship,Public,Medium,64
6555,100,12,65,1,2,1.16,7,4,4,8,19,2.9,Medium,Near,Yes,Low,Male,Medium,Yes,No,Medium,High School,Low,Positive,Single,Private,Medium,67
6556,62,19,86,1,3,0.42000000000000004,8,6,6,7,21,4.2,Medium,Near,Yes,High,Male,Medium,Yes,No,Low,College,Medium,Positive,In Relationship,Public,Medium,65
6557,78,27,55,3,2,2.64,8,8,8,5,20,6.6,Medium,Moderate,Yes,High,Male,Medium,Yes,No,Low,Postgraduate,Medium,Neutral,Single,Public,Medium,69
6558,78,24,95,1,2,1.36,5,4,4,8,20,3.4,Medium,Near,Yes,Low,Male,Medium,Yes,No,Low,College,High,Positive,Single,Private,Medium,69
6559,72,28,60,4,3,1.36,7,5,5,8,21,3.4,Medium,Near,Yes,High,Male,Medium,Yes,No,Medium,Postgraduate,Low,Neutral,In Relationship,Public,Medium,69
6560,83,18,65,3,4,2.32,4,7,7,6,21,5.8,High,Moderate,No,Low,Male,High,Yes,No,Low,College,Medium,Positive,In Relationship,Public,Medium,68
6561,66,28,98,0,3,0.32000000000000006,4,4,4,8,21,3.2,Low,Near,Yes,Medium,Female,Medium,Yes,No,Medium,High School,Medium,Positive,In Relationship,Public,High,67
6562,91,19,58,2,3,1.8399999999999999,6,5,5,8,21,4.6,Low,Moderate,No,Low,Male,Medium,Yes,No,High,College,Medium,Positive,In Relationship,Public,High,68
6563,73,29,63,1,4,0.32000000000000006,7,3,3,8,19,3.2,Low,Far,Yes,Low,Female,High,Yes,No,Medium,Postgraduate,Low,Negative,Single,Public,Medium,65
6564,84,20,79,3,3,1.9600000000000002,6,7,7,6,21,4.9,Medium,Moderate,Yes,Medium,Male,Medium,Yes,No,Medium,College,High,Negative,Single,Public,Medium,69
6565,89,24,99,1,3,0.63,4,7,7,6,21,6.3,Low,Near,No,High,Male,Medium,Yes,No,High,Postgraduate,Medium,Positive,Single,Private,High,73
6566,96,29,85,3,3,1.4800000000000002,8,7,7,6,20,3.7,Medium,Near,No,High,Male,Medium,Yes,No,Low,Postgraduate,High,Neutral,Single,Public,Medium,76
6567,93,19,56,0,3,0.44000000000000006,6,5,5,7,20,4.4,High,Near,Yes,Low,Male,Medium,Yes,No,Medium,College,Medium,Negative,Single,Private,High,69
6568,84,21,87,2,1,1.9600000000000002,8,7,7,6,19,4.9,Low,Far,Yes,High,Female,Low,Yes,No,Low,Postgraduate,High,Positive,Single,Public,Medium,69
6569,76,28,71,3,2,1.6800000000000002,6,7,7,6,22,4.2,Medium,Far,Yes,Low,Female,Medium,Yes,No,Medium,High School,Medium,Positive,Single,Private,Medium,68
6570,80,19,100,1,3,2.04,6,7,7,6,21,5.1,High,Near,Yes,Medium,Male,Medium,Yes,No,Medium,High School,High,Positive,Single,Public,Medium,70
6571,91,12,81,0,4,0.36000000000000004,8,5,5,7,22,3.6,Low,Moderate,Yes,Low,Male,High,Yes,No,Low,High School,Medium,Positive,Single,Public,Low,64
6572,95,33,77,2,3,0.7400000000000001,6,8,8,5,19,7.4,Low,Moderate,Yes,High,Female,Medium,Yes,No,Low,High School,Low,Positive,In Relationship,Private,High,73
6573,64,17,78,1,3,0.24,7,4,4,8,21,2.4,Medium,Near,Yes,Medium,Male,Medium,Yes,No,High,High School,Medium,Positive,In Relationship,Public,Medium,64
6574,75,21,82,1,4,2.2,7,8,8,5,22,5.5,Low,Near,Yes,Medium,Male,High,Yes,No,Medium,High School,Medium,Negative,Single,Public,Medium,65
6575,91,27,87,0,3,3.3200000000000003,5,9,9,5,19,8.3,High,Near,No,Medium,Female,Medium,No,No,Medium,High School,Low,Negative,In Relationship,Public,Medium,69
6576,77,16,54,0,3,2.08,8,7,7,6,19,5.2,Low,Near,Yes,Medium,Male,Medium,No,No,Medium,Postgraduate,Medium,Negative,Single,Public,Medium,62
6577,73,14,57,2,4,1.8800000000000001,6,7,7,5,20,4.7,Medium,Moderate,Yes,Medium,Female,High,Yes,No,High,High School,High,Neutral,Single,Public,Medium,64
6578,76,22,65,0,3,0.42000000000000004,5,5,5,7,20,4.2,High,Far,No,Medium,Female,Medium,Yes,No,Low,High School,Low,Neutral,Single,Public,High,64
6579,84,9,74,5,2,0.4,6,5,5,7,22,4,Medium,Near,No,High,Male,Medium,Yes,No,Medium,High School,Medium,Neutral,Single,Public,Medium,67
6580,100,18,66,3,3,0.22999999999999998,8,4,4,8,22,2.3,Low,Near,Yes,Low,Male,Medium,No,No,High,College,Medium,Negative,In Relationship,Public,Medium,69
6581,80,21,61,2,3,0.31000000000000005,5,5,5,7,22,3.1,Low,Near,Yes,High,Male,Medium,Yes,No,Medium,High School,Medium,Positive,Single,Public,Medium,67
6582,68,18,96,1,3,2.2800000000000002,8,8,8,5,19,5.7,High,Moderate,No,High,Male,Medium,Yes,No,Medium,High School,Low,Neutral,Single,Public,Medium,65
6583,67,11,52,3,3,0.6200000000000001,8,8,8,5,24,6.2,High,Moderate,No,High,Female,Medium,Yes,No,High,College,Medium,Negative,Single,Public,High,63
6584,62,30,97,0,5,0.39,7,5,5,7,21,3.9,Low,Near,Yes,High,Female,High,Yes,No,Medium,College,Low,Neutral,Single,Private,Medium,66
6585,82,21,95,1,3,0.22999999999999998,7,3,3,8,23,2.3,High,Near,No,High,Male,Medium,Yes,No,High,High School,Medium,Negative,In Relationship,Public,Medium,70
6586,82,29,84,1,2,0.65,7,8,8,5,19,6.5,High,Near,No,Low,Male,Medium,Yes,No,Low,High School,Medium,Positive,Single,Private,Medium,70
6587,68,18,52,0,3,0.6400000000000001,8,8,8,5,23,6.4,High,Near,Yes,High,Male,Medium,Yes,No,High,College,High,Positive,Single,Public,High,67
6588,88,15,61,0,4,0.43,6,4,4,8,24,4.3,Medium,Far,Yes,High,Male,High,Yes,Yes,Medium,Postgraduate,Low,Neutral,Single,Public,Medium,65
6589,90,22,99,1,2,0.5,5,5,5,7,20,5,High,Near,No,Low,Female,Medium,Yes,No,Medium,College,Low,Positive,Single,Private,Low,70
6590,70,19,95,0,3,0.32000000000000006,7,3,3,8,19,3.2,Medium,Near,Yes,Medium,Female,Medium,No,No,High,College,Medium,Positive,Single,Private,High,66
6591,74,13,98,1,2,2.2800000000000002,8,7,7,6,19,5.7,High,Near,Yes,High,Male,Medium,Yes,No,High,High School,Medium,Negative,Single,Public,High,66
6592,100,29,100,0,5,2.16,8,7,7,6,20,5.4,Low,Near,Yes,Low,Male,High,Yes,Yes,Low,High School,Medium,Neutral,Single,Private,Medium,72
6593,75,16,53,0,4,1.8,10,7,7,6,20,4.5,Low,Near,Yes,Low,Female,High,Yes,No,High,College,High,Positive,Single,Public,Low,64
6594,90,9,79,4,4,2.8000000000000003,7,9,9,4,19,7,High,Near,Yes,High,Male,High,Yes,No,Low,High School,High,Positive,Single,Public,High,70
6595,78,28,92,1,3,2.72,7,9,9,5,20,6.8,High,Moderate,No,Medium,Female,Medium,Yes,No,Low,Postgraduate,Medium,Positive,In Relationship,Public,High,71
6596,92,17,66,2,3,0.55,7,8,8,5,20,5.5,Medium,Near,No,Low,Male,Medium,Yes,No,Low,High School,Medium,Negative,Complicated,Public,Medium,66
6597,91,16,72,0,2,0.48,6,6,6,7,21,4.8,Medium,Near,Yes,High,Female,Medium,Yes,No,High,Postgraduate,High,Negative,In Relationship,Public,High,70
6598,87,9,64,1,2,0.27,6,4,4,8,22,2.7,Medium,Near,Yes,High,Female,Medium,Yes,No,Medium,High School,Low,Neutral,In Relationship,Public,Medium,64
6599,94,30,52,3,2,1.6,5,7,7,5,21,4,Low,Moderate,No,High,Female,Medium,No,No,Low,Postgraduate,Medium,Neutral,In Relationship,Private,Medium,70
6600,98,12,54,2,3,0.5700000000000001,4,7,7,6,22,5.7,Low,Near,Yes,Medium,Female,Medium,Yes,No,Medium,High School,Medium,Neutral,Single,Private,High,67
6601,83,20,51,2,4,1.6800000000000002,6,7,7,6,20,4.2,Low,Moderate,No,Medium,Female,High,Yes,No,Low,High School,Medium,Neutral,Complicated,Public,Medium,65
6602,69,25,76,1,2,2.72,7,9,9,5,20,6.8,Medium,Near,No,High,Female,Medium,Yes,No,Medium,High School,High,Positive,In Relationship,Public,Medium,68
6603,76,23,81,3,2,0.71,8,9,9,4,21,7.1,Medium,Near,No,Low,Female,Medium,Yes,No,Medium,High School,High,Positive,Single,Public,High,69
6604,90,20,65,3,2,2.84,6,9,9,4,20,7.1,Low,Near,Yes,Low,Female,Medium,Yes,No,Low,Postgraduate,Medium,Negative,Single,Public,Medium,68
6605,86,10,91,2,3,0.21000000000000002,6,3,3,8,22,2.1,High,Far,Yes,Low,Female,Medium,Yes,No,High,High School,High,Positive,Single,Private,Medium,68
6606,67,15,94,0,4,1.32,9,4,4,7,21,3.3,Low,Near,Yes,Medium,Male,High,Yes,No,Medium,Postgraduate,Medium,Positive,In Relationship,Public,Medium,64
